Timestamp,PPoly,PBayse,SNews,OBrent,XOfficial,XParallel,XSpread,MGDP,MCPI,MRes,MDebt
2021-01-01,,,-1.5041570502095645,,380.7000122070313,381.0,0.29998779296869316,22680.693,262.687,41727503547.2316,15.1109687776838
2021-01-02,,,-2.8579788851952967,,380.7000122070313,381.0,0.29998779296869316,22680.693,262.687,41727503547.2316,15.1109687776838
2021-01-03,,,-2.7656701041870986,,380.7000122070313,381.0,0.29998779296869316,22680.693,262.687,41727503547.2316,15.1109687776838
2021-01-04,,,-2.758010865860564,50.37,380.7000122070313,381.0,0.29998779296869316,22680.693,262.687,41727503547.2316,15.1109687776838
2021-01-05,,,-2.6569555307335206,53.16,374.0,381.0,7.0,22680.693,262.687,41727503547.2316,15.1109687776838
2021-01-06,,,-1.9399322002849224,53.8,374.0,381.0,7.0,22680.693,262.687,41727503547.2316,15.1109687776838
2021-01-07,,,-2.285701367015195,53.7,374.0,381.0,7.0,22680.693,262.687,41727503547.2316,15.1109687776838
2021-01-08,,,-1.7514644039580674,55.51,380.7000122070313,381.0,0.29998779296869316,22680.693,262.687,41727503547.2316,15.1109687776838
2021-01-09,,,-2.338128751361614,55.51,380.7000122070313,381.0,0.29998779296869316,22680.693,262.687,41727503547.2316,15.1109687776838
2021-01-10,,,-2.396518759667857,55.51,380.7000122070313,381.0,0.29998779296869316,22680.693,262.687,41727503547.2316,15.1109687776838
2021-01-11,,,-2.437734320749314,54.84,393.8813781738281,381.0,-12.881378173828125,22680.693,262.687,41727503547.2316,15.1109687776838
2021-01-12,,,-2.3087500738797755,55.98,374.0,381.0,7.0,22680.693,262.687,41727503547.2316,15.1109687776838
2021-01-13,,,-1.932736974872168,55.52,375.0,381.0,6.0,22680.693,262.687,41727503547.2316,15.1109687776838
2021-01-14,,,-2.3921503797496126,55.76,375.0,381.0,6.0,22680.693,262.687,41727503547.2316,15.1109687776838
2021-01-15,,,-1.6504939688189748,54.8,375.0,381.0,6.0,22680.693,262.687,41727503547.2316,15.1109687776838
2021-01-16,,,-1.662231335014145,54.8,375.0,381.0,6.0,22680.693,262.687,41727503547.2316,15.1109687776838
2021-01-17,,,-1.8140223633953647,54.8,375.0,381.0,6.0,22680.693,262.687,41727503547.2316,15.1109687776838
2021-01-18,,,-2.705799906424255,54.21,393.7083435058594,381.0,-12.708343505859375,22680.693,262.687,41727503547.2316,15.1109687776838
2021-01-19,,,-2.0940426154385583,55.38,380.7000122070313,381.0,0.29998779296869316,22680.693,262.687,41727503547.2316,15.1109687776838
2021-01-20,,,-2.333229352147872,55.66,375.0,381.0,6.0,22680.693,262.687,41727503547.2316,15.1109687776838
2021-01-21,,,-2.3756495921211447,55.68,374.0,381.0,7.0,22680.693,262.687,41727503547.2316,15.1109687776838
2021-01-22,,,-2.4497596553565284,55.22,375.0,381.0,6.0,22680.693,262.687,41727503547.2316,15.1109687776838
2021-01-23,,,-3.1209865528805376,55.22,375.0,381.0,6.0,22680.693,262.687,41727503547.2316,15.1109687776838
2021-01-24,,,-3.5330198947152702,55.22,375.0,381.0,6.0,22680.693,262.687,41727503547.2316,15.1109687776838
2021-01-25,,,-3.42790762473108,55.44,378.0,381.0,3.0,22680.693,262.687,41727503547.2316,15.1109687776838
2021-01-26,,,-3.2404544431108384,55.26,378.0,381.0,3.0,22680.693,262.687,41727503547.2316,15.1109687776838
2021-01-27,,,-1.8251711513739344,55.07,376.0,381.0,5.0,22680.693,262.687,41727503547.2316,15.1109687776838
2021-01-28,,,-2.4050855417463937,54.87,376.0,381.0,5.0,22680.693,262.687,41727503547.2316,15.1109687776838
2021-01-29,,,-2.5807991482968085,55.25,375.0,381.0,6.0,22680.693,262.687,41727503547.2316,15.1109687776838
2021-01-30,,,-2.3265827580897342,55.25,375.0,381.0,6.0,22680.693,262.687,41727503547.2316,15.1109687776838
2021-01-31,,,-2.2663941077256893,55.25,375.0,381.0,6.0,22680.693,262.687,41727503547.2316,15.1109687776838
2021-02-01,,,-2.3304467389243944,56.42,380.7000122070313,381.0,0.29998779296869316,22680.693,263.579,41727503547.2316,15.1109687776838
2021-02-02,1.4600000000000002e-06,1.4600000000000002e-06,-1.9614428343479688,57.62,375.0,381.0,6.0,22680.693,263.579,41727503547.2316,15.1109687776838
2021-02-03,0.10000127022,0.10000127022,-2.331831615695343,58.61,375.0,381.0,6.0,22680.693,263.579,41727503547.2316,15.1109687776838
2021-02-04,0.20000108044,0.20000108044,-2.382089473947955,58.98,376.0,381.0,5.0,22680.693,263.579,41727503547.2316,15.1109687776838
2021-02-05,0.30000089066,0.30000089066,-2.684404130715208,59.48,375.0,381.0,6.0,22680.693,263.579,41727503547.2316,15.1109687776838
2021-02-06,0.40000070088,0.40000070088,-2.303653278992824,59.48,375.0,381.0,6.0,22680.693,263.579,41727503547.2316,15.1109687776838
2021-02-07,0.5000005111000001,0.5000005111000001,-2.1110836909727624,59.48,375.0,381.0,6.0,22680.693,263.579,41727503547.2316,15.1109687776838
2021-02-08,0.60000032132,0.60000032132,-3.004340382447739,60.17,376.0,381.0,5.0,22680.693,263.579,41727503547.2316,15.1109687776838
2021-02-09,0.7000001315400001,0.7000001315400001,-2.169284865019033,60.74,376.0,381.0,5.0,22680.693,263.579,41727503547.2316,15.1109687776838
2021-02-10,0.7999999417600001,0.7999999417600001,-2.03695830517852,61.17,376.0,381.0,5.0,22680.693,263.579,41727503547.2316,15.1109687776838
2021-02-11,0.8999997519800002,0.8999997519800002,-2.6869414825974776,61.09,376.0,381.0,5.0,22680.693,263.579,41727503547.2316,15.1109687776838
2021-02-12,0.9999995622,0.9999995622,-1.9528682569561169,62.47,375.0,381.0,6.0,22680.693,263.579,41727503547.2316,15.1109687776838
2021-02-13,0.750225981555325,0.750225981555325,-3.3145474299509976,62.47,375.0,381.0,6.0,22680.693,263.579,41727503547.2316,15.1109687776838
2021-02-14,0.50045240091065,0.50045240091065,-3.0945768008914727,62.47,375.0,381.0,6.0,22680.693,263.579,41727503547.2316,15.1109687776838
2021-02-15,0.250678820265975,0.250678820265975,-2.608453860894552,63.58,380.6499938964844,381.0,0.350006103515625,22680.693,263.579,41727503547.2316,15.1109687776838
2021-02-16,0.0009052396213,0.0009052396213,-2.1271923075570407,63.96,380.6499938964844,381.0,0.350006103515625,22680.693,263.579,41727503547.2316,15.1109687776838
2021-02-17,0.00089014238645,0.00089014238645,-2.917125457098135,65.02,376.0,381.0,5.0,22680.693,263.579,41727503547.2316,15.1109687776838
2021-02-18,0.0008750451516,0.0008750451516,-2.9499478620091244,64.09,376.0,381.0,5.0,22680.693,263.579,41727503547.2316,15.1109687776838
2021-02-19,0.00085994791675,0.00085994791675,-2.468028572209776,62.84,375.0,381.0,6.0,22680.693,263.579,41727503547.2316,15.1109687776838
2021-02-20,0.0008448506819,0.0008448506819,-2.5596412760759284,62.84,375.0,381.0,6.0,22680.693,263.579,41727503547.2316,15.1109687776838
2021-02-21,0.00082975344705,0.00082975344705,-3.272288524570296,62.84,375.0,381.0,6.0,22680.693,263.579,41727503547.2316,15.1109687776838
2021-02-22,0.0008146562122,0.0008146562122,-3.005103228224254,64.73,376.0,381.0,5.0,22680.693,263.579,41727503547.2316,15.1109687776838
2021-02-23,0.00079955897735,0.00079955897735,-2.843592033962392,65.16,376.0,381.0,5.0,22680.693,263.579,41727503547.2316,15.1109687776838
2021-02-24,0.0007844617425,0.0007844617425,-2.8137800884360327,66.85,375.0,381.0,6.0,22680.693,263.579,41727503547.2316,15.1109687776838
2021-02-25,0.00076936450765,0.00076936450765,-2.775479076694185,66.69,375.0,381.0,6.0,22680.693,263.579,41727503547.2316,15.1109687776838
2021-02-26,0.0007542672728,0.0007542672728,-3.605115959977292,65.86,380.5799865722656,381.0,0.420013427734375,22680.693,263.579,41727503547.2316,15.1109687776838
2021-02-27,0.00073917003795,0.00073917003795,-3.873173717106961,65.86,380.5799865722656,381.0,0.420013427734375,22680.693,263.579,41727503547.2316,15.1109687776838
2021-02-28,0.0007240728031,0.0007240728031,-2.9624986786972207,65.86,380.5799865722656,381.0,0.420013427734375,22680.693,263.579,41727503547.2316,15.1109687776838
2021-03-01,0.00070897556825,0.00070897556825,-2.777443155296988,64.56,380.5799865722656,381.0,0.420013427734375,22680.693,264.961,41727503547.2316,15.1109687776838
2021-03-02,0.0006938783334,0.0006938783334,-3.484652907926291,63.17,376.0,381.0,5.0,22680.693,264.961,41727503547.2316,15.1109687776838
2021-03-03,0.00067878109855,0.00067878109855,-3.281518899119785,64.7,380.5,381.0,0.5,22680.693,264.961,41727503547.2316,15.1109687776838
2021-03-04,0.0006636838637,0.0006636838637,-2.9605387580260207,67.32,380.5,381.0,0.5,22680.693,264.961,41727503547.2316,15.1109687776838
2021-03-05,0.00064858662885,0.00064858662885,-2.121758554688701,69.95,379.5,381.0,1.5,22680.693,264.961,41727503547.2316,15.1109687776838
2021-03-06,0.000633489394,0.000633489394,-1.7791086284646314,69.95,379.5,381.0,1.5,22680.693,264.961,41727503547.2316,15.1109687776838
2021-03-07,0.00061839215915,0.00061839215915,-2.3104902903708826,69.95,379.5,381.0,1.5,22680.693,264.961,41727503547.2316,15.1109687776838
2021-03-08,0.0006032949243,0.0006032949243,-1.682469394034842,68.0,376.0,381.0,5.0,22680.693,264.961,41727503547.2316,15.1109687776838
2021-03-09,0.00058819768945,0.00058819768945,-4.606735908373524,67.03,380.0,381.0,1.0,22680.693,264.961,41727503547.2316,15.1109687776838
2021-03-10,0.0005731004546,0.0005731004546,-2.72030386466189,67.53,379.5,381.0,1.5,22680.693,264.961,41727503547.2316,15.1109687776838
2021-03-11,0.0005580032197499,0.0005580032197499,-2.0295293302232467,69.34,380.0,381.0,1.0,22680.693,264.961,41727503547.2316,15.1109687776838
2021-03-12,0.0005429059849,0.0005429059849,-2.5967993369541924,68.87,380.5,381.0,0.5,22680.693,264.961,41727503547.2316,15.1109687776838
2021-03-13,0.00052780875005,0.00052780875005,-2.811312891104365,68.87,380.5,381.0,0.5,22680.693,264.961,41727503547.2316,15.1109687776838
2021-03-14,0.0005127115152,0.0005127115152,-2.455367745820799,68.87,380.5,381.0,0.5,22680.693,264.961,41727503547.2316,15.1109687776838
2021-03-15,0.00049761428035,0.00049761428035,-2.8717976329190447,68.78,380.5,381.0,0.5,22680.693,264.961,41727503547.2316,15.1109687776838
2021-03-16,0.0004825170455,0.0004825170455,-2.694543140426059,67.95,380.5,381.0,0.5,22680.693,264.961,41727503547.2316,15.1109687776838
2021-03-17,0.00046741981065,0.00046741981065,-2.2807697377091825,67.73,376.0,381.0,5.0,22680.693,264.961,41727503547.2316,15.1109687776838
2021-03-18,0.0004523225758,0.0004523225758,-2.3792768719553896,62.11,380.58599853515625,381.0,0.41400146484375,22680.693,264.961,41727503547.2316,15.1109687776838
2021-03-19,0.00043722534095,0.00043722534095,-2.459714973356037,64.0,380.0,381.0,1.0,22680.693,264.961,41727503547.2316,15.1109687776838
2021-03-20,0.0004221281061,0.0004221281061,-2.392316733163053,64.0,380.0,381.0,1.0,22680.693,264.961,41727503547.2316,15.1109687776838
2021-03-21,0.00040703087125,0.00040703087125,-2.0291838248274647,64.0,380.0,381.0,1.0,22680.693,264.961,41727503547.2316,15.1109687776838
2021-03-22,0.0003919336364,0.0003919336364,-3.960270249113624,63.89,380.0,381.0,1.0,22680.693,264.961,41727503547.2316,15.1109687776838
2021-03-23,0.00037683640155,0.00037683640155,-2.665896012073115,59.96,378.0,381.0,3.0,22680.693,264.961,41727503547.2316,15.1109687776838
2021-03-24,0.0003617391666999,0.0003617391666999,-1.920137492190756,63.7,379.0,381.0,2.0,22680.693,264.961,41727503547.2316,15.1109687776838
2021-03-25,0.00034664193185,0.00034664193185,-2.3117428720522355,61.21,380.0,381.0,1.0,22680.693,264.961,41727503547.2316,15.1109687776838
2021-03-26,0.000331544697,0.000331544697,-1.55781377505075,63.77,380.5,381.0,0.5,22680.693,264.961,41727503547.2316,15.1109687776838
2021-03-27,0.00031644746215,0.00031644746215,-1.927856535939649,63.77,380.5,381.0,0.5,22680.693,264.961,41727503547.2316,15.1109687776838
2021-03-28,0.0003013502273,0.0003013502273,-1.4025560376221913,63.77,380.5,381.0,0.5,22680.693,264.961,41727503547.2316,15.1109687776838
2021-03-29,0.0002862529924499,0.0002862529924499,-1.5812332937515796,64.06,380.5499877929688,381.0,0.45001220703119316,22680.693,264.961,41727503547.2316,15.1109687776838
2021-03-30,0.0002711557576,0.0002711557576,-1.460509292348522,63.28,379.5,381.0,1.5,22680.693,264.961,41727503547.2316,15.1109687776838
2021-03-31,0.00025605852275,0.00025605852275,-1.7260422052279405,63.52,380.0,381.0,1.0,22680.693,264.961,41727503547.2316,15.1109687776838
2021-04-01,0.0002409612879,0.0002409612879,-2.3373873883421004,63.85,381.0,381.0,0.0,23425.91,266.614,41727503547.2316,15.1109687776838
2021-04-02,0.00022586405305,0.00022586405305,-2.136778133404204,63.85,380.5,381.0,0.5,23425.91,266.614,41727503547.2316,15.1109687776838
2021-04-03,0.0002107668181999,0.0002107668181999,-2.107708782971799,63.85,380.5,381.0,0.5,23425.91,266.614,41727503547.2316,15.1109687776838
2021-04-04,0.00019566958335,0.00019566958335,-2.0834014640511564,63.85,380.5,381.0,0.5,23425.91,266.614,41727503547.2316,15.1109687776838
2021-04-05,0.0001805723484999,0.0001805723484999,-2.7547341921186512,63.85,380.5,381.0,0.5,23425.91,266.614,41727503547.2316,15.1109687776838
2021-04-06,0.00016547511365,0.00016547511365,-2.6694031691620457,61.47,408.8599853515625,381.0,-27.8599853515625,23425.91,266.614,41727503547.2316,15.1109687776838
2021-04-07,0.0001503778788,0.0001503778788,-2.240653781192592,61.86,380.75,381.0,0.25,23425.91,266.614,41727503547.2316,15.1109687776838
2021-04-08,0.0001352806439499,0.0001352806439499,-2.3622323220193944,62.09,380.5499877929688,381.0,0.45001220703119316,23425.91,266.614,41727503547.2316,15.1109687776838
2021-04-09,0.0001201834091,0.0001201834091,-2.7570907267855453,61.89,380.5499877929688,381.0,0.45001220703119316,23425.91,266.614,41727503547.2316,15.1109687776838
2021-04-10,0.0001050861742499,0.0001050861742499,-2.4240791780593858,61.89,380.5499877929688,381.0,0.45001220703119316,23425.91,266.614,41727503547.2316,15.1109687776838
2021-04-11,8.99889394e-05,8.99889394e-05,-2.2902441063298715,61.89,380.5499877929688,381.0,0.45001220703119316,23425.91,266.614,41727503547.2316,15.1109687776838
2021-04-12,7.489170455000005e-05,7.489170455000005e-05,-2.147069535422676,62.38,380.5499877929688,381.0,0.45001220703119316,23425.91,266.614,41727503547.2316,15.1109687776838
2021-04-13,5.979446969999998e-05,5.979446969999998e-05,-2.0985775542714564,62.83,380.0,381.0,1.0,23425.91,266.614,41727503547.2316,15.1109687776838
2021-04-14,4.4697234850000025e-05,4.4697234850000025e-05,-2.5658051557892554,66.11,381.5,381.0,-0.5,23425.91,266.614,41727503547.2316,15.1109687776838
2021-04-15,2.96e-05,2.96e-05,-2.1705352828712394,66.13,380.0,381.0,1.0,23425.91,266.614,41727503547.2316,15.1109687776838
2021-04-16,0.0118027818538813,0.0118027818538813,-2.2917674773617565,65.98,380.5,381.0,0.5,23425.91,266.614,41727503547.2316,15.1109687776838
2021-04-17,0.0235759637077626,0.0235759637077626,-2.111535797086081,65.98,380.5,381.0,0.5,23425.91,266.614,41727503547.2316,15.1109687776838
2021-04-18,0.035349145561644,0.035349145561644,-2.252685977524541,65.98,380.5,381.0,0.5,23425.91,266.614,41727503547.2316,15.1109687776838
2021-04-19,0.0471223274155253,0.0471223274155253,-2.7614930070620978,66.54,410.5299987792969,381.0,-29.529998779296875,23425.91,266.614,41727503547.2316,15.1109687776838
2021-04-20,0.0588955092694066,0.0588955092694066,-2.4775315582370245,65.34,379.5,381.0,1.5,23425.91,266.614,41727503547.2316,15.1109687776838
2021-04-21,0.070668691123288,0.070668691123288,-2.5469847545765685,64.02,380.5,381.0,0.5,23425.91,266.614,41727503547.2316,15.1109687776838
2021-04-22,0.0824418729771693,0.0824418729771693,-2.527908430442387,65.07,380.0,381.0,1.0,23425.91,266.614,41727503547.2316,15.1109687776838
2021-04-23,0.0942150548310506,0.0942150548310506,-3.0332239397147687,65.75,378.0,381.0,3.0,23425.91,266.614,41727503547.2316,15.1109687776838
2021-04-24,0.105988236684932,0.105988236684932,-3.892601576298542,65.75,378.0,381.0,3.0,23425.91,266.614,41727503547.2316,15.1109687776838
2021-04-25,0.1177614185388133,0.1177614185388133,-3.834377024546314,65.75,378.0,381.0,3.0,23425.91,266.614,41727503547.2316,15.1109687776838
2021-04-26,0.1295346003926946,0.1295346003926946,-3.795174628289129,65.5,380.5499877929688,381.0,0.45001220703119316,23425.91,266.614,41727503547.2316,15.1109687776838
2021-04-27,0.141307782246576,0.141307782246576,-3.74710059811118,66.25,380.5,381.0,0.5,23425.91,266.614,41727503547.2316,15.1109687776838
2021-04-28,0.1530809641004573,0.1530809641004573,-3.161539422986251,67.08,379.0,381.0,2.0,23425.91,266.614,41727503547.2316,15.1109687776838
2021-04-29,0.1648541459543386,0.1648541459543386,-2.820282259559607,68.26,376.0,381.0,5.0,23425.91,266.614,41727503547.2316,15.1109687776838
2021-04-30,0.17662732780822,0.17662732780822,-2.675707853213112,67.73,380.5,381.0,0.5,23425.91,266.614,41727503547.2316,15.1109687776838
2021-05-01,0.1884005096621013,0.1884005096621013,-2.8434603861596424,67.73,380.5,410.0,29.5,23425.91,268.383,41727503547.2316,15.1109687776838
2021-05-02,0.2001736915159826,0.2001736915159826,-3.09002278855087,67.73,380.5,410.0,29.5,23425.91,268.383,41727503547.2316,15.1109687776838
2021-05-03,0.211946873369864,0.211946873369864,-2.9541340861747747,67.73,410.2900085449219,410.0,-0.290008544921875,23425.91,268.383,41727503547.2316,15.1109687776838
2021-05-04,0.2237200552237453,0.2237200552237453,-3.106816402278639,68.91,380.0,410.0,30.0,23425.91,268.383,41727503547.2316,15.1109687776838
2021-05-05,0.2354932370776266,0.2354932370776266,-2.848336924749816,69.71,380.0,410.0,30.0,23425.91,268.383,41727503547.2316,15.1109687776838
2021-05-06,0.247266418931508,0.247266418931508,-2.086386564520448,68.62,380.0,410.0,30.0,23425.91,268.383,41727503547.2316,15.1109687776838
2021-05-07,0.2590396007853894,0.2590396007853894,-2.40626238595446,68.73,380.5,410.0,29.5,23425.91,268.383,41727503547.2316,15.1109687776838
2021-05-08,0.2708127826392707,0.2708127826392707,-3.536061503837839,68.73,380.5,410.0,29.5,23425.91,268.383,41727503547.2316,15.1109687776838
2021-05-09,0.282585964493152,0.282585964493152,-3.1543915221799974,68.73,380.5,410.0,29.5,23425.91,268.383,41727503547.2316,15.1109687776838
2021-05-10,0.2943591463470333,0.2943591463470333,-3.0001462351734025,68.61,380.0,410.0,30.0,23425.91,268.383,41727503547.2316,15.1109687776838
2021-05-11,0.3061323282009147,0.3061323282009147,-2.5085577065418883,68.83,380.0,410.0,30.0,23425.91,268.383,41727503547.2316,15.1109687776838
2021-05-12,0.317905510054796,0.317905510054796,-1.725981477513672,69.62,380.0,410.0,30.0,23425.91,268.383,41727503547.2316,15.1109687776838
2021-05-13,1.15e-07,1.15e-07,-1.6356031765940602,67.36,408.1600036621094,410.0,1.839996337890625,23425.91,268.383,41727503547.2316,15.1109687776838
2021-05-14,1.15e-07,1.15e-07,-1.8792312154666475,69.24,376.0,410.0,34.0,23425.91,268.383,41727503547.2316,15.1109687776838
2021-05-15,1.15e-07,1.15e-07,-2.4998655813394186,69.24,376.0,410.0,34.0,23425.91,268.383,41727503547.2316,15.1109687776838
2021-05-16,1.15e-07,1.15e-07,-2.5074927624758634,69.24,376.0,410.0,34.0,23425.91,268.383,41727503547.2316,15.1109687776838
2021-05-17,1.15e-07,1.15e-07,-2.9090998502648007,69.62,412.5,410.0,-2.5,23425.91,268.383,41727503547.2316,15.1109687776838
2021-05-18,2.83e-07,2.83e-07,-2.683031622322873,69.01,410.0,410.0,0.0,23425.91,268.383,41727503547.2316,15.1109687776838
2021-05-19,2.645e-07,2.645e-07,-2.8758851365710933,66.88,410.0,410.0,0.0,23425.91,268.383,41727503547.2316,15.1109687776838
2021-05-20,2.46e-07,2.46e-07,-2.228388840453884,65.18,412.0,410.0,-2.0,23425.91,268.383,41727503547.2316,15.1109687776838
2021-05-21,0.0454547501227272,0.0454547501227272,-2.3125297143706947,66.72,412.0,410.0,-2.0,23425.91,268.383,41727503547.2316,15.1109687776838
2021-05-22,0.0909092542454545,0.0909092542454545,-3.043428040760749,66.72,412.0,410.0,-2.0,23425.91,268.383,41727503547.2316,15.1109687776838
2021-05-23,0.1363637583681818,0.1363637583681818,-2.5658547671390006,66.72,412.0,410.0,-2.0,23425.91,268.383,41727503547.2316,15.1109687776838
2021-05-24,0.181818262490909,0.181818262490909,-2.6755019519265444,68.59,412.2000122070313,410.0,-2.200012207031307,23425.91,268.383,41727503547.2316,15.1109687776838
2021-05-25,0.2272727666136363,0.2272727666136363,-2.8643594014971514,68.8,410.0,410.0,0.0,23425.91,268.383,41727503547.2316,15.1109687776838
2021-05-26,0.2727272707363635,0.2727272707363635,-1.986817014649389,68.93,409.0,410.0,1.0,23425.91,268.383,41727503547.2316,15.1109687776838
2021-05-27,0.3181817748590908,0.3181817748590908,-2.3202760175454777,69.43,409.0,410.0,1.0,23425.91,268.383,41727503547.2316,15.1109687776838
2021-05-28,0.3636362789818181,0.3636362789818181,-2.0548687103752923,69.36,410.0,410.0,0.0,23425.91,268.383,41727503547.2316,15.1109687776838
2021-05-29,0.4090907831045454,0.4090907831045454,-2.479744389446912,69.36,410.0,410.0,0.0,23425.91,268.383,41727503547.2316,15.1109687776838
2021-05-30,0.4545452872272726,0.4545452872272726,-3.380294122913088,69.36,410.0,410.0,0.0,23425.91,268.383,41727503547.2316,15.1109687776838
2021-05-31,0.4999997913499999,0.4999997913499999,-3.7463009504261993,69.36,412.5,410.0,-2.5,23425.91,268.383,41727503547.2316,15.1109687776838
2021-06-01,0.5454542954727272,0.5454542954727272,-3.138198337200385,70.03,412.5,410.15,-2.3500000000000227,23425.91,270.654,41727503547.2316,15.1109687776838
2021-06-02,0.5909087995954545,0.5909087995954545,-3.356565137573769,70.6,412.0,410.15,-1.8500000000000227,23425.91,270.654,41727503547.2316,15.1109687776838
2021-06-03,0.6363633037181817,0.6363633037181817,-3.2619177273896995,70.71,412.5,410.15,-2.3500000000000227,23425.91,270.654,41727503547.2316,15.1109687776838
2021-06-04,0.6818178078409091,0.6818178078409091,-2.8340180903242658,71.3,412.0,410.15,-1.8500000000000227,23425.91,270.654,41727503547.2316,15.1109687776838
2021-06-05,0.7272723119636363,0.7272723119636363,-3.67137103717826,71.3,412.0,410.15,-1.8500000000000227,23425.91,270.654,41727503547.2316,15.1109687776838
2021-06-06,0.7727268160863635,0.7727268160863635,-3.8166124259407295,71.3,412.0,410.15,-1.8500000000000227,23425.91,270.654,41727503547.2316,15.1109687776838
2021-06-07,0.8181813202090908,0.8181813202090908,-3.351555780728257,70.89,412.0499877929688,410.15,-1.8999877929688296,23425.91,270.654,41727503547.2316,15.1109687776838
2021-06-08,0.8636358243318181,0.8636358243318181,-2.7974180911926902,71.39,412.0400085449219,410.15,-1.8900085449218977,23425.91,270.654,41727503547.2316,15.1109687776838
2021-06-09,0.9090903284545454,0.9090903284545454,-2.9375079011845786,71.31,411.5,410.15,-1.3500000000000227,23425.91,270.654,41727503547.2316,15.1109687776838
2021-06-10,0.9545448325772726,0.9545448325772726,-2.570955603426361,71.65,412.0400085449219,410.15,-1.8900085449218977,23425.91,270.654,41727503547.2316,15.1109687776838
2021-06-11,0.9999993367,0.9999993367,-2.7445465038351533,72.05,411.5,410.15,-1.3500000000000227,23425.91,270.654,41727503547.2316,15.1109687776838
2021-06-12,0.9090903130272726,0.9090903130272726,-3.520418615964878,72.05,411.5,410.15,-1.3500000000000227,23425.91,270.654,41727503547.2316,15.1109687776838
2021-06-13,0.8181812893545454,0.8181812893545454,-2.583137316533447,72.05,411.5,410.15,-1.3500000000000227,23425.91,270.654,41727503547.2316,15.1109687776838
2021-06-14,0.727272265681818,0.727272265681818,-2.4144696082582104,72.27,411.5,410.15,-1.3500000000000227,23425.91,270.654,41727503547.2316,15.1109687776838
2021-06-15,0.6363632420090908,0.6363632420090908,-2.684602862208018,73.38,412.0,410.15,-1.8500000000000227,23425.91,270.654,41727503547.2316,15.1109687776838
2021-06-16,0.5454542183363635,0.5454542183363635,-2.613703279766449,73.88,412.0,410.15,-1.8500000000000227,23425.91,270.654,41727503547.2316,15.1109687776838
2021-06-17,0.4545451946636363,0.4545451946636363,-2.5098622212797768,72.92,410.0,410.15,0.14999999999997726,23425.91,270.654,41727503547.2316,15.1109687776838
2021-06-18,0.363636170990909,0.363636170990909,-2.780684133319584,73.1,409.5,410.15,0.6499999999999773,23425.91,270.654,41727503547.2316,15.1109687776838
2021-06-19,0.2727271473181818,0.2727271473181818,-1.8917872020809352,73.1,409.5,410.15,0.6499999999999773,23425.91,270.654,41727503547.2316,15.1109687776838
2021-06-20,0.1818181236454545,0.1818181236454545,-2.520576271737844,73.1,409.5,410.15,0.6499999999999773,23425.91,270.654,41727503547.2316,15.1109687776838
2021-06-21,0.0909090999727273,0.0909090999727273,-2.43996428762855,74.49,410.0,410.15,0.14999999999997726,23425.91,270.654,41727503547.2316,15.1109687776838
2021-06-22,7.63e-08,7.63e-08,-2.7037225310739474,74.92,410.5,410.15,-0.35000000000002274,23425.91,270.654,41727503547.2316,15.1109687776838
2021-06-23,7.842954545454547e-08,7.842954545454547e-08,-2.618296010477146,75.22,410.0,410.15,0.14999999999997726,23425.91,270.654,41727503547.2316,15.1109687776838
2021-06-24,8.05590909090909e-08,8.05590909090909e-08,-2.57480464045668,75.95,411.0,410.15,-0.8500000000000227,23425.91,270.654,41727503547.2316,15.1109687776838
2021-06-25,8.268863636363636e-08,8.268863636363636e-08,-1.921509128726017,76.45,410.0,410.15,0.14999999999997726,23425.91,270.654,41727503547.2316,15.1109687776838
2021-06-26,8.481818181818182e-08,8.481818181818182e-08,-2.33590350781282,76.45,410.0,410.15,0.14999999999997726,23425.91,270.654,41727503547.2316,15.1109687776838
2021-06-27,8.694772727272729e-08,8.694772727272729e-08,-1.8945301756460768,76.45,410.0,410.15,0.14999999999997726,23425.91,270.654,41727503547.2316,15.1109687776838
2021-06-28,8.907727272727272e-08,8.907727272727272e-08,-1.8752169972501933,74.78,409.6799926757813,410.15,0.4700073242186704,23425.91,270.654,41727503547.2316,15.1109687776838
2021-06-29,9.120681818181818e-08,9.120681818181818e-08,-2.308042854155292,75.38,410.0,410.15,0.14999999999997726,23425.91,270.654,41727503547.2316,15.1109687776838
2021-06-30,9.333636363636365e-08,9.333636363636365e-08,-2.271631347649035,76.94,411.0,410.15,-0.8500000000000227,23425.91,270.654,41727503547.2316,15.1109687776838
2021-07-01,9.546590909090909e-08,9.546590909090909e-08,-2.422760464029489,76.69,411.0,410.1,-0.8999999999999773,23982.379,271.903,41727503547.2316,15.1109687776838
2021-07-02,9.759545454545454e-08,9.759545454545454e-08,-2.569438220931368,77.51,409.0,410.1,1.1000000000000227,23982.379,271.903,41727503547.2316,15.1109687776838
2021-07-03,9.9725e-08,9.9725e-08,-2.887799155699573,77.51,409.0,410.1,1.1000000000000227,23982.379,271.903,41727503547.2316,15.1109687776838
2021-07-04,1.0185454545454549e-07,1.0185454545454549e-07,-2.168539811090907,77.51,409.0,410.1,1.1000000000000227,23982.379,271.903,41727503547.2316,15.1109687776838
2021-07-05,1.039840909090909e-07,1.039840909090909e-07,-2.960136373228707,78.34,411.0,410.1,-0.8999999999999773,23982.379,271.903,41727503547.2316,15.1109687776838
2021-07-06,1.0611363636363636e-07,1.0611363636363636e-07,-2.6583251752487937,75.81,410.9599914550781,410.1,-0.8599914550781023,23982.379,271.903,41727503547.2316,15.1109687776838
2021-07-07,1.0824318181818185e-07,1.0824318181818185e-07,-2.3931703871702528,74.31,411.0,410.1,-0.8999999999999773,23982.379,271.903,41727503547.2316,15.1109687776838
2021-07-08,1.1037272727272729e-07,1.1037272727272729e-07,-2.5995536535428734,75.07,411.0,410.1,-0.8999999999999773,23982.379,271.903,41727503547.2316,15.1109687776838
2021-07-09,1.1250227272727272e-07,1.1250227272727272e-07,-2.428450686291451,77.14,410.0,410.1,0.10000000000002274,23982.379,271.903,41727503547.2316,15.1109687776838
2021-07-10,1.146318181818182e-07,1.146318181818182e-07,-2.291209190947867,77.14,410.0,410.1,0.10000000000002274,23982.379,271.903,41727503547.2316,15.1109687776838
2021-07-11,1.1676136363636365e-07,1.1676136363636365e-07,-1.7674788896030889,77.14,410.0,410.1,0.10000000000002274,23982.379,271.903,41727503547.2316,15.1109687776838
2021-07-12,1.188909090909091e-07,1.188909090909091e-07,-1.91718641762692,76.77,411.0,410.1,-0.8999999999999773,23982.379,271.903,41727503547.2316,15.1109687776838
2021-07-13,1.2102045454545458e-07,1.2102045454545458e-07,-2.1000891253038128,77.5,410.0,410.1,0.10000000000002274,23982.379,271.903,41727503547.2316,15.1109687776838
2021-07-14,1.2315e-07,1.2315e-07,-2.419334482520046,75.74,410.5,410.1,-0.39999999999997726,23982.379,271.903,41727503547.2316,15.1109687776838
2021-07-15,1.2527954545454545e-07,1.2527954545454545e-07,-2.3569787815840737,74.53,410.5,410.1,-0.39999999999997726,23982.379,271.903,41727503547.2316,15.1109687776838
2021-07-16,1.274090909090909e-07,1.274090909090909e-07,-2.3876470459902808,74.46,410.5,410.1,-0.39999999999997726,23982.379,271.903,41727503547.2316,15.1109687776838
2021-07-17,1.2953863636363636e-07,1.2953863636363636e-07,-3.0528312203187338,74.46,410.5,410.1,-0.39999999999997726,23982.379,271.903,41727503547.2316,15.1109687776838
2021-07-18,1.3166818181818182e-07,1.3166818181818182e-07,-2.2120290448775406,74.46,410.5,410.1,-0.39999999999997726,23982.379,271.903,41727503547.2316,15.1109687776838
2021-07-19,1.3379772727272728e-07,1.3379772727272728e-07,-2.088373033272408,69.33,411.0,410.1,-0.8999999999999773,23982.379,271.903,41727503547.2316,15.1109687776838
2021-07-20,1.3592727272727276e-07,1.3592727272727276e-07,-1.4283588021907658,70.03,410.2799987792969,410.1,-0.17999877929685226,23982.379,271.903,41727503547.2316,15.1109687776838
2021-07-21,1.3805681818181817e-07,1.3805681818181817e-07,-1.926280823461588,72.54,410.5,410.1,-0.39999999999997726,23982.379,271.903,41727503547.2316,15.1109687776838
2021-07-22,1.4018636363636365e-07,1.4018636363636365e-07,-2.4870967515299847,74.25,410.5,410.1,-0.39999999999997726,23982.379,271.903,41727503547.2316,15.1109687776838
2021-07-23,1.4231590909090908e-07,1.4231590909090908e-07,-2.368888388603067,74.86,410.5,410.1,-0.39999999999997726,23982.379,271.903,41727503547.2316,15.1109687776838
2021-07-24,1.4444545454545454e-07,1.4444545454545454e-07,-2.5033366226085336,74.86,410.5,410.1,-0.39999999999997726,23982.379,271.903,41727503547.2316,15.1109687776838
2021-07-25,1.46575e-07,1.46575e-07,-2.914762403685893,74.86,410.5,410.1,-0.39999999999997726,23982.379,271.903,41727503547.2316,15.1109687776838
2021-07-26,1.4870454545454549e-07,1.4870454545454549e-07,-3.0517252844599096,74.79,410.7300109863281,410.1,-0.6300109863281023,23982.379,271.903,41727503547.2316,15.1109687776838
2021-07-27,1.5083409090909094e-07,1.5083409090909094e-07,-3.000344192758287,74.87,411.0,410.1,-0.8999999999999773,23982.379,271.903,41727503547.2316,15.1109687776838
2021-07-28,1.5296363636363637e-07,1.5296363636363637e-07,-2.168023025830101,75.09,411.0,410.1,-0.8999999999999773,23982.379,271.903,41727503547.2316,15.1109687776838
2021-07-29,1.5509318181818189e-07,1.5509318181818189e-07,-2.1970798482324945,76.3,411.0,410.1,-0.8999999999999773,23982.379,271.903,41727503547.2316,15.1109687776838
2021-07-30,1.5722272727272726e-07,1.5722272727272726e-07,-2.029177788498838,77.72,411.0700073242188,410.1,-0.9700073242187841,23982.379,271.903,41727503547.2316,15.1109687776838
2021-07-31,1.5935227272727272e-07,1.5935227272727272e-07,-1.7904439203872822,77.72,411.0700073242188,410.1,-0.9700073242187841,23982.379,271.903,41727503547.2316,15.1109687776838
2021-08-01,1.6148181818181818e-07,1.6148181818181818e-07,-2.41649842716032,77.72,411.0700073242188,411.0,-0.07000732421880684,23982.379,272.676,41727503547.2316,15.1109687776838
2021-08-02,1.636113636363636e-07,1.636113636363636e-07,-2.337435727093889,73.91,410.9700012207031,411.0,0.029998779296875,23982.379,272.676,41727503547.2316,15.1109687776838
2021-08-03,1.657409090909091e-07,1.657409090909091e-07,-2.495232332668477,73.24,411.0,411.0,0.0,23982.379,272.676,41727503547.2316,15.1109687776838
2021-08-04,1.6787045454545453e-07,1.6787045454545453e-07,-2.5147919211200414,70.99,411.0,411.0,0.0,23982.379,272.676,41727503547.2316,15.1109687776838
2021-08-05,1.7e-07,1.7e-07,-2.5392390194291417,72.14,410.5,411.0,0.5,23982.379,272.676,41727503547.2316,15.1109687776838
2021-08-06,0.0909092251181818,0.0909092251181818,-2.533957190367446,71.02,411.0,411.0,0.0,23982.379,272.676,41727503547.2316,15.1109687776838
2021-08-07,0.1818182802363636,0.1818182802363636,-1.9591482391736856,71.02,411.0,411.0,0.0,23982.379,272.676,41727503547.2316,15.1109687776838
2021-08-08,0.2727273353545454,0.2727273353545454,-2.4822061850587067,71.02,411.0,411.0,0.0,23982.379,272.676,41727503547.2316,15.1109687776838
2021-08-09,0.3636363904727273,0.3636363904727273,-1.7691493951290935,69.65,411.0,411.0,0.0,23982.379,272.676,41727503547.2316,15.1109687776838
2021-08-10,0.4545454455909091,0.4545454455909091,-1.6901762490448775,71.14,410.9200134277344,411.0,0.079986572265625,23982.379,272.676,41727503547.2316,15.1109687776838
2021-08-11,0.5454545007090909,0.5454545007090909,-2.011264176078879,71.99,411.0899963378906,411.0,-0.089996337890625,23982.379,272.676,41727503547.2316,15.1109687776838
2021-08-12,0.6363635558272727,0.6363635558272727,-2.178815496775243,71.79,411.0799865722656,411.0,-0.079986572265625,23982.379,272.676,41727503547.2316,15.1109687776838
2021-08-13,0.7272726109454545,0.7272726109454545,-1.5697877631578037,70.9,411.0,411.0,0.0,23982.379,272.676,41727503547.2316,15.1109687776838
2021-08-14,0.8181816660636363,0.8181816660636363,-2.3308302055353654,70.9,411.0,411.0,0.0,23982.379,272.676,41727503547.2316,15.1109687776838
2021-08-15,0.909090721181818,0.909090721181818,-2.182839996486775,70.9,411.0,411.0,0.0,23982.379,272.676,41727503547.2316,15.1109687776838
2021-08-16,0.9999997763,0.9999997763,-3.199633596022784,70.07,411.0,411.0,0.0,23982.379,272.676,41727503547.2316,15.1109687776838
2021-08-17,0.9999997794859647,0.9999997794859647,-2.418153604673176,69.4,411.25,411.0,-0.25,23982.379,272.676,41727503547.2316,15.1109687776838
2021-08-18,0.9999997826719298,0.9999997826719298,-1.8990125904924595,68.61,411.2000122070313,411.0,-0.20001220703130684,23982.379,272.676,41727503547.2316,15.1109687776838
2021-08-19,0.9999997858578946,0.9999997858578946,-2.539592499007752,66.8,411.3999938964844,411.0,-0.399993896484375,23982.379,272.676,41727503547.2316,15.1109687776838
2021-08-20,0.9999997890438596,0.9999997890438596,-2.0986196617126884,65.51,411.2999877929688,411.0,-0.29998779296880684,23982.379,272.676,41727503547.2316,15.1109687776838
2021-08-21,0.9999997922298244,0.9999997922298244,-2.063488785671101,65.51,411.2999877929688,411.0,-0.29998779296880684,23982.379,272.676,41727503547.2316,15.1109687776838
2021-08-22,0.9999997954157894,0.9999997954157894,-1.9656198354393928,65.51,411.2999877929688,411.0,-0.29998779296880684,23982.379,272.676,41727503547.2316,15.1109687776838
2021-08-23,0.9999997986017544,0.9999997986017544,-2.296516562442413,69.07,411.2000122070313,411.0,-0.20001220703130684,23982.379,272.676,41727503547.2316,15.1109687776838
2021-08-24,0.9999998017877192,0.9999998017877192,-2.670659014549696,71.21,411.0499877929688,411.0,-0.04998779296880684,23982.379,272.676,41727503547.2316,15.1109687776838
2021-08-25,0.999999804973684,0.999999804973684,-2.6155199013150847,72.12,411.0899963378906,411.0,-0.089996337890625,23982.379,272.676,41727503547.2316,15.1109687776838
2021-08-26,0.9999998081596492,0.9999998081596492,-2.92260161062445,70.42,411.0499877929688,411.0,-0.04998779296880684,23982.379,272.676,41727503547.2316,15.1109687776838
2021-08-27,0.999999811345614,0.999999811345614,-1.9848218852597552,72.26,411.0,411.0,0.0,23982.379,272.676,41727503547.2316,15.1109687776838
2021-08-28,0.9999998145315788,0.9999998145315788,-1.9397159741426857,72.26,411.0,411.0,0.0,23982.379,272.676,41727503547.2316,15.1109687776838
2021-08-29,0.9999998177175438,0.9999998177175438,-1.9312057910097624,72.26,411.0,411.0,0.0,23982.379,272.676,41727503547.2316,15.1109687776838
2021-08-30,0.9999998209035088,0.9999998209035088,-2.6283592726244804,72.26,411.0,411.0,0.0,23982.379,272.676,41727503547.2316,15.1109687776838
2021-08-31,0.9999998240894736,0.9999998240894736,-2.2588976520171924,73.45,411.0,411.0,0.0,23982.379,272.676,41727503547.2316,15.1109687776838
2021-09-01,0.9999998272754386,0.9999998272754386,-1.8836775807633188,71.99,411.0,411.0,0.0,23982.379,273.91,41727503547.2316,15.1109687776838
2021-09-02,0.9999998304614034,0.9999998304614034,-2.528932021475991,73.56,411.0,411.0,0.0,23982.379,273.91,41727503547.2316,15.1109687776838
2021-09-03,0.9999998336473684,0.9999998336473684,-1.7828917000554152,73.07,411.0,411.0,0.0,23982.379,273.91,41727503547.2316,15.1109687776838
2021-09-04,0.9999998368333332,0.9999998368333332,-2.2497740513883486,73.07,411.0,411.0,0.0,23982.379,273.91,41727503547.2316,15.1109687776838
2021-09-05,0.9999998400192982,0.9999998400192982,-1.859712036598332,73.07,411.0,411.0,0.0,23982.379,273.91,41727503547.2316,15.1109687776838
2021-09-06,0.9999998432052633,0.9999998432052633,-2.0716360356940275,72.43,411.0199890136719,411.0,-0.019989013671875,23982.379,273.91,41727503547.2316,15.1109687776838
2021-09-07,0.999999846391228,0.999999846391228,-1.696008809767395,71.52,411.0199890136719,411.0,-0.019989013671875,23982.379,273.91,41727503547.2316,15.1109687776838
2021-09-08,0.9999998495771928,0.9999998495771928,-2.031596836464663,72.36,411.0,411.0,0.0,23982.379,273.91,41727503547.2316,15.1109687776838
2021-09-09,0.9999998527631578,0.9999998527631578,-1.8104505697414472,71.32,410.7999877929688,411.0,0.20001220703119316,23982.379,273.91,41727503547.2316,15.1109687776838
2021-09-10,0.9999998559491228,0.9999998559491228,-1.913380408579627,72.44,410.8999938964844,411.0,0.100006103515625,23982.379,273.91,41727503547.2316,15.1109687776838
2021-09-11,0.9999998591350876,0.9999998591350876,-1.7793956392492665,72.44,410.8999938964844,411.0,0.100006103515625,23982.379,273.91,41727503547.2316,15.1109687776838
2021-09-12,0.9999998623210524,0.9999998623210524,-1.4273004403387126,72.44,410.8999938964844,411.0,0.100006103515625,23982.379,273.91,41727503547.2316,15.1109687776838
2021-09-13,0.9999998655070176,0.9999998655070176,-2.785031562062836,72.97,410.9299926757813,411.0,0.07000732421869316,23982.379,273.91,41727503547.2316,15.1109687776838
2021-09-14,0.9999998686929824,0.9999998686929824,-2.828126664305163,73.05,411.0,411.0,0.0,23982.379,273.91,41727503547.2316,15.1109687776838
2021-09-15,0.9999998718789472,0.9999998718789472,-2.217753974228601,74.84,411.0,411.0,0.0,23982.379,273.91,41727503547.2316,15.1109687776838
2021-09-16,0.9999998750649122,0.9999998750649122,-2.5241206871882653,75.14,410.9700012207031,411.0,0.029998779296875,23982.379,273.91,41727503547.2316,15.1109687776838
2021-09-17,0.9999998782508772,0.9999998782508772,-2.0055861769442145,74.64,411.4200134277344,411.0,-0.420013427734375,23982.379,273.91,41727503547.2316,15.1109687776838
2021-09-18,0.999999881436842,0.999999881436842,-2.3041036830654664,74.64,411.4200134277344,411.0,-0.420013427734375,23982.379,273.91,41727503547.2316,15.1109687776838
2021-09-19,0.999999884622807,0.999999884622807,-2.221491001119161,74.64,411.4200134277344,411.0,-0.420013427734375,23982.379,273.91,41727503547.2316,15.1109687776838
2021-09-20,0.999999887808772,0.999999887808772,-2.021471242752651,73.59,411.2300109863281,411.0,-0.230010986328125,23982.379,273.91,41727503547.2316,15.1109687776838
2021-09-21,0.9999998909947369,0.9999998909947369,-2.009272931502326,73.65,411.3500061035156,411.0,-0.350006103515625,23982.379,273.91,41727503547.2316,15.1109687776838
2021-09-22,0.9999998941807016,0.9999998941807016,-2.263885595786681,75.5,411.0,411.0,0.0,23982.379,273.91,41727503547.2316,15.1109687776838
2021-09-23,0.9999998973666666,0.9999998973666666,-2.235410054393645,76.44,411.0,411.0,0.0,23982.379,273.91,41727503547.2316,15.1109687776838
2021-09-24,0.9999999005526315,0.9999999005526315,-2.018389897493817,77.42,411.0,411.0,0.0,23982.379,273.91,41727503547.2316,15.1109687776838
2021-09-25,0.9999999037385964,0.9999999037385964,-2.069395864787599,77.42,411.0,411.0,0.0,23982.379,273.91,41727503547.2316,15.1109687776838
2021-09-26,0.9999999069245612,0.9999999069245612,-1.5297702468031875,77.42,411.0,411.0,0.0,23982.379,273.91,41727503547.2316,15.1109687776838
2021-09-27,0.9999999101105262,0.9999999101105262,-2.9551648319904857,78.85,410.9299926757813,411.0,0.07000732421869316,23982.379,273.91,41727503547.2316,15.1109687776838
2021-09-28,0.9999999132964912,0.9999999132964912,-2.991711462192874,78.3,411.0,411.0,0.0,23982.379,273.91,41727503547.2316,15.1109687776838
2021-09-29,0.999999916482456,0.999999916482456,-1.993905634141604,77.86,409.260009765625,411.0,1.739990234375,23982.379,273.91,41727503547.2316,15.1109687776838
2021-09-30,0.9999999196684212,0.9999999196684212,-2.0478822094302807,77.81,409.260009765625,411.0,1.739990234375,23982.379,273.91,41727503547.2316,15.1109687776838
2021-10-01,0.999999922854386,0.999999922854386,-1.8257392865945368,79.4,410.2999877929688,411.5,1.2000122070311932,24813.6,276.55,41727503547.2316,15.1109687776838
2021-10-02,0.9999999260403508,0.9999999260403508,-1.7727759768216598,79.4,410.2999877929688,411.5,1.2000122070311932,24813.6,276.55,41727503547.2316,15.1109687776838
2021-10-03,0.9999999292263158,0.9999999292263158,-2.153012877950641,79.4,410.2999877929688,411.5,1.2000122070311932,24813.6,276.55,41727503547.2316,15.1109687776838
2021-10-04,0.9999999324122808,0.9999999324122808,-2.029268090236103,81.44,410.2699890136719,411.5,1.230010986328125,24813.6,276.55,41727503547.2316,15.1109687776838
2021-10-05,0.9999999355982456,0.9999999355982456,-1.4356202171028398,82.72,410.2999877929688,411.5,1.2000122070311932,24813.6,276.55,41727503547.2316,15.1109687776838
2021-10-06,0.9999999387842105,0.9999999387842105,-1.8808772672888336,81.39,410.8599853515625,411.5,0.6400146484375,24813.6,276.55,41727503547.2316,15.1109687776838
2021-10-07,0.9999999419701754,0.9999999419701754,-2.3216474381497068,82.34,409.8399963378906,411.5,1.660003662109375,24813.6,276.55,41727503547.2316,15.1109687776838
2021-10-08,0.9999999451561404,0.9999999451561404,-2.064780364632086,82.17,410.30999755859375,411.5,1.19000244140625,24813.6,276.55,41727503547.2316,15.1109687776838
2021-10-09,0.9999999483421051,0.9999999483421051,-1.8544633547257443,82.17,410.30999755859375,411.5,1.19000244140625,24813.6,276.55,41727503547.2316,15.1109687776838
2021-10-10,0.99999995152807,0.99999995152807,-2.192082793741788,82.17,410.30999755859375,411.5,1.19000244140625,24813.6,276.55,41727503547.2316,15.1109687776838
2021-10-11,0.999999954714035,0.999999954714035,-1.8428633873219176,83.75,410.30999755859375,411.5,1.19000244140625,24813.6,276.55,41727503547.2316,15.1109687776838
2021-10-12,0.9999999579,0.9999999579,-1.8996193657737128,83.53,410.2699890136719,411.5,1.230010986328125,24813.6,276.55,41727503547.2316,15.1109687776838
2021-10-13,0.999998479,0.999998479,-1.6286456361763106,83.53,410.3699951171875,411.5,1.1300048828125,24813.6,276.55,41727503547.2316,15.1109687776838
2021-10-14,0.8571415697142857,0.8571415697142857,-1.4627921430596929,83.86,410.3200073242188,411.5,1.1799926757811932,24813.6,276.55,41727503547.2316,15.1109687776838
2021-10-15,0.7142846604285713,0.7142846604285713,-1.1487282608926614,84.67,410.3500061035156,411.5,1.149993896484375,24813.6,276.55,41727503547.2316,15.1109687776838
2021-10-16,0.571427751142857,0.571427751142857,-1.0117645514231577,84.67,410.3500061035156,411.5,1.149993896484375,24813.6,276.55,41727503547.2316,15.1109687776838
2021-10-17,0.4285708418571428,0.4285708418571428,-1.654802126856906,84.67,410.3500061035156,411.5,1.149993896484375,24813.6,276.55,41727503547.2316,15.1109687776838
2021-10-18,0.2857139325714285,0.2857139325714285,-2.173736054397939,84.13,410.3699951171875,411.5,1.1300048828125,24813.6,276.55,41727503547.2316,15.1109687776838
2021-10-19,0.1428570232857141,0.1428570232857141,-2.222697907857015,85.02,410.4100036621094,411.5,1.089996337890625,24813.6,276.55,41727503547.2316,15.1109687776838
2021-10-20,1.14e-07,1.14e-07,-2.824977878654588,85.76,410.3900146484375,411.5,1.1099853515625,24813.6,276.55,41727503547.2316,15.1109687776838
2021-10-21,1.038e-07,1.038e-07,-2.934708830443288,84.58,410.3200073242188,411.5,1.1799926757811932,24813.6,276.55,41727503547.2316,15.1109687776838
2021-10-22,9.36e-08,9.36e-08,-2.632540365639388,85.43,410.3800048828125,411.5,1.1199951171875,24813.6,276.55,41727503547.2316,15.1109687776838
2021-10-23,8.339999999999999e-08,8.339999999999999e-08,-2.3001641304404625,85.43,410.3800048828125,411.5,1.1199951171875,24813.6,276.55,41727503547.2316,15.1109687776838
2021-10-24,7.32e-08,7.32e-08,-2.339443410234715,85.43,410.3800048828125,411.5,1.1199951171875,24813.6,276.55,41727503547.2316,15.1109687776838
2021-10-25,6.3e-08,6.3e-08,-2.238221628876312,84.85,410.3999938964844,411.5,1.100006103515625,24813.6,276.55,41727503547.2316,15.1109687776838
2021-10-26,1.0133333333333337e-07,1.0133333333333337e-07,-2.283345489800112,85.11,409.7099914550781,411.5,1.790008544921875,24813.6,276.55,41727503547.2316,15.1109687776838
2021-10-27,1.3966666666666666e-07,1.3966666666666666e-07,-1.839396679566772,84.12,409.739990234375,411.5,1.760009765625,24813.6,276.55,41727503547.2316,15.1109687776838
2021-10-28,1.78e-07,1.78e-07,-1.5810989741517751,83.4,409.7699890136719,411.5,1.730010986328125,24813.6,276.55,41727503547.2316,15.1109687776838
2021-10-29,0.4999999901,0.4999999901,-1.1768423747219487,83.1,409.75,411.5,1.75,24813.6,276.55,41727503547.2316,15.1109687776838
2021-10-30,0.9999998022,0.9999998022,-1.2060568531874845,83.1,409.75,411.5,1.75,24813.6,276.55,41727503547.2316,15.1109687776838
2021-10-31,0.999999812675,0.999999812675,-0.9510330537840936,83.1,409.75,411.5,1.75,24813.6,276.55,41727503547.2316,15.1109687776838
2021-11-01,0.99999982315,0.99999982315,-1.6386604457912792,84.51,409.80999755859375,411.74,1.930002441406259,24813.6,278.919,41727503547.2316,15.1109687776838
2021-11-02,0.999999833625,0.999999833625,-2.3476870750684595,84.42,409.7999877929688,411.74,1.9400122070312023,24813.6,278.919,41727503547.2316,15.1109687776838
2021-11-03,0.9999998441,0.9999998441,-2.1098221307584013,81.1,409.9200134277344,411.74,1.819986572265634,24813.6,278.919,41727503547.2316,15.1109687776838
2021-11-04,0.9999998503,0.9999998503,-1.7220521327046314,80.15,409.9599914550781,411.74,1.780008544921884,24813.6,278.919,41727503547.2316,15.1109687776838
2021-11-05,0.9999998565,0.9999998565,-1.85124207836096,82.43,409.989990234375,411.74,1.750009765625009,24813.6,278.919,41727503547.2316,15.1109687776838
2021-11-06,0.9999998266,0.9999998266,-1.7371987007702203,82.43,409.989990234375,411.74,1.750009765625009,24813.6,278.919,41727503547.2316,15.1109687776838
2021-11-07,0.9999997967000002,0.9999997967000002,-1.7780807432127952,82.43,409.989990234375,411.74,1.750009765625009,24813.6,278.919,41727503547.2316,15.1109687776838
2021-11-08,0.9999997578,0.9999997578,-1.961855498919568,83.22,410.0199890136719,411.74,1.720010986328134,24813.6,278.919,41727503547.2316,15.1109687776838
2021-11-09,0.4682797775557237,0.4682797775557237,-2.286644671719623,84.52,410.0400085449219,411.74,1.699991455078134,24813.6,278.919,41727503547.2316,15.1109687776838
2021-11-10,-0.0634402026885526,-0.0634402026885526,-1.3473184026890055,82.91,410.0700073242188,411.74,1.6699926757812023,24813.6,278.919,41727503547.2316,15.1109687776838
2021-11-11,-0.0528668301071272,-0.0528668301071272,-1.617269150546056,83.4,410.0899963378906,411.74,1.650003662109384,24813.6,278.919,41727503547.2316,15.1109687776838
2021-11-12,-0.0422934575257017,-0.0422934575257017,-1.2612968864826466,82.9,410.1199951171875,411.74,1.620004882812509,24813.6,278.919,41727503547.2316,15.1109687776838
2021-11-13,-0.0317200849442763,-0.0317200849442763,-1.6683209330760542,82.9,410.1199951171875,411.74,1.620004882812509,24813.6,278.919,41727503547.2316,15.1109687776838
2021-11-14,-0.0211467123628508,-0.0211467123628508,-1.742734006903046,82.9,410.1199951171875,411.74,1.620004882812509,24813.6,278.919,41727503547.2316,15.1109687776838
2021-11-15,-0.0105733397814254,-0.0105733397814254,-1.8497066356621583,81.94,410.0799865722656,411.74,1.660013427734384,24813.6,278.919,41727503547.2316,15.1109687776838
2021-11-16,3.28e-08,3.28e-08,-2.753424013772982,82.85,410.1700134277344,411.74,1.569986572265634,24813.6,278.919,41727503547.2316,15.1109687776838
2021-11-17,0.49999949395,0.49999949395,-2.3149012791455834,80.67,410.1799926757813,411.74,1.5600073242187023,24813.6,278.919,41727503547.2316,15.1109687776838
2021-11-18,0.9999989551,0.9999989551,-2.3554384852151458,82.45,411.3299865722656,411.74,0.4100134277343841,24813.6,278.919,41727503547.2316,15.1109687776838
2021-11-19,7.74e-07,7.74e-07,-1.713287463900974,80.24,410.3200073242188,411.74,1.4199926757812023,24813.6,278.919,41727503547.2316,15.1109687776838
2021-11-20,0.1428577802571428,0.1428577802571428,-1.414248747906378,80.24,410.3200073242188,411.74,1.4199926757812023,24813.6,278.919,41727503547.2316,15.1109687776838
2021-11-21,0.2857147865142857,0.2857147865142857,-2.077508286505259,80.24,410.3200073242188,411.74,1.4199926757812023,24813.6,278.919,41727503547.2316,15.1109687776838
2021-11-22,0.4285717927714286,0.4285717927714286,-1.6230261616653123,80.97,410.3399963378906,411.74,1.400003662109384,24813.6,278.919,41727503547.2316,15.1109687776838
2021-11-23,0.5714287990285715,0.5714287990285715,-1.9922459187581527,83.43,410.3399963378906,411.74,1.400003662109384,24813.6,278.919,41727503547.2316,15.1109687776838
2021-11-24,0.7142858052857143,0.7142858052857143,-2.192405025666094,82.37,409.3800048828125,411.74,2.359995117187509,24813.6,278.919,41727503547.2316,15.1109687776838
2021-11-25,0.8571428115428572,0.8571428115428572,-1.802461126523456,82.05,409.3800048828125,411.74,2.359995117187509,24813.6,278.919,41727503547.2316,15.1109687776838
2021-11-26,0.9999998178,0.9999998178,-1.6383098288673543,72.37,410.8999938964844,411.74,0.8400061035156341,24813.6,278.919,41727503547.2316,15.1109687776838
2021-11-27,0.999999374025,0.999999374025,-2.3051366627649537,72.37,410.8999938964844,411.74,0.8400061035156341,24813.6,278.919,41727503547.2316,15.1109687776838
2021-11-28,0.99999893025,0.99999893025,-1.791563681717157,72.37,410.8999938964844,411.74,0.8400061035156341,24813.6,278.919,41727503547.2316,15.1109687776838
2021-11-29,0.999998486475,0.999998486475,-2.240553136283064,73.34,409.3900146484375,411.74,2.349985351562509,24813.6,278.919,41727503547.2316,15.1109687776838
2021-11-30,0.9999980427,0.9999980427,-2.2178112041753977,70.86,409.3900146484375,411.74,2.349985351562509,24813.6,278.919,41727503547.2316,15.1109687776838
2021-12-01,0.9999986471,0.9999986471,-2.193519012196964,69.53,409.3900146484375,414.34,4.949985351562475,24813.6,280.845,41727503547.2316,15.1109687776838
2021-12-02,0.9999992515,0.9999992515,-1.8097019845254143,70.56,409.4100036621094,414.34,4.9299963378906,24813.6,280.845,41727503547.2316,15.1109687776838
2021-12-03,0.9999998559,0.9999998559,-2.5082878421824537,70.71,409.4500122070313,414.34,4.889987792968668,24813.6,280.845,41727503547.2316,15.1109687776838
2021-12-04,6.95e-08,6.95e-08,-2.025665845864755,70.71,409.4500122070313,414.34,4.889987792968668,24813.6,280.845,41727503547.2316,15.1109687776838
2021-12-05,0.49999958035,0.49999958035,-1.4754096431769663,70.71,409.4500122070313,414.34,4.889987792968668,24813.6,280.845,41727503547.2316,15.1109687776838
2021-12-06,0.9999990912,0.9999990912,-1.689582086314661,73.38,409.4800109863281,414.34,4.85998901367185,24813.6,280.845,41727503547.2316,15.1109687776838
2021-12-07,0.5000000031,0.5000000031,-2.04916384781609,75.54,409.489990234375,414.34,4.850009765624975,24813.6,280.845,41727503547.2316,15.1109687776838
2021-12-08,9.15e-07,9.15e-07,-2.299590726969736,75.94,410.5700073242188,414.34,3.769992675781168,24813.6,280.845,41727503547.2316,15.1109687776838
2021-12-09,9.56e-07,9.56e-07,-2.353747390966741,74.1,409.489990234375,414.34,4.850009765624975,24813.6,280.845,41727503547.2316,15.1109687776838
2021-12-10,9.970000000000002e-07,9.970000000000002e-07,-1.8516387660597289,74.98,411.30999755859375,414.34,3.030002441406225,24813.6,280.845,41727503547.2316,15.1109687776838
2021-12-11,1.038e-06,1.038e-06,-1.801345973023717,74.98,411.30999755859375,414.34,3.030002441406225,24813.6,280.845,41727503547.2316,15.1109687776838
2021-12-12,1.0790000000000002e-06,1.0790000000000002e-06,-2.093949946985177,74.98,411.30999755859375,414.34,3.030002441406225,24813.6,280.845,41727503547.2316,15.1109687776838
2021-12-13,1.12e-06,1.12e-06,-1.4332840183014954,74.12,409.4700012207031,414.34,4.86999877929685,24813.6,280.845,41727503547.2316,15.1109687776838
2021-12-14,0.9999992101,0.9999992101,-1.6989113875217172,73.37,409.7000122070313,414.34,4.639987792968668,24813.6,280.845,41727503547.2316,15.1109687776838
2021-12-15,0.9999994565666668,0.9999994565666668,-1.855666350107212,73.71,409.4700012207031,414.34,4.86999877929685,24813.6,280.845,41727503547.2316,15.1109687776838
2021-12-16,0.9999997030333332,0.9999997030333332,-1.7524219431591197,74.64,409.4800109863281,414.34,4.85998901367185,24813.6,280.845,41727503547.2316,15.1109687776838
2021-12-17,0.9999999495,0.9999999495,-1.249011563222028,72.97,409.5799865722656,414.34,4.76001342773435,24813.6,280.845,41727503547.2316,15.1109687776838
2021-12-18,0.8693490712297848,0.8693490712297848,-1.6394181288023724,72.97,409.5799865722656,414.34,4.76001342773435,24813.6,280.845,41727503547.2316,15.1109687776838
2021-12-19,0.7386981929595695,0.7386981929595695,-1.7228159889037884,72.97,409.5799865722656,414.34,4.76001342773435,24813.6,280.845,41727503547.2316,15.1109687776838
2021-12-20,0.6080473146893544,0.6080473146893544,-2.0411561270423,70.51,409.6600036621094,414.34,4.6799963378906,24813.6,280.845,41727503547.2316,15.1109687776838
2021-12-21,0.4773964364191392,0.4773964364191392,-2.0533747234076647,72.85,409.6600036621094,414.34,4.6799963378906,24813.6,280.845,41727503547.2316,15.1109687776838
2021-12-22,0.346745558148924,0.346745558148924,-1.2391578515712345,74.69,410.6600036621094,414.34,3.6799963378906,24813.6,280.845,41727503547.2316,15.1109687776838
2021-12-23,0.2160946798787089,0.2160946798787089,-1.407612574538108,76.26,410.6700134277344,414.34,3.6699865722656,24813.6,280.845,41727503547.2316,15.1109687776838
2021-12-24,0.1728758399029671,0.1728758399029671,-1.5982609967556818,75.24,410.6799926757813,414.34,3.660007324218668,24813.6,280.845,41727503547.2316,15.1109687776838
2021-12-25,0.1296569999272253,0.1296569999272253,-0.5984748911500055,75.24,410.6799926757813,414.34,3.660007324218668,24813.6,280.845,41727503547.2316,15.1109687776838
2021-12-26,0.0864381599514835,0.0864381599514835,-1.3698730067320293,75.24,410.6799926757813,414.34,3.660007324218668,24813.6,280.845,41727503547.2316,15.1109687776838
2021-12-27,0.0432193199757417,0.0432193199757417,-1.7020406760948643,75.24,410.4400024414063,414.34,3.899997558593668,24813.6,280.845,41727503547.2316,15.1109687776838
2021-12-28,4.8e-07,4.8e-07,-2.3833129041715,75.24,410.7000122070313,414.34,3.639987792968668,24813.6,280.845,41727503547.2316,15.1109687776838
2021-12-29,0.2518157785,0.2518157785,-1.938891976389987,78.63,410.7000122070313,414.34,3.639987792968668,24813.6,280.845,41727503547.2316,15.1109687776838
2021-12-30,0.503631077,0.503631077,-1.7980212202612302,78.61,410.7000122070313,414.34,3.639987792968668,24813.6,280.845,41727503547.2316,15.1109687776838
2021-12-31,0.2518160885,0.2518160885,-1.4692232537822087,77.24,410.75,414.34,3.589999999999975,24813.6,280.845,41727503547.2316,15.1109687776838
2022-01-01,1.1e-06,1.1e-06,-1.3281324711833518,77.24,410.75,415.96,5.2099999999999795,25250.347,282.543,36809762970.197,12.0372694275022
2022-01-02,0.0695904358782749,0.0695904358782749,-1.9176365962749016,77.24,410.75,415.96,5.2099999999999795,25250.347,282.543,36809762970.197,12.0372694275022
2022-01-03,0.1391797717565499,0.1391797717565499,-1.8159745256899595,78.25,411.4500122070313,415.96,4.509987792968673,25250.347,282.543,36809762970.197,12.0372694275022
2022-01-04,0.2087691076348249,0.2087691076348249,-1.4055298797777829,79.39,412.239990234375,415.96,3.7200097656249795,25250.347,282.543,36809762970.197,12.0372694275022
2022-01-05,0.2783584435130998,0.2783584435130998,-2.1393365786670824,80.6,412.239990234375,415.96,3.7200097656249795,25250.347,282.543,36809762970.197,12.0372694275022
2022-01-06,0.3479477793913748,0.3479477793913748,-2.127233431991685,81.99,412.2999877929688,415.96,3.6600122070311727,25250.347,282.543,36809762970.197,12.0372694275022
2022-01-07,0.4175371152696497,0.4175371152696497,-2.150559163450227,82.28,412.5400085449219,415.96,3.4199914550781045,25250.347,282.543,36809762970.197,12.0372694275022
2022-01-08,0.4871264511479247,0.4871264511479247,-2.5670288403004378,82.28,412.5400085449219,415.96,3.4199914550781045,25250.347,282.543,36809762970.197,12.0372694275022
2022-01-09,0.5567157870261997,0.5567157870261997,-2.390096835434516,82.28,412.5400085449219,415.96,3.4199914550781045,25250.347,282.543,36809762970.197,12.0372694275022
2022-01-10,0.6263051229044747,0.6263051229044747,-1.6060963010513736,81.56,412.7099914550781,415.96,3.2500085449218545,25250.347,282.543,36809762970.197,12.0372694275022
2022-01-11,0.6958944587827497,0.6958944587827497,-1.200041331128934,84.98,413.1400146484375,415.96,2.8199853515624795,25250.347,282.543,36809762970.197,12.0372694275022
2022-01-12,0.8479471806913749,0.8479471806913749,-1.4953649717683573,85.83,413.1000061035156,415.96,2.8599938964843545,25250.347,282.543,36809762970.197,12.0372694275022
2022-01-13,0.9999999026,0.9999999026,-1.5884332680477553,85.8,413.4400024414063,415.96,2.5199975585936727,25250.347,282.543,36809762970.197,12.0372694275022
2022-01-14,1.53e-07,1.53e-07,-1.7205143821133828,87.17,413.6000061035156,415.96,2.3599938964843545,25250.347,282.543,36809762970.197,12.0372694275022
2022-01-15,0.50000007455,0.50000007455,-0.9295525519785524,87.17,413.6000061035156,415.96,2.3599938964843545,25250.347,282.543,36809762970.197,12.0372694275022
2022-01-16,0.9999999961,0.9999999961,-0.9755498388088708,87.17,413.6000061035156,415.96,2.3599938964843545,25250.347,282.543,36809762970.197,12.0372694275022
2022-01-17,0.9999999303,0.9999999303,-1.6018878879197742,87.82,413.7900085449219,415.96,2.1699914550781045,25250.347,282.543,36809762970.197,12.0372694275022
2022-01-18,0.9999998645,0.9999998645,-1.7487743355458067,88.83,413.7900085449219,415.96,2.1699914550781045,25250.347,282.543,36809762970.197,12.0372694275022
2022-01-19,1.17e-07,1.17e-07,-2.1126051803327663,89.64,414.0,415.96,1.9599999999999795,25250.347,282.543,36809762970.197,12.0372694275022
2022-01-20,2.77e-07,2.77e-07,-1.5917923029752097,89.75,414.1700134277344,415.96,1.7899865722656045,25250.347,282.543,36809762970.197,12.0372694275022
2022-01-21,0.2000000790191454,0.2000000790191454,-2.093026111399683,89.75,414.4500122070313,415.96,1.5099877929686727,25250.347,282.543,36809762970.197,12.0372694275022
2022-01-22,0.3999998810382908,0.3999998810382908,-1.9056201552611616,89.75,414.4500122070313,415.96,1.5099877929686727,25250.347,282.543,36809762970.197,12.0372694275022
2022-01-23,0.5999996830574363,0.5999996830574363,-1.7737757777356882,89.75,414.4500122070313,415.96,1.5099877929686727,25250.347,282.543,36809762970.197,12.0372694275022
2022-01-24,0.7999994850765817,0.7999994850765817,-1.9781173732288624,87.74,414.4500122070313,415.96,1.5099877929686727,25250.347,282.543,36809762970.197,12.0372694275022
2022-01-25,0.999999287095727,0.999999287095727,-2.393853050646104,89.49,415.3500061035156,415.96,0.6099938964843545,25250.347,282.543,36809762970.197,12.0372694275022
2022-01-26,1.3260115050110948,1.3260115050110948,-1.4922893759592222,91.22,414.6199951171875,415.96,1.3400048828124795,25250.347,282.543,36809762970.197,12.0372694275022
2022-01-27,1.6520237229264625,1.6520237229264625,-1.1318137750288326,90.7,414.8200073242188,415.96,1.1399926757811727,25250.347,282.543,36809762970.197,12.0372694275022
2022-01-28,2.501926565690974,2.501926565690974,-1.3556055466471346,91.47,414.989990234375,415.96,0.9700097656249795,25250.347,282.543,36809762970.197,12.0372694275022
2022-01-29,3.351829408455486,3.351829408455486,-1.711145434922285,91.47,414.989990234375,415.96,0.9700097656249795,25250.347,282.543,36809762970.197,12.0372694275022
2022-01-30,2.175914343994488,2.175914343994488,-2.1674151913794915,91.47,414.989990234375,415.96,0.9700097656249795,25250.347,282.543,36809762970.197,12.0372694275022
2022-01-31,0.9999992795334904,0.9999992795334904,-1.7901047327001158,92.35,415.1600036621094,415.96,0.7999963378906045,25250.347,282.543,36809762970.197,12.0372694275022
2022-02-01,1.0000013155625735,1.0000013155625735,-2.027820331432596,90.24,415.3299865722656,416.95,1.6200134277343636,25250.347,284.5,36809762970.197,12.0372694275022
2022-02-02,1.0000011290582964,1.0000011290582964,-1.7592506981711171,91.43,414.260009765625,416.95,2.6899902343749886,25250.347,284.5,36809762970.197,12.0372694275022
2022-02-03,1.0000009425540193,1.0000009425540193,-1.6995364834252515,92.99,415.3299865722656,416.95,1.6200134277343636,25250.347,284.5,36809762970.197,12.0372694275022
2022-02-04,1.000000756049742,1.000000756049742,-1.6613699265649726,96.86,415.5400085449219,416.95,1.4099914550781136,25250.347,284.5,36809762970.197,12.0372694275022
2022-02-05,1.000000569545465,1.000000569545465,-1.424117666402794,96.86,415.5400085449219,416.95,1.4099914550781136,25250.347,284.5,36809762970.197,12.0372694275022
2022-02-06,1.000000383041188,1.000000383041188,-1.4956913502460458,96.86,415.5400085449219,416.95,1.4099914550781136,25250.347,284.5,36809762970.197,12.0372694275022
2022-02-07,1.0000001965369107,1.0000001965369107,-1.8961680464559103,97.28,415.7000122070313,416.95,1.2499877929686818,25250.347,284.5,36809762970.197,12.0372694275022
2022-02-08,1.0000000100326336,1.0000000100326336,-1.8938080273985995,96.07,415.8800048828125,416.95,1.0699951171874886,25250.347,284.5,36809762970.197,12.0372694275022
2022-02-09,0.9999998235283566,0.9999998235283566,-1.679351421171488,94.95,416.0499877929688,416.95,0.9000122070311818,25250.347,284.5,36809762970.197,12.0372694275022
2022-02-10,0.980691248594383,0.980691248594383,-2.071984013398928,96.37,416.25,416.95,0.6999999999999886,25250.347,284.5,36809762970.197,12.0372694275022
2022-02-11,0.9613826736604094,0.9613826736604094,-1.731897582200478,97.5,416.3699951171875,416.95,0.5800048828124886,25250.347,284.5,36809762970.197,12.0372694275022
2022-02-12,0.9420740987264358,0.9420740987264358,-0.8859819142261928,97.5,416.3699951171875,416.95,0.5800048828124886,25250.347,284.5,36809762970.197,12.0372694275022
2022-02-13,0.9227655237924622,0.9227655237924622,-1.3841758228463596,97.5,416.3699951171875,416.95,0.5800048828124886,25250.347,284.5,36809762970.197,12.0372694275022
2022-02-14,0.9034569488584886,0.9034569488584886,-1.7325517997289706,101.66,416.510009765625,416.95,0.43999023437498863,25250.347,284.5,36809762970.197,12.0372694275022
2022-02-15,0.9131111708526396,0.9131111708526396,-1.8071843590438144,98.43,415.239990234375,416.95,1.7100097656249886,25250.347,284.5,36809762970.197,12.0372694275022
2022-02-16,0.9227653928467908,0.9227653928467908,-2.2040390242934498,97.44,415.30999755859375,416.95,1.6400024414062386,25250.347,284.5,36809762970.197,12.0372694275022
2022-02-17,0.932419614840942,0.932419614840942,-2.0538428332541647,95.28,415.30999755859375,416.95,1.6400024414062386,25250.347,284.5,36809762970.197,12.0372694275022
2022-02-18,0.942073836835093,0.942073836835093,-1.5320598160920893,96.18,415.3699951171875,416.95,1.5800048828124886,25250.347,284.5,36809762970.197,12.0372694275022
2022-02-19,0.9517280588292444,0.9517280588292444,-1.192531401173743,96.18,415.3699951171875,416.95,1.5800048828124886,25250.347,284.5,36809762970.197,12.0372694275022
2022-02-20,0.9613822808233954,0.9613822808233954,-1.090794809839944,96.18,415.3699951171875,416.95,1.5800048828124886,25250.347,284.5,36809762970.197,12.0372694275022
2022-02-21,0.9710365028175464,0.9710365028175464,-1.4237041914167186,98.95,415.3699951171875,416.95,1.5800048828124886,25250.347,284.5,36809762970.197,12.0372694275022
2022-02-22,0.9806907248116976,0.9806907248116976,-1.3758716637033903,98.73,415.4800109863281,416.95,1.4699890136718636,25250.347,284.5,36809762970.197,12.0372694275022
2022-02-23,0.9903449468058488,0.9903449468058488,-1.1977802805398423,99.29,415.3900146484375,416.95,1.5599853515624886,25250.347,284.5,36809762970.197,12.0372694275022
2022-02-24,0.9999991687999998,0.9999991687999998,-1.7546284721565375,101.29,415.4599914550781,416.95,1.4900085449218636,25250.347,284.5,36809762970.197,12.0372694275022
2022-02-25,0.6666661764267844,0.6666661764267844,-0.8560972949161078,98.56,415.6400146484375,416.95,1.3099853515624886,25250.347,284.5,36809762970.197,12.0372694275022
2022-02-26,0.3333331840535689,0.3333331840535689,-1.361827362602528,98.56,415.6400146484375,416.95,1.3099853515624886,25250.347,284.5,36809762970.197,12.0372694275022
2022-02-27,1.9168035345930705e-07,1.9168035345930705e-07,-1.4540278501320365,98.56,415.6400146484375,416.95,1.3099853515624886,25250.347,284.5,36809762970.197,12.0372694275022
2022-02-28,2.697869023062047e-07,2.697869023062047e-07,-1.4709095988006042,103.08,415.05999755859375,416.95,1.8900024414062386,25250.347,284.5,36809762970.197,12.0372694275022
2022-03-01,3.478934511531023e-07,3.478934511531023e-07,-1.333353700536798,110.93,415.5199890136719,415.72,0.20001098632815228,25250.347,287.674,36809762970.197,12.0372694275022
2022-03-02,4.26e-07,4.26e-07,-1.370965802887994,118.94,415.5899963378906,415.72,0.13000366210940228,25250.347,287.674,36809762970.197,12.0372694275022
2022-03-03,3.129624287332872e-07,3.129624287332872e-07,-1.7072481539269415,115.36,415.3999938964844,415.72,0.3200061035156523,25250.347,287.674,36809762970.197,12.0372694275022
2022-03-04,1.999248574665743e-07,1.999248574665743e-07,-1.5158653666096265,123.86,416.2900085449219,415.72,-0.5700085449218477,25250.347,287.674,36809762970.197,12.0372694275022
2022-03-05,8.688728619986144e-08,8.688728619986144e-08,-0.6009245238946936,123.86,416.2900085449219,415.72,-0.5700085449218477,25250.347,287.674,36809762970.197,12.0372694275022
2022-03-06,0.4930586784107829,0.4930586784107829,-0.5943030479778328,123.86,416.2900085449219,415.72,-0.5700085449218477,25250.347,287.674,36809762970.197,12.0372694275022
2022-03-07,0.9861172699342796,0.9861172699342796,-1.5708283338801905,129.02,417.989990234375,415.72,-2.2699902343749727,25250.347,287.674,36809762970.197,12.0372694275022
2022-03-08,0.1085914697851438,0.1085914697851438,-1.6312813335159115,133.18,415.2699890136719,415.72,0.4500109863281523,25250.347,287.674,36809762970.197,12.0372694275022
2022-03-09,0.5542957199873375,0.5542957199873375,-1.984338308130384,116.58,415.3399963378906,415.72,0.3800036621094023,25250.347,287.674,36809762970.197,12.0372694275022
2022-03-10,0.9999999701895312,0.9999999701895312,-1.6641871094280154,114.54,415.3399963378906,415.72,0.3800036621094023,25250.347,287.674,36809762970.197,12.0372694275022
2022-03-11,0.5000000310853847,0.5000000310853847,-1.7817325228325902,118.11,415.3399963378906,415.72,0.3800036621094023,25250.347,287.674,36809762970.197,12.0372694275022
2022-03-12,9.19812382997682e-08,9.19812382997682e-08,-1.5593914623912344,118.11,415.3399963378906,415.72,0.3800036621094023,25250.347,287.674,36809762970.197,12.0372694275022
2022-03-13,7.153699723682091e-08,7.153699723682091e-08,-1.3970504012314915,118.11,415.3399963378906,415.72,0.3800036621094023,25250.347,287.674,36809762970.197,12.0372694275022
2022-03-14,5.1092756173873624e-08,5.1092756173873624e-08,-1.227685822322806,110.39,415.3399963378906,415.72,0.3800036621094023,25250.347,287.674,36809762970.197,12.0372694275022
2022-03-15,3.064851511092632e-08,3.064851511092632e-08,-1.4338916348831754,105.14,415.2999877929688,415.72,0.42001220703122044,25250.347,287.674,36809762970.197,12.0372694275022
2022-03-16,1.0204274047979021e-08,1.0204274047979021e-08,0.0059259408146025,104.61,415.4500122070313,415.72,0.26998779296872044,25250.347,287.674,36809762970.197,12.0372694275022
2022-03-17,0.9999992205,0.9999992205,-0.9441948953168294,113.5,415.4200134277344,415.72,0.2999865722656523,25250.347,287.674,36809762970.197,12.0372694275022
2022-03-18,0.7999993790006918,0.7999993790006918,-1.3688671637702958,114.32,415.760009765625,415.72,-0.040009765624972715,25250.347,287.674,36809762970.197,12.0372694275022
2022-03-19,0.5999995375013838,0.5999995375013838,-1.0055222168461628,114.32,415.760009765625,415.72,-0.040009765624972715,25250.347,287.674,36809762970.197,12.0372694275022
2022-03-20,0.3999996960020756,0.3999996960020756,-0.9400277185712242,114.32,415.760009765625,415.72,-0.040009765624972715,25250.347,287.674,36809762970.197,12.0372694275022
2022-03-21,0.1999998545027675,0.1999998545027675,-1.5002310682050295,122.29,415.4200134277344,415.72,0.2999865722656523,25250.347,287.674,36809762970.197,12.0372694275022
2022-03-22,1.3003459405673352e-08,1.3003459405673352e-08,-1.7235438655670765,121.53,415.3900146484375,415.72,0.3299853515625273,25250.347,287.674,36809762970.197,12.0372694275022
2022-03-23,0.9999985281,0.9999985281,-1.2761513435727918,127.52,414.9400024414063,415.72,0.7799975585937204,25250.347,287.674,36809762970.197,12.0372694275022
2022-03-24,0.99999886695,0.99999886695,-1.0520118584385538,123.98,415.25,415.72,0.4700000000000273,25250.347,287.674,36809762970.197,12.0372694275022
2022-03-25,0.9999992058,0.9999992058,-1.4740554904982466,122.67,415.25,415.72,0.4700000000000273,25250.347,287.674,36809762970.197,12.0372694275022
2022-03-26,0.4999999959,0.4999999959,-0.83240454118902,122.67,415.25,415.72,0.4700000000000273,25250.347,287.674,36809762970.197,12.0372694275022
2022-03-27,7.86e-07,7.86e-07,-1.7252497987810116,122.67,415.25,415.72,0.4700000000000273,25250.347,287.674,36809762970.197,12.0372694275022
2022-03-28,0.9999993936,0.9999993936,-1.966728181565592,114.5,415.25,415.72,0.4700000000000273,25250.347,287.674,36809762970.197,12.0372694275022
2022-03-29,0.5000000888,0.5000000888,-2.7525760736316176,112.79,415.2300109863281,415.72,0.4899890136719023,25250.347,287.674,36809762970.197,12.0372694275022
2022-03-30,7.84e-07,7.84e-07,-2.2973498309222835,115.59,415.25,415.72,0.4700000000000273,25250.347,287.674,36809762970.197,12.0372694275022
2022-03-31,5.264333333333334e-07,5.264333333333334e-07,-1.6101823824898116,107.29,415.25,415.72,0.4700000000000273,25250.347,287.674,36809762970.197,12.0372694275022
2022-04-01,2.688666666666667e-07,2.688666666666667e-07,-2.0880941000310287,106.13,415.25,415.53,0.2799999999999727,25861.292,288.561,36809762970.197,12.0372694275022
2022-04-02,1.13e-08,1.13e-08,-2.453528340680685,106.13,415.25,415.53,0.2799999999999727,25861.292,288.561,36809762970.197,12.0372694275022
2022-04-03,0.1999999833,0.1999999833,-2.037635550320521,106.13,415.25,415.53,0.2799999999999727,25861.292,288.561,36809762970.197,12.0372694275022
2022-04-04,0.3999999553,0.3999999553,-2.130547478638902,108.15,415.2200012207031,415.53,0.3099987792968477,25861.292,288.561,36809762970.197,12.0372694275022
2022-04-05,0.5999999273000001,0.5999999273000001,-2.2328167151994105,106.6,415.2200012207031,415.53,0.3099987792968477,25861.292,288.561,36809762970.197,12.0372694275022
2022-04-06,0.7999998993,0.7999998993,-1.7960638280321914,100.81,415.2200012207031,415.53,0.3099987792968477,25861.292,288.561,36809762970.197,12.0372694275022
2022-04-07,0.9999998713,0.9999998713,-2.34462202664008,99.83,415.2200012207031,415.53,0.3099987792968477,25861.292,288.561,36809762970.197,12.0372694275022
2022-04-08,0.1907628000647492,0.1907628000647492,-1.9717355601604505,101.26,415.1499938964844,415.53,0.3800061035155977,25861.292,288.561,36809762970.197,12.0372694275022
2022-04-09,-0.6184742711705015,-0.6184742711705015,-1.3429679876488887,101.26,415.1499938964844,415.53,0.3800061035155977,25861.292,288.561,36809762970.197,12.0372694275022
2022-04-10,0.9999991828,0.9999991828,-1.1946604051172496,101.26,415.1499938964844,415.53,0.3800061035155977,25861.292,288.561,36809762970.197,12.0372694275022
2022-04-11,0.6971773821848055,0.6971773821848055,-1.1728158653274507,97.92,415.1499938964844,415.53,0.3800061035155977,25861.292,288.561,36809762970.197,12.0372694275022
2022-04-12,0.394355581569611,0.394355581569611,-1.2859951285941504,104.42,415.1199951171875,415.53,0.4100048828124727,25861.292,288.561,36809762970.197,12.0372694275022
2022-04-13,0.0915337809544165,0.0915337809544165,-2.0142102912140394,108.49,414.0899963378906,415.53,1.4400036621093477,25861.292,288.561,36809762970.197,12.0372694275022
2022-04-14,4.25e-07,4.25e-07,-1.9934310554731145,110.83,414.0799865722656,415.53,1.4500134277343477,25861.292,288.561,36809762970.197,12.0372694275022
2022-04-15,0.4999998487408934,0.4999998487408934,-1.593632615414294,110.83,414.0299987792969,415.53,1.5000012207030977,25861.292,288.561,36809762970.197,12.0372694275022
2022-04-16,0.9999992724817868,0.9999992724817868,-1.710512174041182,110.83,414.0299987792969,415.53,1.5000012207030977,25861.292,288.561,36809762970.197,12.0372694275022
2022-04-17,0.9999994393255208,0.9999994393255208,-1.9191554021573007,110.83,414.0299987792969,415.53,1.5000012207030977,25861.292,288.561,36809762970.197,12.0372694275022
2022-04-18,0.999999606169255,0.999999606169255,-2.062949384258389,110.83,414.0199890136719,415.53,1.5100109863280977,25861.292,288.561,36809762970.197,12.0372694275022
2022-04-19,0.9999995210406027,0.9999995210406027,-1.9341762883619795,105.49,414.0,415.53,1.5299999999999727,25861.292,288.561,36809762970.197,12.0372694275022
2022-04-20,0.9999994359119504,0.9999994359119504,-1.9829489958590616,105.05,414.0,415.53,1.5299999999999727,25861.292,288.561,36809762970.197,12.0372694275022
2022-04-21,0.9999993507832984,0.9999993507832984,-1.804425668559712,107.2,415.0,415.53,0.5299999999999727,25861.292,288.561,36809762970.197,12.0372694275022
2022-04-22,0.6666664593726955,0.6666664593726955,-1.0563457486412569,105.15,415.0799865722656,415.53,0.4500134277343477,25861.292,288.561,36809762970.197,12.0372694275022
2022-04-23,0.3333335679620928,0.3333335679620928,-1.3835860644169184,105.15,415.0799865722656,415.53,0.4500134277343477,25861.292,288.561,36809762970.197,12.0372694275022
2022-04-24,6.765514900458322e-07,6.765514900458322e-07,-1.174135639364568,105.15,415.0799865722656,415.53,0.4500134277343477,25861.292,288.561,36809762970.197,12.0372694275022
2022-04-25,0.9999993148,0.9999993148,-1.3412014662442673,99.27,415.0799865722656,415.53,0.4500134277343477,25861.292,288.561,36809762970.197,12.0372694275022
2022-04-26,1.1090004121587955,1.1090004121587955,-1.4088948302797462,102.89,414.0799865722656,415.53,1.4500134277343477,25861.292,288.561,36809762970.197,12.0372694275022
2022-04-27,1.2180015095175916,1.2180015095175916,-1.1132562545081257,103.3,414.9800109863281,415.53,0.5499890136718477,25861.292,288.561,36809762970.197,12.0372694275022
2022-04-28,1.1964566728747217,1.1964566728747217,-1.9875933867707056,105.78,414.9200134277344,415.53,0.6099865722655977,25861.292,288.561,36809762970.197,12.0372694275022
2022-04-29,1.174911836231852,1.174911836231852,-1.213377611599876,108.36,414.8299865722656,415.53,0.7000134277343477,25861.292,288.561,36809762970.197,12.0372694275022
2022-04-30,1.1533669995889824,1.1533669995889824,-1.0666668502559646,108.36,414.8299865722656,415.53,0.7000134277343477,25861.292,288.561,36809762970.197,12.0372694275022
2022-05-01,1.1318221629461125,1.1318221629461125,-0.5067350161144422,108.36,414.8299865722656,415.95,1.1200134277343636,25861.292,291.298,36809762970.197,12.0372694275022
2022-05-02,0.565911225991411,0.565911225991411,-0.9892371841874338,108.36,414.760009765625,415.95,1.1899902343749886,25861.292,291.298,36809762970.197,12.0372694275022
2022-05-03,2.890367094224756e-07,2.890367094224756e-07,-1.0728808548585584,104.94,414.6900024414063,415.95,1.2599975585936818,25861.292,291.298,36809762970.197,12.0372694275022
2022-05-04,3.706911396149837e-07,3.706911396149837e-07,-1.377421271848688,110.53,414.6900024414063,415.95,1.2599975585936818,25861.292,291.298,36809762970.197,12.0372694275022
2022-05-05,4.523455698074919e-07,4.523455698074919e-07,-0.9213332198029636,112.11,414.6900024414063,415.95,1.2599975585936818,25861.292,291.298,36809762970.197,12.0372694275022
2022-05-06,5.34e-07,5.34e-07,-0.8930720290646001,113.86,414.6199951171875,415.95,1.3300048828124886,25861.292,291.298,36809762970.197,12.0372694275022
2022-05-07,0.9999997935,0.9999997935,-0.8983925018108117,113.86,414.6199951171875,415.95,1.3300048828124886,25861.292,291.298,36809762970.197,12.0372694275022
2022-05-08,0.5000001062500001,0.5000001062500001,-1.0821869022874266,113.86,414.6199951171875,415.95,1.3300048828124886,25861.292,291.298,36809762970.197,12.0372694275022
2022-05-09,4.19e-07,4.19e-07,-1.3667885737467864,106.67,414.6900024414063,415.95,1.2599975585936818,25861.292,291.298,36809762970.197,12.0372694275022
2022-05-10,1.2595e-06,1.2595e-06,-1.066566764036212,102.61,414.7999877929688,415.95,1.1500122070311818,25861.292,291.298,36809762970.197,12.0372694275022
2022-05-11,2.1e-06,2.1e-06,-1.24885531502285,107.7,413.8299865722656,415.95,2.1200134277343636,25861.292,291.298,36809762970.197,12.0372694275022
2022-05-12,0.9999987047,0.9999987047,-1.5763396574752753,108.06,413.8299865722656,415.95,2.1200134277343636,25861.292,291.298,36809762970.197,12.0372694275022
2022-05-13,0.9999997495,0.9999997495,-2.28485776322022,112.12,414.8299865722656,415.95,1.1200134277343636,25861.292,291.298,36809762970.197,12.0372694275022
2022-05-14,0.99999969054,0.99999969054,-2.282986234908827,112.12,414.8299865722656,415.95,1.1200134277343636,25861.292,291.298,36809762970.197,12.0372694275022
2022-05-15,0.99999963158,0.99999963158,-2.05958743002887,112.12,414.8299865722656,415.95,1.1200134277343636,25861.292,291.298,36809762970.197,12.0372694275022
2022-05-16,0.99999957262,0.99999957262,-2.555997849013431,114.86,414.760009765625,415.95,1.1899902343749886,25861.292,291.298,36809762970.197,12.0372694275022
2022-05-17,0.99999951366,0.99999951366,-2.4912839382721894,112.89,414.75,415.95,1.1999999999999886,25861.292,291.298,36809762970.197,12.0372694275022
2022-05-18,0.9999994547,0.9999994547,-1.7433903030179714,110.04,414.75,415.95,1.1999999999999886,25861.292,291.298,36809762970.197,12.0372694275022
2022-05-19,0.9999993251,0.9999993251,-1.9055861305024984,113.22,414.6799926757813,415.95,1.2700073242186818,25861.292,291.298,36809762970.197,12.0372694275022
2022-05-20,0.9999991955,0.9999991955,-1.712019924032044,113.63,414.6199951171875,415.95,1.3300048828124886,25861.292,291.298,36809762970.197,12.0372694275022
2022-05-21,0.49999987425,0.49999987425,-1.2128815460843434,113.63,414.6199951171875,415.95,1.3300048828124886,25861.292,291.298,36809762970.197,12.0372694275022
2022-05-22,5.53e-07,5.53e-07,-0.8991516226030537,113.63,414.6199951171875,415.95,1.3300048828124886,25861.292,291.298,36809762970.197,12.0372694275022
2022-05-23,0.999999504,0.999999504,-1.9052590530172315,115.13,414.6199951171875,415.95,1.3300048828124886,25861.292,291.298,36809762970.197,12.0372694275022
2022-05-24,0.9999997499,0.9999997499,-1.9115916942609843,115.77,414.5799865722656,415.95,1.3700134277343636,25861.292,291.298,36809762970.197,12.0372694275022
2022-05-25,0.99999966255,0.99999966255,-1.823743720899522,116.41,414.6799926757813,415.95,1.2700073242186818,25861.292,291.298,36809762970.197,12.0372694275022
2022-05-26,0.9999995752,0.9999995752,-1.604508005462992,119.81,414.6799926757813,415.95,1.2700073242186818,25861.292,291.298,36809762970.197,12.0372694275022
2022-05-27,0.9127369967938496,0.9127369967938496,-1.3246647051428024,121.19,414.7200012207031,415.95,1.2299987792968636,25861.292,291.298,36809762970.197,12.0372694275022
2022-05-28,0.825474418387699,0.825474418387699,-1.2494633508936928,121.19,414.7200012207031,415.95,1.2299987792968636,25861.292,291.298,36809762970.197,12.0372694275022
2022-05-29,0.7382118399815485,0.7382118399815485,-0.9432246656016188,121.19,414.7200012207031,415.95,1.2299987792968636,25861.292,291.298,36809762970.197,12.0372694275022
2022-05-30,0.6509492615753979,0.6509492615753979,-1.572699666317479,123.01,414.7200012207031,415.95,1.2299987792968636,25861.292,291.298,36809762970.197,12.0372694275022
2022-05-31,0.5636866831692473,0.5636866831692473,-1.6589815723871786,125.53,414.7200012207031,415.95,1.2299987792968636,25861.292,291.298,36809762970.197,12.0372694275022
2022-06-01,0.4764241047630968,0.4764241047630968,-1.355712256342158,122.2,414.7000122070313,415.61,0.9099877929687068,25861.292,294.957,36809762970.197,12.0372694275022
2022-06-02,1.007362640012176,1.007362640012176,-1.1188527176960523,122.2,414.6499938964844,415.61,0.9600061035156386,25861.292,294.957,36809762970.197,12.0372694275022
2022-06-03,0.8394689135101466,0.8394689135101466,-0.829465548946875,125.68,414.5799865722656,415.61,1.0300134277343886,25861.292,294.957,36809762970.197,12.0372694275022
2022-06-04,0.6715751870081172,0.6715751870081172,-0.7469709144539942,125.68,414.5799865722656,415.61,1.0300134277343886,25861.292,294.957,36809762970.197,12.0372694275022
2022-06-05,0.503681460506088,0.503681460506088,-1.8373647229112324,125.68,414.5799865722656,415.61,1.0300134277343886,25861.292,294.957,36809762970.197,12.0372694275022
2022-06-06,0.3357877340040586,0.3357877340040586,-2.972194457438337,124.99,414.6199951171875,415.61,0.9900048828125136,25861.292,294.957,36809762970.197,12.0372694275022
2022-06-07,0.1678940075020292,0.1678940075020292,-1.9559237091153885,126.89,414.6199951171875,415.61,0.9900048828125136,25861.292,294.957,36809762970.197,12.0372694275022
2022-06-08,2.81e-07,2.81e-07,-1.0963329134095867,129.2,414.6300048828125,415.61,0.9799951171875136,25861.292,294.957,36809762970.197,12.0372694275022
2022-06-09,6.754999999999999e-07,6.754999999999999e-07,-1.5113197704090988,128.47,414.6300048828125,415.61,0.9799951171875136,25861.292,294.957,36809762970.197,12.0372694275022
2022-06-10,1.07e-06,1.07e-06,-1.8177625464260192,127.44,414.6300048828125,415.61,0.9799951171875136,25861.292,294.957,36809762970.197,12.0372694275022
2022-06-11,0.3333331721999999,0.3333331721999999,-1.858956685966184,127.44,414.6300048828125,415.61,0.9799951171875136,25861.292,294.957,36809762970.197,12.0372694275022
2022-06-12,0.6666652744,0.6666652744,-1.2894306594377802,127.44,414.6300048828125,415.61,0.9799951171875136,25861.292,294.957,36809762970.197,12.0372694275022
2022-06-13,0.9999973766,0.9999973766,-1.7188149948142577,128.44,414.6300048828125,415.61,0.9799951171875136,25861.292,294.957,36809762970.197,12.0372694275022
2022-06-14,0.00034517981,0.00034517981,-1.866724825011928,127.02,414.6300048828125,415.61,0.9799951171875136,25861.292,294.957,36809762970.197,12.0372694275022
2022-06-15,0.0002303748733333,0.0002303748733333,-2.0975268810018166,124.96,419.0,415.61,-3.3899999999999864,25861.292,294.957,36809762970.197,12.0372694275022
2022-06-16,0.0001155699366666,0.0001155699366666,-1.4444755309578847,125.78,414.7200012207031,415.61,0.8899987792968886,25861.292,294.957,36809762970.197,12.0372694275022
2022-06-17,7.65e-07,7.65e-07,-1.5068291011526973,119.22,414.7900085449219,415.61,0.8199914550781386,25861.292,294.957,36809762970.197,12.0372694275022
2022-06-18,0.1250005475,0.1250005475,-0.6966538980489801,119.22,414.7900085449219,415.61,0.8199914550781386,25861.292,294.957,36809762970.197,12.0372694275022
2022-06-19,0.25000033,0.25000033,-0.6299922707116458,119.22,414.7900085449219,415.61,0.8199914550781386,25861.292,294.957,36809762970.197,12.0372694275022
2022-06-20,0.3750001125,0.3750001125,-1.5503582390874069,118.25,414.8699951171875,415.61,0.7400048828125136,25861.292,294.957,36809762970.197,12.0372694275022
2022-06-21,0.499999895,0.499999895,-1.8237711511738053,118.51,418.989990234375,415.61,-3.3799902343749864,25861.292,294.957,36809762970.197,12.0372694275022
2022-06-22,0.6249996775000001,0.6249996775000001,-1.3609590771083768,115.54,414.75,415.61,0.8600000000000136,25861.292,294.957,36809762970.197,12.0372694275022
2022-06-23,0.7499994600000001,0.7499994600000001,-1.9289648173185625,114.5,414.6400146484375,415.61,0.9699853515625136,25861.292,294.957,36809762970.197,12.0372694275022
2022-06-24,0.8749992425,0.8749992425,-1.849385022288027,117.36,414.5899963378906,415.61,1.0200036621093886,25861.292,294.957,36809762970.197,12.0372694275022
2022-06-25,0.999999025,0.999999025,-0.906785229501322,117.36,414.5899963378906,415.61,1.0200036621093886,25861.292,294.957,36809762970.197,12.0372694275022
2022-06-26,0.8888881833333333,0.8888881833333333,-1.3850952073234852,117.36,414.5899963378906,415.61,1.0200036621093886,25861.292,294.957,36809762970.197,12.0372694275022
2022-06-27,0.7777773416666667,0.7777773416666667,-1.7253843314816468,119.69,414.489990234375,415.61,1.1200097656250136,25861.292,294.957,36809762970.197,12.0372694275022
2022-06-28,0.6666665,0.6666665,-1.7713005702771345,122.21,414.5,415.61,1.1100000000000136,25861.292,294.957,36809762970.197,12.0372694275022
2022-06-29,0.5555556583333333,0.5555556583333333,-1.5799704819793288,120.8,414.6400146484375,415.61,0.9699853515625136,25861.292,294.957,36809762970.197,12.0372694275022
2022-06-30,0.4444448166666667,0.4444448166666667,-1.6340288838447712,119.78,414.6000061035156,415.61,1.0099938964843886,25861.292,294.957,36809762970.197,12.0372694275022
2022-07-01,0.3333339749999999,0.3333339749999999,-1.7038383871778648,119.21,414.7699890136719,417.26,2.490010986328116,26336.304,294.913,36809762970.197,12.0372694275022
2022-07-02,0.2222231333333332,0.2222231333333332,-1.1510489360888134,119.21,414.7699890136719,417.26,2.490010986328116,26336.304,294.913,36809762970.197,12.0372694275022
2022-07-03,0.1111122916666665,0.1111122916666665,-1.1562061268298816,119.21,414.7699890136719,417.26,2.490010986328116,26336.304,294.913,36809762970.197,12.0372694275022
2022-07-04,1.45e-06,1.45e-06,-2.175517105678632,121.8,414.7699890136719,417.26,2.490010986328116,26336.304,294.913,36809762970.197,12.0372694275022
2022-07-05,0.142858297,0.142858297,-1.828401312927044,110.49,414.7699890136719,417.26,2.490010986328116,26336.304,294.913,36809762970.197,12.0372694275022
2022-07-06,0.285715144,0.285715144,-3.2413656772982424,108.54,414.7999877929688,417.26,2.460012207031184,26336.304,294.913,36809762970.197,12.0372694275022
2022-07-07,0.428571991,0.428571991,-3.390014337795321,113.4,414.8299865722656,417.26,2.430013427734366,26336.304,294.913,36809762970.197,12.0372694275022
2022-07-08,0.571428838,0.571428838,-2.367432545760737,113.95,414.760009765625,417.26,2.499990234374991,26336.304,294.913,36809762970.197,12.0372694275022
2022-07-09,0.714285685,0.714285685,-1.386047162067964,113.95,414.760009765625,417.26,2.499990234374991,26336.304,294.913,36809762970.197,12.0372694275022
2022-07-10,0.857142532,0.857142532,-1.5072702259361042,113.95,414.760009765625,417.26,2.499990234374991,26336.304,294.913,36809762970.197,12.0372694275022
2022-07-11,0.999999379,0.999999379,-1.5064961659599168,114.85,414.8299865722656,417.26,2.430013427734366,26336.304,294.913,36809762970.197,12.0372694275022
2022-07-12,0.8571424282857143,0.8571424282857143,-1.1679393837917842,106.98,414.8299865722656,417.26,2.430013427734366,26336.304,294.913,36809762970.197,12.0372694275022
2022-07-13,0.7142854775714286,0.7142854775714286,-1.032062056538086,107.17,414.8200073242188,417.26,2.439992675781184,26336.304,294.913,36809762970.197,12.0372694275022
2022-07-14,0.5714285268571428,0.5714285268571428,-1.3264692907575455,107.74,414.8299865722656,417.26,2.430013427734366,26336.304,294.913,36809762970.197,12.0372694275022
2022-07-15,0.4285715761428571,0.4285715761428571,-1.84069894747047,112.26,414.8299865722656,417.26,2.430013427734366,26336.304,294.913,36809762970.197,12.0372694275022
2022-07-16,0.2857146254285714,0.2857146254285714,-1.006704064328744,112.26,414.8299865722656,417.26,2.430013427734366,26336.304,294.913,36809762970.197,12.0372694275022
2022-07-17,0.1428576747142856,0.1428576747142856,-0.3822421002528041,112.26,414.8299865722656,417.26,2.430013427734366,26336.304,294.913,36809762970.197,12.0372694275022
2022-07-18,7.24e-07,7.24e-07,-1.4081167689671945,117.27,414.8999938964844,417.26,2.360006103515616,26336.304,294.913,36809762970.197,12.0372694275022
2022-07-19,9.355e-07,9.355e-07,-1.4835346065560229,114.96,414.8999938964844,417.26,2.360006103515616,26336.304,294.913,36809762970.197,12.0372694275022
2022-07-20,1.147e-06,1.147e-06,-1.9987244966024025,115.86,414.8999938964844,417.26,2.360006103515616,26336.304,294.913,36809762970.197,12.0372694275022
2022-07-21,1.3585e-06,1.3585e-06,-2.146965398546318,112.81,414.8999938964844,417.26,2.360006103515616,26336.304,294.913,36809762970.197,12.0372694275022
2022-07-22,1.57e-06,1.57e-06,-2.329438161719094,106.77,414.8999938964844,417.26,2.360006103515616,26336.304,294.913,36809762970.197,12.0372694275022
2022-07-23,1.5614285714285711e-06,1.5614285714285711e-06,-2.087119421832849,106.77,414.8999938964844,417.26,2.360006103515616,26336.304,294.913,36809762970.197,12.0372694275022
2022-07-24,1.5528571428571429e-06,1.5528571428571429e-06,-2.445418418308876,106.77,414.8999938964844,417.26,2.360006103515616,26336.304,294.913,36809762970.197,12.0372694275022
2022-07-25,1.5442857142857142e-06,1.5442857142857142e-06,-2.6960461295935865,108.23,414.2200012207031,417.26,3.039998779296866,26336.304,294.913,36809762970.197,12.0372694275022
2022-07-26,1.5357142857142855e-06,1.5357142857142855e-06,-2.942280240651281,107.32,414.75,417.26,2.509999999999991,26336.304,294.913,36809762970.197,12.0372694275022
2022-07-27,1.527142857142857e-06,1.527142857142857e-06,-2.85555711182034,109.64,414.75,417.26,2.509999999999991,26336.304,294.913,36809762970.197,12.0372694275022
2022-07-28,1.5185714285714286e-06,1.5185714285714286e-06,-2.920216481641941,109.68,415.1400146484375,417.26,2.119985351562491,26336.304,294.913,36809762970.197,12.0372694275022
2022-07-29,1.51e-06,1.51e-06,-2.113629952062986,111.51,414.9599914550781,417.26,2.300008544921866,26336.304,294.913,36809762970.197,12.0372694275022
2022-07-30,1.4771428571428571e-06,1.4771428571428571e-06,-1.5819866715311963,111.51,414.9599914550781,417.26,2.300008544921866,26336.304,294.913,36809762970.197,12.0372694275022
2022-07-31,1.4442857142857143e-06,1.4442857142857143e-06,-2.2775288344803486,111.51,414.9599914550781,417.26,2.300008544921866,26336.304,294.913,36809762970.197,12.0372694275022
2022-08-01,1.4114285714285713e-06,1.4114285714285713e-06,-2.5285051503991336,106.09,415.3699951171875,426.06,10.690004882812502,26336.304,295.097,36809762970.197,12.0372694275022
2022-08-02,1.3785714285714285e-06,1.3785714285714285e-06,-2.4000225475936983,106.51,415.6799926757813,426.06,10.380007324218695,26336.304,295.097,36809762970.197,12.0372694275022
2022-08-03,1.3457142857142857e-06,1.3457142857142857e-06,-2.084373449250863,101.82,415.8999938964844,426.06,10.160006103515627,26336.304,295.097,36809762970.197,12.0372694275022
2022-08-04,1.3128571428571428e-06,1.3128571428571428e-06,-1.847969773370026,97.99,416.1900024414063,426.06,9.869997558593695,26336.304,295.097,36809762970.197,12.0372694275022
2022-08-05,1.28e-06,1.28e-06,-1.9084801358426515,100.31,416.6900024414063,426.06,9.369997558593695,26336.304,295.097,36809762970.197,12.0372694275022
2022-08-06,1.1203081370452734e-06,1.1203081370452734e-06,-2.1140545875679444,100.31,416.6900024414063,426.06,9.369997558593695,26336.304,295.097,36809762970.197,12.0372694275022
2022-08-07,9.606162740905469e-07,9.606162740905469e-07,-2.363721972848447,100.31,416.6900024414063,426.06,9.369997558593695,26336.304,295.097,36809762970.197,12.0372694275022
2022-08-08,8.009244111358202e-07,8.009244111358202e-07,-2.6975971657596043,103.46,417.0700073242188,426.06,8.989992675781195,26336.304,295.097,36809762970.197,12.0372694275022
2022-08-09,6.412325481810935e-07,6.412325481810935e-07,-2.1567791984603546,103.81,417.4700012207031,426.06,8.589998779296877,26336.304,295.097,36809762970.197,12.0372694275022
2022-08-10,4.81540685226367e-07,4.81540685226367e-07,-2.290774720082525,105.06,417.4700012207031,426.06,8.589998779296877,26336.304,295.097,36809762970.197,12.0372694275022
2022-08-11,9.607703426131836e-07,9.607703426131836e-07,-2.1751454624370905,107.19,418.1900024414063,426.06,7.869997558593695,26336.304,295.097,36809762970.197,12.0372694275022
2022-08-12,1.4400000000000002e-06,1.4400000000000002e-06,-2.1089542561947687,103.7,418.3699951171875,426.06,7.690004882812502,26336.304,295.097,36809762970.197,12.0372694275022
2022-08-13,0.10000117257,0.10000117257,-1.866462251652823,103.7,418.3699951171875,426.06,7.690004882812502,26336.304,295.097,36809762970.197,12.0372694275022
2022-08-14,0.20000090514,0.20000090514,-2.147240345116985,103.7,418.3699951171875,426.06,7.690004882812502,26336.304,295.097,36809762970.197,12.0372694275022
2022-08-15,0.30000063771,0.30000063771,-2.425825889610968,98.25,418.7200012207031,426.06,7.339998779296877,26336.304,295.097,36809762970.197,12.0372694275022
2022-08-16,0.40000037028,0.40000037028,-1.863277362383355,95.36,418.8900146484375,426.06,7.169985351562502,26336.304,295.097,36809762970.197,12.0372694275022
2022-08-17,0.50000010285,0.50000010285,-1.4262971297540952,97.22,418.8900146484375,426.06,7.169985351562502,26336.304,295.097,36809762970.197,12.0372694275022
2022-08-18,0.59999983542,0.59999983542,-1.7482854741355474,96.35,419.9599914550781,426.06,6.100008544921877,26336.304,295.097,36809762970.197,12.0372694275022
2022-08-19,0.6999995679900001,0.6999995679900001,-1.3237462107463671,96.45,419.8299865722656,426.06,6.230013427734377,26336.304,295.097,36809762970.197,12.0372694275022
2022-08-20,0.79999930056,0.79999930056,-1.975442331636892,96.45,419.8299865722656,426.06,6.230013427734377,26336.304,295.097,36809762970.197,12.0372694275022
2022-08-21,0.89999903313,0.89999903313,-1.8142822354364363,96.45,419.8299865722656,426.06,6.230013427734377,26336.304,295.097,36809762970.197,12.0372694275022
2022-08-22,0.9999987657,0.9999987657,-1.6139906119894003,95.06,419.8299865722656,426.06,6.230013427734377,26336.304,295.097,36809762970.197,12.0372694275022
2022-08-23,0.9090898345454546,0.9090898345454546,-1.333170153782974,99.49,420.3999938964844,426.06,5.660006103515627,26336.304,295.097,36809762970.197,12.0372694275022
2022-08-24,0.8181809033909091,0.8181809033909091,-1.3211837077348083,99.87,420.7099914550781,426.06,5.350008544921877,26336.304,295.097,36809762970.197,12.0372694275022
2022-08-25,0.7272719722363636,0.7272719722363636,-1.507812998032488,98.81,421.0799865722656,426.06,4.980013427734377,26336.304,295.097,36809762970.197,12.0372694275022
2022-08-26,0.6363630410818182,0.6363630410818182,-1.3062210138416674,101.13,421.3900146484375,426.06,4.669985351562502,26336.304,295.097,36809762970.197,12.0372694275022
2022-08-27,0.5454541099272727,0.5454541099272727,-1.0633962829116956,101.13,421.3900146484375,426.06,4.669985351562502,26336.304,295.097,36809762970.197,12.0372694275022
2022-08-28,0.4545451787727272,0.4545451787727272,-1.241037344044072,101.13,421.3900146484375,426.06,4.669985351562502,26336.304,295.097,36809762970.197,12.0372694275022
2022-08-29,0.3636362476181818,0.3636362476181818,-1.4005836165837935,101.13,421.7000122070313,426.06,4.359987792968695,26336.304,295.097,36809762970.197,12.0372694275022
2022-08-30,0.2727273164636363,0.2727273164636363,-1.3971464973959258,99.34,421.7000122070313,426.06,4.359987792968695,26336.304,295.097,36809762970.197,12.0372694275022
2022-08-31,0.1818183853090909,0.1818183853090909,-1.1907634834880991,96.55,422.3800048828125,426.06,3.6799951171875023,26336.304,295.097,36809762970.197,12.0372694275022
2022-09-01,0.0909094541545454,0.0909094541545454,-1.6069481136154522,92.24,421.3800048828125,435.57,14.189995117187493,26336.304,296.349,36809762970.197,12.0372694275022
2022-09-02,5.23e-07,5.23e-07,-1.4749937764440444,93.09,422.4599914550781,435.57,13.110008544921868,26336.304,296.349,36809762970.197,12.0372694275022
2022-09-03,5.167e-07,5.167e-07,-1.546530488240052,93.09,422.4599914550781,435.57,13.110008544921868,26336.304,296.349,36809762970.197,12.0372694275022
2022-09-04,5.104e-07,5.104e-07,-1.1695582279378969,93.09,422.4599914550781,435.57,13.110008544921868,26336.304,296.349,36809762970.197,12.0372694275022
2022-09-05,5.041e-07,5.041e-07,-1.9816887182190623,94.22,422.9200134277344,435.57,12.649986572265618,26336.304,296.349,36809762970.197,12.0372694275022
2022-09-06,4.978e-07,4.978e-07,-2.5573180975905045,91.43,435.0,435.57,0.5699999999999932,26336.304,296.349,36809762970.197,12.0372694275022
2022-09-07,4.915e-07,4.915e-07,-2.124451229237699,86.83,425.2799987792969,435.57,10.290001220703118,26336.304,296.349,36809762970.197,12.0372694275022
2022-09-08,4.852e-07,4.852e-07,-1.9540318696168355,87.99,425.6099853515625,435.57,9.960014648437493,26336.304,296.349,36809762970.197,12.0372694275022
2022-09-09,4.789e-07,4.789e-07,-1.6532071378933966,91.68,426.4299926757813,435.57,9.140007324218686,26336.304,296.349,36809762970.197,12.0372694275022
2022-09-10,4.726e-07,4.726e-07,-0.870114839415328,91.68,426.4299926757813,435.57,9.140007324218686,26336.304,296.349,36809762970.197,12.0372694275022
2022-09-11,4.663e-07,4.663e-07,-1.6241586934254373,91.68,426.4299926757813,435.57,9.140007324218686,26336.304,296.349,36809762970.197,12.0372694275022
2022-09-12,4.6e-07,4.6e-07,-2.206880558246204,93.45,426.760009765625,435.57,8.809990234374993,26336.304,296.349,36809762970.197,12.0372694275022
2022-09-13,5.4875e-07,5.4875e-07,-1.868281815726452,92.04,427.1000061035156,435.57,8.469993896484368,26336.304,296.349,36809762970.197,12.0372694275022
2022-09-14,6.375e-07,6.375e-07,-1.287338312523118,92.83,427.510009765625,435.57,8.059990234374993,26336.304,296.349,36809762970.197,12.0372694275022
2022-09-15,7.2625e-07,7.2625e-07,-0.8038174461409294,89.28,427.80999755859375,435.57,7.760002441406243,26336.304,296.349,36809762970.197,12.0372694275022
2022-09-16,8.15e-07,8.15e-07,-0.8310094428815287,89.43,428.1099853515625,435.57,7.460014648437493,26336.304,296.349,36809762970.197,12.0372694275022
2022-09-17,9.0375e-07,9.0375e-07,-1.2000053879522892,89.43,428.1099853515625,435.57,7.460014648437493,26336.304,296.349,36809762970.197,12.0372694275022
2022-09-18,9.925e-07,9.925e-07,-1.5173380348311956,89.43,428.1099853515625,435.57,7.460014648437493,26336.304,296.349,36809762970.197,12.0372694275022
2022-09-19,1.08125e-06,1.08125e-06,-2.331130463706454,89.43,428.3800048828125,435.57,7.189995117187493,26336.304,296.349,36809762970.197,12.0372694275022
2022-09-20,1.17e-06,1.17e-06,-2.279935520998751,89.62,428.6799926757813,435.57,6.890007324218686,26336.304,296.349,36809762970.197,12.0372694275022
2022-09-21,0.3333339186333333,0.3333339186333333,-1.6023777211820485,89.86,429.010009765625,435.57,6.559990234374993,26336.304,296.349,36809762970.197,12.0372694275022
2022-09-22,0.6666666672666667,0.6666666672666667,-1.6729529750654315,90.4,429.3699951171875,435.57,6.200004882812493,26336.304,296.349,36809762970.197,12.0372694275022
2022-09-23,0.9999994159,0.9999994159,-1.56976856528953,84.29,429.7099914550781,435.57,5.860008544921868,26336.304,296.349,36809762970.197,12.0372694275022
2022-09-24,0.9999994281285716,0.9999994281285716,-1.532817400020125,84.29,429.7099914550781,435.57,5.860008544921868,26336.304,296.349,36809762970.197,12.0372694275022
2022-09-25,0.9999994403571428,0.9999994403571428,-1.2608356915473986,84.29,429.7099914550781,435.57,5.860008544921868,26336.304,296.349,36809762970.197,12.0372694275022
2022-09-26,0.9999994525857144,0.9999994525857144,-1.7569031254794485,82.55,430.0499877929688,435.57,5.520012207031186,26336.304,296.349,36809762970.197,12.0372694275022
2022-09-27,0.9999994648142856,0.9999994648142856,-1.6468280320127848,85.97,430.4800109863281,435.57,5.089989013671868,26336.304,296.349,36809762970.197,12.0372694275022
2022-09-28,0.9999994770428572,0.9999994770428572,-1.6042810991362615,89.55,430.8299865722656,435.57,4.740013427734368,26336.304,296.349,36809762970.197,12.0372694275022
2022-09-29,0.9999994892714286,0.9999994892714286,-1.096779981038038,89.41,430.8299865722656,435.57,4.740013427734368,26336.304,296.349,36809762970.197,12.0372694275022
2022-09-30,0.9999995015,0.9999995015,-0.4483805543339171,88.9,431.5400085449219,435.57,4.029991455078118,26336.304,296.349,36809762970.197,12.0372694275022
2022-10-01,0.857142562857143,0.857142562857143,-0.3638327984565985,88.9,431.5400085449219,440.85,9.309991455078148,26770.514,298.007,36809762970.197,12.0372694275022
2022-10-02,0.7142856242142858,0.7142856242142858,-0.5524944529477711,88.9,431.5400085449219,440.85,9.309991455078148,26770.514,298.007,36809762970.197,12.0372694275022
2022-10-03,0.5714286855714286,0.5714286855714286,-1.2050999684958683,90.68,431.8699951171875,440.85,8.980004882812523,26770.514,298.007,36809762970.197,12.0372694275022
2022-10-04,0.4285717469285715,0.4285717469285715,-1.0572866034877328,93.74,431.8500061035156,440.85,8.999993896484398,26770.514,298.007,36809762970.197,12.0372694275022
2022-10-05,0.2857148082857144,0.2857148082857144,-1.019566002740112,94.35,431.8699951171875,440.85,8.980004882812523,26770.514,298.007,36809762970.197,12.0372694275022
2022-10-06,0.1428578696428571,0.1428578696428571,-0.9389410020358024,95.65,413.8800048828125,440.85,26.969995117187523,26770.514,298.007,36809762970.197,12.0372694275022
2022-10-07,9.31e-07,9.31e-07,-1.6512435362848887,98.88,432.8999938964844,440.85,7.950006103515648,26770.514,298.007,36809762970.197,12.0372694275022
2022-10-08,1.0508571428571426e-06,1.0508571428571426e-06,-1.5213518528853154,98.88,432.8999938964844,440.85,7.950006103515648,26770.514,298.007,36809762970.197,12.0372694275022
2022-10-09,1.1707142857142856e-06,1.1707142857142856e-06,-1.1578621611392708,98.88,432.8999938964844,440.85,7.950006103515648,26770.514,298.007,36809762970.197,12.0372694275022
2022-10-10,1.2905714285714284e-06,1.2905714285714284e-06,-1.4368236762076931,97.13,433.2200012207031,440.85,7.629998779296898,26770.514,298.007,36809762970.197,12.0372694275022
2022-10-11,1.4104285714285712e-06,1.4104285714285712e-06,-1.8077380277851165,95.17,433.7799987792969,440.85,7.070001220703148,26770.514,298.007,36809762970.197,12.0372694275022
2022-10-12,1.5302857142857142e-06,1.5302857142857142e-06,-1.271372928513384,93.44,433.7799987792969,440.85,7.070001220703148,26770.514,298.007,36809762970.197,12.0372694275022
2022-10-13,1.650142857142857e-06,1.650142857142857e-06,-1.1605820212249915,95.16,434.2699890136719,440.85,6.580010986328148,26770.514,298.007,36809762970.197,12.0372694275022
2022-10-14,1.77e-06,1.77e-06,-1.3111067389784443,92.22,434.7000122070313,440.85,6.149987792968716,26770.514,298.007,36809762970.197,12.0372694275022
2022-10-15,1.421e-06,1.421e-06,-1.1146445829194949,92.22,434.7000122070313,440.85,6.149987792968716,26770.514,298.007,36809762970.197,12.0372694275022
2022-10-16,1.072e-06,1.072e-06,-1.6388808587974943,92.22,434.7000122070313,440.85,6.149987792968716,26770.514,298.007,36809762970.197,12.0372694275022
2022-10-17,7.23e-07,7.23e-07,-2.06965675791978,91.04,434.6799926757813,440.85,6.170007324218716,26770.514,298.007,36809762970.197,12.0372694275022
2022-10-18,8.01375e-07,8.01375e-07,-2.128292108207716,89.46,435.05999755859375,440.85,5.790002441406273,26770.514,298.007,36809762970.197,12.0372694275022
2022-10-19,8.7975e-07,8.7975e-07,-1.6777146785148775,91.34,435.8500061035156,440.85,4.999993896484398,26770.514,298.007,36809762970.197,12.0372694275022
2022-10-20,9.58125e-07,9.58125e-07,-2.1931628521208664,91.52,435.9800109863281,440.85,4.869989013671898,26770.514,298.007,36809762970.197,12.0372694275022
2022-10-21,1.0365e-06,1.0365e-06,-1.5999343111120303,91.82,436.1099853515625,440.85,4.740014648437523,26770.514,298.007,36809762970.197,12.0372694275022
2022-10-22,1.114875e-06,1.114875e-06,-1.936639626974932,91.82,436.1099853515625,440.85,4.740014648437523,26770.514,298.007,36809762970.197,12.0372694275022
2022-10-23,1.19325e-06,1.19325e-06,-1.5175809547353336,91.82,436.1099853515625,440.85,4.740014648437523,26770.514,298.007,36809762970.197,12.0372694275022
2022-10-24,1.271625e-06,1.271625e-06,-2.0593895461105576,91.57,436.1000061035156,440.85,4.749993896484398,26770.514,298.007,36809762970.197,12.0372694275022
2022-10-25,1.35e-06,1.35e-06,-2.293473356839087,91.57,436.5,440.85,4.350000000000023,26770.514,298.007,36809762970.197,12.0372694275022
2022-10-26,0.0036723062242234,0.0036723062242234,-1.496530291492719,92.93,436.6799926757813,440.85,4.170007324218716,26770.514,298.007,36809762970.197,12.0372694275022
2022-10-27,0.0073432624484469,0.0073432624484469,-1.3861256661649324,94.17,436.5499877929688,440.85,4.300012207031216,26770.514,298.007,36809762970.197,12.0372694275022
2022-10-28,0.0110142186726704,0.0110142186726704,-1.331672235307638,94.64,437.1600036621094,440.85,3.6899963378906477,26770.514,298.007,36809762970.197,12.0372694275022
2022-10-29,0.0146851748968939,0.0146851748968939,-1.188403493146868,94.64,437.1600036621094,440.85,3.6899963378906477,26770.514,298.007,36809762970.197,12.0372694275022
2022-10-30,0.0183561311211174,0.0183561311211174,-1.0494891915253408,94.64,437.1600036621094,440.85,3.6899963378906477,26770.514,298.007,36809762970.197,12.0372694275022
2022-10-31,0.0220270873453409,0.0220270873453409,-1.3946483839332913,93.3,437.5,440.85,3.3500000000000227,26770.514,298.007,36809762970.197,12.0372694275022
2022-11-01,0.0256980435695643,0.0256980435695643,-1.475793494136452,95.12,437.8500061035156,445.58,7.729993896484359,26770.514,298.786,36809762970.197,12.0372694275022
2022-11-02,0.0293689997937878,0.0293689997937878,-1.620805386514816,96.07,438.0199890136719,445.58,7.560010986328109,26770.514,298.786,36809762970.197,12.0372694275022
2022-11-03,0.0330399560180113,0.0330399560180113,-1.6057569447062168,95.29,438.3699951171875,445.58,7.210004882812484,26770.514,298.786,36809762970.197,12.0372694275022
2022-11-04,0.0367109122422348,0.0367109122422348,-1.4169105587215702,99.53,438.6700134277344,445.58,6.909986572265609,26770.514,298.786,36809762970.197,12.0372694275022
2022-11-05,0.0403818684664583,0.0403818684664583,-1.6892614929660033,99.53,438.6700134277344,445.58,6.909986572265609,26770.514,298.786,36809762970.197,12.0372694275022
2022-11-06,0.0440528246906818,0.0440528246906818,-1.823115077514744,99.53,438.6700134277344,445.58,6.909986572265609,26770.514,298.786,36809762970.197,12.0372694275022
2022-11-07,0.0477237809149052,0.0477237809149052,-1.6451576495499445,99.87,438.8800048828125,445.58,6.699995117187484,26770.514,298.786,36809762970.197,12.0372694275022
2022-11-08,0.0513947371391287,0.0513947371391287,-2.03458440085745,96.85,439.260009765625,445.58,6.319990234374984,26770.514,298.786,36809762970.197,12.0372694275022
2022-11-09,0.0550656933633522,0.0550656933633522,-1.744159383157182,93.05,439.5299987792969,445.58,6.050001220703109,26770.514,298.786,36809762970.197,12.0372694275022
2022-11-10,0.0587366495875757,0.0587366495875757,-1.525732144126781,94.25,439.7900085449219,445.58,5.789991455078109,26770.514,298.786,36809762970.197,12.0372694275022
2022-11-11,0.0624076058117992,0.0624076058117992,-1.784448240790146,96.37,440.1300048828125,445.58,5.449995117187484,26770.514,298.786,36809762970.197,12.0372694275022
2022-11-12,0.0660785620360227,0.0660785620360227,-1.194448373544306,96.37,440.1300048828125,445.58,5.449995117187484,26770.514,298.786,36809762970.197,12.0372694275022
2022-11-13,0.0697495182602462,0.0697495182602462,-1.4543980051142813,96.37,440.1300048828125,445.58,5.449995117187484,26770.514,298.786,36809762970.197,12.0372694275022
2022-11-14,0.0734204744844696,0.0734204744844696,-1.0527950154477717,93.59,440.4599914550781,445.58,5.120008544921859,26770.514,298.786,36809762970.197,12.0372694275022
2022-11-15,0.0770914307086931,0.0770914307086931,-1.5766490438124023,94.3,440.8299865722656,445.58,4.750013427734359,26770.514,298.786,36809762970.197,12.0372694275022
2022-11-16,0.0807623869329166,0.0807623869329166,-1.261871424083998,92.61,441.1900024414063,445.58,4.389997558593677,26770.514,298.786,36809762970.197,12.0372694275022
2022-11-17,0.0844333431571401,0.0844333431571401,-1.1693756721109227,91.0,441.1900024414063,445.58,4.389997558593677,26770.514,298.786,36809762970.197,12.0372694275022
2022-11-18,0.0881042993813636,0.0881042993813636,-1.1186399581772708,88.93,441.8500061035156,445.58,3.729993896484359,26770.514,298.786,36809762970.197,12.0372694275022
2022-11-19,0.0917752556055871,0.0917752556055871,-0.4230526510333664,88.93,441.8500061035156,445.58,3.729993896484359,26770.514,298.786,36809762970.197,12.0372694275022
2022-11-20,0.0954462118298105,0.0954462118298105,-0.915415828580499,88.93,441.8500061035156,445.58,3.729993896484359,26770.514,298.786,36809762970.197,12.0372694275022
2022-11-21,0.099117168054034,0.099117168054034,-0.774606884875861,88.44,442.1600036621094,445.58,3.419996337890609,26770.514,298.786,36809762970.197,12.0372694275022
2022-11-22,0.1027881242782575,0.1027881242782575,-1.1286993374293102,88.65,442.489990234375,445.58,3.090009765624984,26770.514,298.786,36809762970.197,12.0372694275022
2022-11-23,0.106459080502481,0.106459080502481,-0.8983754081897863,85.9,442.6300048828125,445.58,2.949995117187484,26770.514,298.786,36809762970.197,12.0372694275022
2022-11-24,0.1101300367267045,0.1101300367267045,-0.5739941269341852,85.59,442.7999877929688,445.58,2.7800122070311772,26770.514,298.786,36809762970.197,12.0372694275022
2022-11-25,0.1138009929509279,0.1138009929509279,-1.0294543296058627,83.4,442.9500122070313,445.58,2.6299877929686772,26770.514,298.786,36809762970.197,12.0372694275022
2022-11-26,0.1174719491751514,0.1174719491751514,-0.481700595659642,83.4,442.9500122070313,445.58,2.6299877929686772,26770.514,298.786,36809762970.197,12.0372694275022
2022-11-27,0.1211429053993749,0.1211429053993749,-0.8849848376012103,83.4,442.9500122070313,445.58,2.6299877929686772,26770.514,298.786,36809762970.197,12.0372694275022
2022-11-28,0.1248138616235984,0.1248138616235984,-0.9778571812181388,83.5,442.760009765625,445.58,2.819990234374984,26770.514,298.786,36809762970.197,12.0372694275022
2022-11-29,0.1284848178478219,0.1284848178478219,-1.7836732708606848,83.22,443.3699951171875,445.58,2.210004882812484,26770.514,298.786,36809762970.197,12.0372694275022
2022-11-30,0.1321557740720454,0.1321557740720454,-1.8585995238895383,85.61,443.4400024414063,445.58,2.1399975585936772,26770.514,298.786,36809762970.197,12.0372694275022
2022-12-01,0.1358267302962689,0.1358267302962689,-2.008313006455108,86.28,443.4400024414063,450.71,7.269997558593673,26770.514,298.832,36809762970.197,12.0372694275022
2022-12-02,0.1394976865204924,0.1394976865204924,-1.923125047149001,86.54,443.4500122070313,450.71,7.259987792968673,26770.514,298.832,36809762970.197,12.0372694275022
2022-12-03,0.1431686427447158,0.1431686427447158,-1.2596505126181132,86.54,443.4500122070313,450.71,7.259987792968673,26770.514,298.832,36809762970.197,12.0372694275022
2022-12-04,0.1468395989689393,0.1468395989689393,-1.57128377574034,86.54,443.4500122070313,450.71,7.259987792968673,26770.514,298.832,36809762970.197,12.0372694275022
2022-12-05,0.1505105551931628,0.1505105551931628,-1.7303662569786844,83.36,443.6700134277344,450.71,7.0399865722656045,26770.514,298.832,36809762970.197,12.0372694275022
2022-12-06,0.1541815114173863,0.1541815114173863,-1.0669481539665573,79.92,444.0400085449219,450.71,6.6699914550781045,26770.514,298.832,36809762970.197,12.0372694275022
2022-12-07,0.1578524676416098,0.1578524676416098,-1.108068585411326,77.11,444.30999755859375,450.71,6.4000024414062295,26770.514,298.832,36809762970.197,12.0372694275022
2022-12-08,0.1615234238658333,0.1615234238658333,-0.9361488250798876,76.02,444.30999755859375,450.71,6.4000024414062295,26770.514,298.832,36809762970.197,12.0372694275022
2022-12-09,0.1651943800900568,0.1651943800900568,-1.183807616699306,76.37,444.4700012207031,450.71,6.2399987792968545,26770.514,298.832,36809762970.197,12.0372694275022
2022-12-10,0.1688653363142802,0.1688653363142802,-1.3512154142531816,76.37,444.4700012207031,450.71,6.2399987792968545,26770.514,298.832,36809762970.197,12.0372694275022
2022-12-11,0.1725362925385037,0.1725362925385037,-0.8206664718945151,76.37,444.4700012207031,450.71,6.2399987792968545,26770.514,298.832,36809762970.197,12.0372694275022
2022-12-12,0.1762072487627272,0.1762072487627272,-2.213325327057757,78.0,444.4700012207031,450.71,6.2399987792968545,26770.514,298.832,36809762970.197,12.0372694275022
2022-12-13,0.1798782049869507,0.1798782049869507,-1.4480486708426543,78.0,444.6499938964844,450.71,6.0600061035156045,26770.514,298.832,36809762970.197,12.0372694275022
2022-12-14,0.1835491612111742,0.1835491612111742,-1.247493983743181,83.33,444.80999755859375,450.71,5.9000024414062295,26770.514,298.832,36809762970.197,12.0372694275022
2022-12-15,0.1872201174353976,0.1872201174353976,-1.1765100659120455,82.34,444.9599914550781,450.71,5.7500085449218545,26770.514,298.832,36809762970.197,12.0372694275022
2022-12-16,0.1908910736596211,0.1908910736596211,-0.8135410388613487,80.2,444.9599914550781,450.71,5.7500085449218545,26770.514,298.832,36809762970.197,12.0372694275022
2022-12-17,0.1945620298838446,0.1945620298838446,-0.3139278342820421,80.2,444.9599914550781,450.71,5.7500085449218545,26770.514,298.832,36809762970.197,12.0372694275022
2022-12-18,0.1982329861080681,0.1982329861080681,-1.0362730055880782,80.2,444.9599914550781,450.71,5.7500085449218545,26770.514,298.832,36809762970.197,12.0372694275022
2022-12-19,0.2019039423322916,0.2019039423322916,-1.5450601638807273,81.66,444.9700012207031,450.71,5.7399987792968545,26770.514,298.832,36809762970.197,12.0372694275022
2022-12-20,0.2055748985565151,0.2055748985565151,-2.0302224256879664,79.45,445.4599914550781,450.71,5.2500085449218545,26770.514,298.832,36809762970.197,12.0372694275022
2022-12-21,0.2092458547807386,0.2092458547807386,-1.7329946472192412,80.25,445.4599914550781,450.71,5.2500085449218545,26770.514,298.832,36809762970.197,12.0372694275022
2022-12-22,0.212916811004962,0.212916811004962,-1.9726691829159737,79.58,445.4599914550781,450.71,5.2500085449218545,26770.514,298.832,36809762970.197,12.0372694275022
2022-12-23,0.2165877672291855,0.2165877672291855,-1.4254206175776911,82.45,446.1300048828125,450.71,4.5799951171874795,26770.514,298.832,36809762970.197,12.0372694275022
2022-12-24,0.220258723453409,0.220258723453409,-1.2381621027819338,82.45,446.1300048828125,450.71,4.5799951171874795,26770.514,298.832,36809762970.197,12.0372694275022
2022-12-25,0.2239296796776325,0.2239296796776325,-0.369045861796581,82.45,446.1300048828125,450.71,4.5799951171874795,26770.514,298.832,36809762970.197,12.0372694275022
2022-12-26,0.227600635901856,0.227600635901856,-1.8434374276981829,82.45,446.1300048828125,450.71,4.5799951171874795,26770.514,298.832,36809762970.197,12.0372694275022
2022-12-27,0.2312715921260795,0.2312715921260795,-1.5093453618268642,82.45,446.1499938964844,450.71,4.5600061035156045,26770.514,298.832,36809762970.197,12.0372694275022
2022-12-28,0.2349425483503029,0.2349425483503029,-1.5926385216877352,81.7,446.1300048828125,450.71,4.5799951171874795,26770.514,298.832,36809762970.197,12.0372694275022
2022-12-29,0.2386135045745264,0.2386135045745264,-1.1794905774651503,80.96,446.1400146484375,450.71,4.5699853515624795,26770.514,298.832,36809762970.197,12.0372694275022
2022-12-30,0.2422844607987499,0.2422844607987499,-1.4600430817398895,82.82,447.0799865722656,450.71,3.6300134277343545,26770.514,298.832,36809762970.197,12.0372694275022
2022-12-31,0.2459554170229734,0.2459554170229734,-0.8608187705851296,82.82,447.0799865722656,450.71,3.6300134277343545,26770.514,298.832,36809762970.197,12.0372694275022
2023-01-01,0.2496263732471969,0.2496263732471969,-0.7962417458823335,82.82,447.0799865722656,455.27,8.190013427734357,27216.445,300.42,33452495121.7329,15.3919195720427
2023-01-02,0.2532973294714204,0.2532973294714204,-0.3250789813286791,82.82,447.5799865722656,455.27,7.690013427734357,27216.445,300.42,33452495121.7329,15.3919195720427
2023-01-03,0.2569682856956439,0.2569682856956439,-1.2412896339986523,80.36,447.5799865722656,455.27,7.690013427734357,27216.445,300.42,33452495121.7329,15.3919195720427
2023-01-04,0.2606392419198673,0.2606392419198673,-1.4969619344174367,75.31,448.0499877929688,455.27,7.220012207031175,27216.445,300.42,33452495121.7329,15.3919195720427
2023-01-05,0.2643101981440908,0.2643101981440908,-1.7571543804003058,76.73,448.510009765625,455.27,6.759990234374982,27216.445,300.42,33452495121.7329,15.3919195720427
2023-01-06,0.2667958314921536,0.2667958314921536,-0.8394616504151394,76.41,449.0299987792969,455.27,6.240001220703107,27216.445,300.42,33452495121.7329,15.3919195720427
2023-01-07,0.2692814648402163,0.2692814648402163,-1.0953426001158473,76.41,449.0299987792969,455.27,6.240001220703107,27216.445,300.42,33452495121.7329,15.3919195720427
2023-01-08,0.2717670981882791,0.2717670981882791,-1.929606230334068,76.41,449.0299987792969,455.27,6.240001220703107,27216.445,300.42,33452495121.7329,15.3919195720427
2023-01-09,0.2742527315363419,0.2742527315363419,-2.050588575743625,77.5,449.5499877929688,455.27,5.720012207031175,27216.445,300.42,33452495121.7329,15.3919195720427
2023-01-10,0.2767383648844047,0.2767383648844047,-2.129462288872427,78.4,449.5499877929688,455.27,5.720012207031175,27216.445,300.42,33452495121.7329,15.3919195720427
2023-01-11,0.2792239982324674,0.2792239982324674,-0.8795746918876067,81.11,449.5799865722656,455.27,5.690013427734357,27216.445,300.42,33452495121.7329,15.3919195720427
2023-01-12,0.2817096315805302,0.2817096315805302,-1.5393439352080436,82.59,451.1000061035156,455.27,4.169993896484357,27216.445,300.42,33452495121.7329,15.3919195720427
2023-01-13,0.284195264928593,0.284195264928593,-0.63322687567169,83.43,451.6300048828125,455.27,3.639995117187482,27216.445,300.42,33452495121.7329,15.3919195720427
2023-01-14,0.2866808982766557,0.2866808982766557,-0.8304305233321516,83.43,451.6300048828125,455.27,3.639995117187482,27216.445,300.42,33452495121.7329,15.3919195720427
2023-01-15,0.2891665316247185,0.2891665316247185,-0.7975450128038303,83.43,451.6300048828125,455.27,3.639995117187482,27216.445,300.42,33452495121.7329,15.3919195720427
2023-01-16,0.2916521649727813,0.2916521649727813,-1.6991223333816716,82.65,452.0899963378906,455.27,3.180003662109357,27216.445,300.42,33452495121.7329,15.3919195720427
2023-01-17,0.2941377983208441,0.2941377983208441,-1.6967636442203489,84.38,452.1199951171875,455.27,3.150004882812482,27216.445,300.42,33452495121.7329,15.3919195720427
2023-01-18,0.2966234316689068,0.2966234316689068,-1.4296035945178074,83.78,453.0799865722656,455.27,2.190013427734357,27216.445,300.42,33452495121.7329,15.3919195720427
2023-01-19,0.2991090650169696,0.2991090650169696,-1.5200345729665614,85.08,453.0799865722656,455.27,2.190013427734357,27216.445,300.42,33452495121.7329,15.3919195720427
2023-01-20,0.3015946983650324,0.3015946983650324,-1.5223963524183437,86.96,460.0,455.27,-4.730000000000018,27216.445,300.42,33452495121.7329,15.3919195720427
2023-01-21,0.3040803317130952,0.3040803317130952,-1.9435701553183624,86.96,460.0,455.27,-4.730000000000018,27216.445,300.42,33452495121.7329,15.3919195720427
2023-01-22,0.3065659650611579,0.3065659650611579,-1.801394800221898,86.96,460.0,455.27,-4.730000000000018,27216.445,300.42,33452495121.7329,15.3919195720427
2023-01-23,0.3090515984092207,0.3090515984092207,-1.7536649446786003,87.54,454.55999755859375,455.27,0.7100024414062318,27216.445,300.42,33452495121.7329,15.3919195720427
2023-01-24,0.3115372317572835,0.3115372317572835,-1.2529583067013217,85.25,454.55999755859375,455.27,0.7100024414062318,27216.445,300.42,33452495121.7329,15.3919195720427
2023-01-25,0.3140228651053462,0.3140228651053462,-1.648385160121549,85.08,454.5700073242188,455.27,0.699992675781175,27216.445,300.42,33452495121.7329,15.3919195720427
2023-01-26,0.316508498453409,0.316508498453409,-2.173686811316592,86.29,459.4700012207031,455.27,-4.200001220703143,27216.445,300.42,33452495121.7329,15.3919195720427
2023-01-27,0.3189941318014718,0.3189941318014718,-1.214042379596025,85.36,459.7799987792969,455.27,-4.509998779296893,27216.445,300.42,33452495121.7329,15.3919195720427
2023-01-28,0.3214797651495346,0.3214797651495346,-1.0395920817964757,85.36,459.7799987792969,455.27,-4.509998779296893,27216.445,300.42,33452495121.7329,15.3919195720427
2023-01-29,0.3239653984975973,0.3239653984975973,-1.7253903053866184,85.36,459.7799987792969,455.27,-4.509998779296893,27216.445,300.42,33452495121.7329,15.3919195720427
2023-01-30,0.3264510318456601,0.3264510318456601,-1.4707189545119297,84.9,459.7799987792969,455.27,-4.509998779296893,27216.445,300.42,33452495121.7329,15.3919195720427
2023-01-31,0.3289366651937229,0.3289366651937229,-1.4717150378635129,83.42,459.9100036621094,455.27,-4.640003662109393,27216.445,300.42,33452495121.7329,15.3919195720427
2023-02-01,0.3314222985417857,0.3314222985417857,-1.252329699106494,81.61,460.0199890136719,460.43,0.4100109863281318,27216.445,301.45,33452495121.7329,15.3919195720427
2023-02-02,0.3339079318898484,0.3339079318898484,-1.8199223212309088,80.57,460.0199890136719,460.43,0.4100109863281318,27216.445,301.45,33452495121.7329,15.3919195720427
2023-02-03,0.3363935652379112,0.3363935652379112,-1.8717005990083209,78.85,460.0400085449219,460.43,0.3899914550781318,27216.445,301.45,33452495121.7329,15.3919195720427
2023-02-04,0.338879198585974,0.338879198585974,-2.2446012339805,78.85,460.0400085449219,460.43,0.3899914550781318,27216.445,301.45,33452495121.7329,15.3919195720427
2023-02-05,0.3413648319340367,0.3413648319340367,-2.276353738518295,78.85,460.0400085449219,460.43,0.3899914550781318,27216.445,301.45,33452495121.7329,15.3919195720427
2023-02-06,0.3438504652820995,0.3438504652820995,-1.9264772222268127,80.48,460.0400085449219,460.43,0.3899914550781318,27216.445,301.45,33452495121.7329,15.3919195720427
2023-02-07,0.3463360986301623,0.3463360986301623,-2.2115071875289307,82.92,459.2000122070313,460.43,1.2299877929687,27216.445,301.45,33452495121.7329,15.3919195720427
2023-02-08,0.3488217319782251,0.3488217319782251,-3.051223169155832,84.17,459.9200134277344,460.43,0.5099865722656318,27216.445,301.45,33452495121.7329,15.3919195720427
2023-02-09,0.3513073653262878,0.3513073653262878,-1.63435507754009,83.46,459.9200134277344,460.43,0.5099865722656318,27216.445,301.45,33452495121.7329,15.3919195720427
2023-02-10,0.3537929986743506,0.3537929986743506,-1.1166302219365405,85.46,459.9700012207031,460.43,0.4599987792968818,27216.445,301.45,33452495121.7329,15.3919195720427
2023-02-11,0.3562786320224134,0.3562786320224134,-1.9228681015965967,85.46,459.9700012207031,460.43,0.4599987792968818,27216.445,301.45,33452495121.7329,15.3919195720427
2023-02-12,0.3587642653704761,0.3587642653704761,-1.7496650792573651,85.46,459.9700012207031,460.43,0.4599987792968818,27216.445,301.45,33452495121.7329,15.3919195720427
2023-02-13,0.3612498987185389,0.3612498987185389,-1.3207875865765304,85.98,458.989990234375,460.43,1.4400097656250068,27216.445,301.45,33452495121.7329,15.3919195720427
2023-02-14,0.3637355320666017,0.3637355320666017,-1.5742724442064724,84.96,460.0199890136719,460.43,0.4100109863281318,27216.445,301.45,33452495121.7329,15.3919195720427
2023-02-15,0.3662211654146644,0.3662211654146644,-1.6383771755702203,84.11,460.05999755859375,460.43,0.3700024414062568,27216.445,301.45,33452495121.7329,15.3919195720427
2023-02-16,0.3687067987627272,0.3687067987627272,-1.3997386655930308,83.84,460.0,460.43,0.4300000000000068,27216.445,301.45,33452495121.7329,15.3919195720427
2023-02-17,0.37119243211079,0.37119243211079,-1.7530170170551955,81.97,460.0499877929688,460.43,0.3800122070312,27216.445,301.45,33452495121.7329,15.3919195720427
2023-02-18,0.3736780654588527,0.3736780654588527,-1.87020894556074,81.97,460.0499877929688,460.43,0.3800122070312,27216.445,301.45,33452495121.7329,15.3919195720427
2023-02-19,0.3761636988069155,0.3761636988069155,-1.40208846564081,81.97,460.0499877929688,460.43,0.3800122070312,27216.445,301.45,33452495121.7329,15.3919195720427
2023-02-20,0.3786493321549783,0.3786493321549783,-1.3507360565147457,82.79,460.0400085449219,460.43,0.3899914550781318,27216.445,301.45,33452495121.7329,15.3919195720427
2023-02-21,0.3811349655030411,0.3811349655030411,-1.3447518980164317,82.14,460.0499877929688,460.43,0.3800122070312,27216.445,301.45,33452495121.7329,15.3919195720427
2023-02-22,0.3836205988511039,0.3836205988511039,-0.5342420031768593,79.55,456.0,460.43,4.430000000000007,27216.445,301.45,33452495121.7329,15.3919195720427
2023-02-23,0.3861062321991666,0.3861062321991666,-0.5526308588958518,82.08,459.9700012207031,460.43,0.4599987792968818,27216.445,301.45,33452495121.7329,15.3919195720427
2023-02-24,0.3885918655472294,0.3885918655472294,-1.432898288836443,82.31,459.9400024414063,460.43,0.4899975585937,27216.445,301.45,33452495121.7329,15.3919195720427
2023-02-25,0.3910774988952922,0.3910774988952922,-0.878856600207555,82.31,459.9400024414063,460.43,0.4899975585937,27216.445,301.45,33452495121.7329,15.3919195720427
2023-02-26,0.3935631322433549,0.3935631322433549,-1.5486674143581909,82.31,459.9400024414063,460.43,0.4899975585937,27216.445,301.45,33452495121.7329,15.3919195720427
2023-02-27,0.3960487655914177,0.3960487655914177,-1.4161895303710443,81.24,459.9400024414063,460.43,0.4899975585937,27216.445,301.45,33452495121.7329,15.3919195720427
2023-02-28,0.3985343989394805,0.3985343989394805,-1.682790522875122,83.21,458.0,460.43,2.430000000000007,27216.445,301.45,33452495121.7329,15.3919195720427
2023-03-01,0.4010200322875432,0.4010200322875432,-0.4212036320569704,83.68,459.9700012207031,460.43,0.4599987792968818,27216.445,301.821,33452495121.7329,15.3919195720427
2023-03-02,0.403505665635606,0.403505665635606,-0.0399610581572933,84.15,456.0,460.43,4.430000000000007,27216.445,301.821,33452495121.7329,15.3919195720427
2023-03-03,0.4059912989836688,0.4059912989836688,-0.7116750192246899,85.74,458.0,460.43,2.430000000000007,27216.445,301.821,33452495121.7329,15.3919195720427
2023-03-04,0.4084769323317315,0.4084769323317315,-0.700702944486486,85.74,458.0,460.43,2.430000000000007,27216.445,301.821,33452495121.7329,15.3919195720427
2023-03-05,0.4109625656797943,0.4109625656797943,-0.7774970518973136,85.74,458.0,460.43,2.430000000000007,27216.445,301.821,33452495121.7329,15.3919195720427
2023-03-06,0.4134481990278571,0.4134481990278571,-1.3140155270414244,85.86,459.9599914550781,460.43,0.4700085449218818,27216.445,301.821,33452495121.7329,15.3919195720427
2023-03-07,0.4159338323759198,0.4159338323759198,-1.0543570155326396,85.86,459.9599914550781,460.43,0.4700085449218818,27216.445,301.821,33452495121.7329,15.3919195720427
2023-03-08,0.4184194657239826,0.4184194657239826,-0.1225187341416413,82.1,455.0,460.43,5.430000000000007,27216.445,301.821,33452495121.7329,15.3919195720427
2023-03-09,0.4209050990720454,0.4209050990720454,-1.8476878870973945,81.0,456.0,460.43,4.430000000000007,27216.445,301.821,33452495121.7329,15.3919195720427
2023-03-10,0.4233907324201081,0.4233907324201081,-2.14236731027809,82.3,458.0,460.43,2.430000000000007,27216.445,301.821,33452495121.7329,15.3919195720427
2023-03-11,0.4258763657681709,0.4258763657681709,-1.4311298835317867,82.3,458.0,460.43,2.430000000000007,27216.445,301.821,33452495121.7329,15.3919195720427
2023-03-12,0.4283619991162337,0.4283619991162337,-1.987287844961377,82.3,458.0,460.43,2.430000000000007,27216.445,301.821,33452495121.7329,15.3919195720427
2023-03-13,0.4308476324642964,0.4308476324642964,-1.524194386443346,79.67,460.0199890136719,460.43,0.4100109863281318,27216.445,301.821,33452495121.7329,15.3919195720427
2023-03-14,0.4333332658123593,0.4333332658123593,-1.09952074510786,76.77,455.0,460.43,5.430000000000007,27216.445,301.821,33452495121.7329,15.3919195720427
2023-03-15,0.435818899160422,0.435818899160422,-0.8200995281119268,74.3,460.0299987792969,460.43,0.4000012207031318,27216.445,301.821,33452495121.7329,15.3919195720427
2023-03-16,0.4383045325084848,0.4383045325084848,-1.0912295682142257,73.12,457.0,460.43,3.430000000000007,27216.445,301.821,33452495121.7329,15.3919195720427
2023-03-17,0.4407901658565476,0.4407901658565476,-1.705168593797505,71.03,457.0,460.43,3.430000000000007,27216.445,301.821,33452495121.7329,15.3919195720427
2023-03-18,0.4432757992046103,0.4432757992046103,-1.5290472218031426,71.03,457.0,460.43,3.430000000000007,27216.445,301.821,33452495121.7329,15.3919195720427
2023-03-19,0.4457614325526731,0.4457614325526731,-2.317541890915187,71.03,457.0,460.43,3.430000000000007,27216.445,301.821,33452495121.7329,15.3919195720427
2023-03-20,0.4482470659007359,0.4482470659007359,-1.179473827297166,72.42,459.9400024414063,460.43,0.4899975585937,27216.445,301.821,33452495121.7329,15.3919195720427
2023-03-21,0.4507326992487986,0.4507326992487986,-1.0526393709847304,74.78,459.8900146484375,460.43,0.5399853515625068,27216.445,301.821,33452495121.7329,15.3919195720427
2023-03-22,0.4532183325968614,0.4532183325968614,-0.8628455465615692,76.08,459.9200134277344,460.43,0.5099865722656318,27216.445,301.821,33452495121.7329,15.3919195720427
2023-03-23,0.4557039659449242,0.4557039659449242,-1.211907497981498,74.31,459.9500122070313,460.43,0.4799877929687,27216.445,301.821,33452495121.7329,15.3919195720427
2023-03-24,0.4581895992929869,0.4581895992929869,-1.300273974109234,73.63,459.9800109863281,460.43,0.4499890136718818,27216.445,301.821,33452495121.7329,15.3919195720427
2023-03-25,0.4606752326410497,0.4606752326410497,-1.5027824043124414,73.63,459.9800109863281,460.43,0.4499890136718818,27216.445,301.821,33452495121.7329,15.3919195720427
2023-03-26,0.4631608659891125,0.4631608659891125,-1.2197595539550392,73.63,459.9800109863281,460.43,0.4499890136718818,27216.445,301.821,33452495121.7329,15.3919195720427
2023-03-27,0.4656464993371753,0.4656464993371753,-1.5813198444166598,76.8,459.9800109863281,460.43,0.4499890136718818,27216.445,301.821,33452495121.7329,15.3919195720427
2023-03-28,0.468132132685238,0.468132132685238,-1.6376070987042202,78.07,461.0,460.43,-0.5699999999999932,27216.445,301.821,33452495121.7329,15.3919195720427
2023-03-29,0.4706177660333008,0.4706177660333008,-0.6938117788841848,77.51,462.0,460.43,-1.5699999999999932,27216.445,301.821,33452495121.7329,15.3919195720427
2023-03-30,0.4731033993813636,0.4731033993813636,-1.4169425145240313,78.45,456.0,460.43,4.430000000000007,27216.445,301.821,33452495121.7329,15.3919195720427
2023-03-31,0.4755890327294264,0.4755890327294264,-1.524192424125414,79.19,459.0,460.43,1.4300000000000068,27216.445,301.821,33452495121.7329,15.3919195720427
2023-04-01,0.4780746660774891,0.4780746660774891,-1.1980596053242107,79.19,459.0,460.43,1.4300000000000068,27530.055,302.845,33452495121.7329,15.3919195720427
2023-04-02,0.4805602994255519,0.4805602994255519,-1.6046773926406492,79.19,459.0,460.43,1.4300000000000068,27530.055,302.845,33452495121.7329,15.3919195720427
2023-04-03,0.4830459327736147,0.4830459327736147,-1.8996681473732708,85.81,459.8399963378906,460.43,0.5900036621093818,27530.055,302.845,33452495121.7329,15.3919195720427
2023-04-04,0.4855315661216774,0.4855315661216774,-2.290951188611092,85.7,459.8299865722656,460.43,0.6000134277343818,27530.055,302.845,33452495121.7329,15.3919195720427
2023-04-05,0.4880171994697402,0.4880171994697402,-1.8869531329331977,85.89,462.0,460.43,-1.5699999999999932,27530.055,302.845,33452495121.7329,15.3919195720427
2023-04-06,0.490502832817803,0.490502832817803,-1.6029349003203328,86.56,461.0,460.43,-0.5699999999999932,27530.055,302.845,33452495121.7329,15.3919195720427
2023-04-07,0.4929884661658658,0.4929884661658658,-1.5218179204946778,86.56,459.8299865722656,460.43,0.6000134277343818,27530.055,302.845,33452495121.7329,15.3919195720427
2023-04-08,0.4954740995139285,0.4954740995139285,-2.0592210894510248,86.56,459.8299865722656,460.43,0.6000134277343818,27530.055,302.845,33452495121.7329,15.3919195720427
2023-04-09,0.4979597328619913,0.4979597328619913,-1.1543898178455765,86.56,459.8299865722656,460.43,0.6000134277343818,27530.055,302.845,33452495121.7329,15.3919195720427
2023-04-10,0.5004453662100541,0.5004453662100541,-1.4341941944506091,86.56,459.8299865722656,460.43,0.6000134277343818,27530.055,302.845,33452495121.7329,15.3919195720427
2023-04-11,0.5029309995581168,0.5029309995581168,-1.6620081136538425,87.32,459.8299865722656,460.43,0.6000134277343818,27530.055,302.845,33452495121.7329,15.3919195720427
2023-04-12,0.5054166329061797,0.5054166329061797,-1.629295882012077,88.31,463.0,460.43,-2.569999999999993,27530.055,302.845,33452495121.7329,15.3919195720427
2023-04-13,0.5079022662542424,0.5079022662542424,-2.0065142231902504,86.51,462.0,460.43,-1.5699999999999932,27530.055,302.845,33452495121.7329,15.3919195720427
2023-04-14,0.5103878996023052,0.5103878996023052,-1.3710246632890464,87.31,463.0,460.43,-2.569999999999993,27530.055,302.845,33452495121.7329,15.3919195720427
2023-04-15,0.512873532950368,0.512873532950368,-1.6954892014348113,87.31,463.0,460.43,-2.569999999999993,27530.055,302.845,33452495121.7329,15.3919195720427
2023-04-16,0.5153591662984307,0.5153591662984307,-1.7970729067402749,87.31,463.0,460.43,-2.569999999999993,27530.055,302.845,33452495121.7329,15.3919195720427
2023-04-17,0.5178447996464934,0.5178447996464934,-2.1251085873575386,85.63,459.9299926757813,460.43,0.5000073242187,27530.055,302.845,33452495121.7329,15.3919195720427
2023-04-18,0.5203304329945563,0.5203304329945563,-2.007360472043296,85.48,459.9200134277344,460.43,0.5099865722656318,27530.055,302.845,33452495121.7329,15.3919195720427
2023-04-19,0.522816066342619,0.522816066342619,-1.756265561520317,85.34,463.0,460.43,-2.569999999999993,27530.055,302.845,33452495121.7329,15.3919195720427
2023-04-20,0.5253016996906819,0.5253016996906819,-1.9434255202805728,83.29,460.0299987792969,460.43,0.4000012207031318,27530.055,302.845,33452495121.7329,15.3919195720427
2023-04-21,0.5277873330387446,0.5277873330387446,-0.8155934247723726,83.36,461.0,460.43,-0.5699999999999932,27530.055,302.845,33452495121.7329,15.3919195720427
2023-04-22,0.5302729663868073,0.5302729663868073,-0.8215437552284421,83.36,461.0,460.43,-0.5699999999999932,27530.055,302.845,33452495121.7329,15.3919195720427
2023-04-23,0.53275859973487,0.53275859973487,-1.4867924270070514,83.36,461.0,460.43,-0.5699999999999932,27530.055,302.845,33452495121.7329,15.3919195720427
2023-04-24,0.5352442330829329,0.5352442330829329,-1.391523298596442,84.23,460.0299987792969,460.43,0.4000012207031318,27530.055,302.845,33452495121.7329,15.3919195720427
2023-04-25,0.5377298664309956,0.5377298664309956,-0.9272758371085378,82.13,460.0299987792969,460.43,0.4000012207031318,27530.055,302.845,33452495121.7329,15.3919195720427
2023-04-26,0.5402154997790585,0.5402154997790585,-1.17672147970607,79.19,461.0,460.43,-0.5699999999999932,27530.055,302.845,33452495121.7329,15.3919195720427
2023-04-27,0.5427011331271212,0.5427011331271212,-1.1169316389739503,80.11,461.0,460.43,-0.5699999999999932,27530.055,302.845,33452495121.7329,15.3919195720427
2023-04-28,0.5451867664751839,0.5451867664751839,-0.774242298989739,81.32,460.0,460.43,0.4300000000000068,27530.055,302.845,33452495121.7329,15.3919195720427
2023-04-29,0.5476723998232467,0.5476723998232467,-0.322096961599337,81.32,460.0,460.43,0.4300000000000068,27530.055,302.845,33452495121.7329,15.3919195720427
2023-04-30,0.5501580331713095,0.5501580331713095,-0.9261668788663532,81.32,460.0,460.43,0.4300000000000068,27530.055,302.845,33452495121.7329,15.3919195720427
2023-05-01,0.5526436665193724,0.5526436665193724,-0.4292130537365541,81.32,459.9700012207031,460.71,0.7399987792968545,27530.055,303.334,33452495121.7329,15.3919195720427
2023-05-02,0.5551292998674351,0.5551292998674351,-0.7991167084384357,76.71,460.0,460.71,0.7099999999999795,27530.055,303.334,33452495121.7329,15.3919195720427
2023-05-03,0.5576149332154978,0.5576149332154978,-0.6932752453307539,72.91,461.0,460.71,-0.29000000000002046,27530.055,303.334,33452495121.7329,15.3919195720427
2023-05-04,0.5601005665635606,0.5601005665635606,-1.2045021119331605,73.0,459.8500061035156,460.71,0.8599938964843545,27530.055,303.334,33452495121.7329,15.3919195720427
2023-05-05,0.5625861999116233,0.5625861999116233,-1.5922885565892813,75.85,460.0,460.71,0.7099999999999795,27530.055,303.334,33452495121.7329,15.3919195720427
2023-05-06,0.5650718332596861,0.5650718332596861,-0.7945159031084666,75.85,460.0,460.71,0.7099999999999795,27530.055,303.334,33452495121.7329,15.3919195720427
2023-05-07,0.567557466607749,0.567557466607749,-0.5950862628792744,75.85,460.0,460.71,0.7099999999999795,27530.055,303.334,33452495121.7329,15.3919195720427
2023-05-08,0.5700430999558117,0.5700430999558117,-0.8167582812635334,75.85,459.8699951171875,460.71,0.8400048828124795,27530.055,303.334,33452495121.7329,15.3919195720427
2023-05-09,0.5725287333038744,0.5725287333038744,-0.4274532161959321,77.76,459.0,460.71,1.7099999999999795,27530.055,303.334,33452495121.7329,15.3919195720427
2023-05-10,0.5750143666519372,0.5750143666519372,-0.282476602525108,76.7,461.0,460.71,-0.29000000000002046,27530.055,303.334,33452495121.7329,15.3919195720427
2023-05-11,0.5775,0.5775,-0.6999422039277272,75.32,461.0,460.71,-0.29000000000002046,27530.055,303.334,33452495121.7329,15.3919195720427
2023-05-12,0.5,0.5,-0.6963410832441155,74.54,461.0,460.71,-0.29000000000002046,27530.055,303.334,33452495121.7329,15.3919195720427
2023-05-13,0.4434625149130425,0.4434625149130425,-0.417603663205988,74.54,461.0,460.71,-0.29000000000002046,27530.055,303.334,33452495121.7329,15.3919195720427
2023-05-14,0.4732363299238447,0.4732363299238447,-0.746259672012612,74.54,461.0,460.71,-0.29000000000002046,27530.055,303.334,33452495121.7329,15.3919195720427
2023-05-15,0.5030101449346469,0.5030101449346469,-0.955359656628094,75.46,460.0299987792969,460.71,0.6800012207031045,27530.055,303.334,33452495121.7329,15.3919195720427
2023-05-16,0.5327839599454491,0.5327839599454491,-1.5296087027323235,75.15,460.0,460.71,0.7099999999999795,27530.055,303.334,33452495121.7329,15.3919195720427
2023-05-17,0.5625577749562513,0.5625577749562513,-1.6268568717619716,76.98,459.0,460.71,1.7099999999999795,27530.055,303.334,33452495121.7329,15.3919195720427
2023-05-18,0.5923315899670535,0.5923315899670535,-1.5856798870562323,75.75,459.0,460.71,1.7099999999999795,27530.055,303.334,33452495121.7329,15.3919195720427
2023-05-19,0.6382733775002901,0.6382733775002901,-1.634084940632986,75.42,460.0,460.71,0.7099999999999795,27530.055,303.334,33452495121.7329,15.3919195720427
2023-05-20,0.6842151650335268,0.6842151650335268,-1.1354420367295088,75.42,460.0,460.71,0.7099999999999795,27530.055,303.334,33452495121.7329,15.3919195720427
2023-05-21,0.7301569525667634,0.7301569525667634,-0.9289897113131448,75.42,460.0,460.71,0.7099999999999795,27530.055,303.334,33452495121.7329,15.3919195720427
2023-05-22,0.7760987401,0.7760987401,-0.5691341835323028,75.77,460.3399963378906,460.71,0.37000366210935454,27530.055,303.334,33452495121.7329,15.3919195720427
2023-05-23,0.96,0.96,-0.4978768630680024,76.66,460.0,460.71,0.7099999999999795,27530.055,303.334,33452495121.7329,15.3919195720427
2023-05-24,0.77,0.77,-0.4958613707841123,77.99,459.0,460.71,1.7099999999999795,27530.055,303.334,33452495121.7329,15.3919195720427
2023-05-25,0.7025,0.7025,-0.5711427876730358,75.66,460.0,460.71,0.7099999999999795,27530.055,303.334,33452495121.7329,15.3919195720427
2023-05-26,0.635,0.635,-0.2931006853634143,76.33,460.0,460.71,0.7099999999999795,27530.055,303.334,33452495121.7329,15.3919195720427
2023-05-27,0.5675,0.5675,0.159148304973113,76.33,460.0,460.71,0.7099999999999795,27530.055,303.334,33452495121.7329,15.3919195720427
2023-05-28,0.5,0.5,-0.4779218178634807,76.33,460.0,460.71,0.7099999999999795,27530.055,303.334,33452495121.7329,15.3919195720427
2023-05-29,0.5,0.5,0.0784679026255546,76.33,460.25,460.71,0.45999999999997954,27530.055,303.334,33452495121.7329,15.3919195720427
2023-05-30,0.5002880399015873,0.5002880399015873,-0.6268022502282998,73.38,460.2200012207031,460.71,0.48999877929685454,27530.055,303.334,33452495121.7329,15.3919195720427
2023-05-31,0.5005760798031746,0.5005760798031746,-0.8154932713399462,71.98,460.0,460.71,0.7099999999999795,27530.055,303.334,33452495121.7329,15.3919195720427
2023-06-01,0.5008641197047619,0.5008641197047619,-0.4838215279753725,74.18,459.0,615.78,156.77999999999997,27530.055,304.014,33452495121.7329,15.3919195720427
2023-06-02,0.5011521596063492,0.5011521596063492,-0.6936403885060852,76.0,460.760009765625,615.78,155.01999023437497,27530.055,304.014,33452495121.7329,15.3919195720427
2023-06-03,0.5014401995079365,0.5014401995079365,-0.8306790269683669,76.0,460.760009765625,615.78,155.01999023437497,27530.055,304.014,33452495121.7329,15.3919195720427
2023-06-04,0.5017282394095238,0.5017282394095238,-0.7119096131226353,76.0,460.760009765625,615.78,155.01999023437497,27530.055,304.014,33452495121.7329,15.3919195720427
2023-06-05,0.5020162793111111,0.5020162793111111,-1.311713171114281,76.61,460.9200134277344,615.78,154.8599865722656,27530.055,304.014,33452495121.7329,15.3919195720427
2023-06-06,0.5023043192126984,0.5023043192126984,-1.6354807811735288,76.22,460.0,615.78,155.77999999999997,27530.055,304.014,33452495121.7329,15.3919195720427
2023-06-07,0.5025923591142857,0.5025923591142857,-0.9397171310876664,76.85,460.0,615.78,155.77999999999997,27530.055,304.014,33452495121.7329,15.3919195720427
2023-06-08,0.502880399015873,0.502880399015873,-0.8360068410831466,75.88,460.0,615.78,155.77999999999997,27530.055,304.014,33452495121.7329,15.3919195720427
2023-06-09,0.5031684389174603,0.5031684389174603,-0.7254464580987212,74.74,461.6700134277344,615.78,154.1099865722656,27530.055,304.014,33452495121.7329,15.3919195720427
2023-06-10,0.5034564788190476,0.5034564788190476,-1.9604709144711816,74.74,461.6700134277344,615.78,154.1099865722656,27530.055,304.014,33452495121.7329,15.3919195720427
2023-06-11,0.503744518720635,0.503744518720635,-1.1680219788915749,74.74,461.6700134277344,615.78,154.1099865722656,27530.055,304.014,33452495121.7329,15.3919195720427
2023-06-12,0.5040325586222222,0.5040325586222222,-0.7997206643351163,71.8,461.8999938964844,615.78,153.8800061035156,27530.055,304.014,33452495121.7329,15.3919195720427
2023-06-13,0.5043205985238095,0.5043205985238095,-0.531821177832611,74.24,461.0,615.78,154.77999999999997,27530.055,304.014,33452495121.7329,15.3919195720427
2023-06-14,0.5046086384253968,0.5046086384253968,-1.2839830050679393,73.39,461.0,615.78,154.77999999999997,27530.055,304.014,33452495121.7329,15.3919195720427
2023-06-15,0.5048966783269841,0.5048966783269841,-1.7510443921935344,75.75,462.3800048828125,615.78,153.39999511718747,27530.055,304.014,33452495121.7329,15.3919195720427
2023-06-16,0.5051847182285715,0.5051847182285715,-1.4250894467166837,76.76,608.0,615.78,7.779999999999973,27530.055,304.014,33452495121.7329,15.3919195720427
2023-06-17,0.5054727581301587,0.5054727581301587,-1.739718820464378,76.76,608.0,615.78,7.779999999999973,27530.055,304.014,33452495121.7329,15.3919195720427
2023-06-18,0.505760798031746,0.505760798031746,-0.7387009163730661,76.76,608.0,615.78,7.779999999999973,27530.055,304.014,33452495121.7329,15.3919195720427
2023-06-19,0.5060488379333333,0.5060488379333333,-0.8470861913967968,76.09,656.0,615.78,-40.22000000000003,27530.055,304.014,33452495121.7329,15.3919195720427
2023-06-20,0.5063368778349207,0.5063368778349207,-1.1290492871755955,75.79,686.9600219726562,615.78,-71.18002197265628,27530.055,304.014,33452495121.7329,15.3919195720427
2023-06-21,0.506624917736508,0.506624917736508,-0.617408074805455,76.92,753.0,615.78,-137.22000000000003,27530.055,304.014,33452495121.7329,15.3919195720427
2023-06-22,0.5069129576380952,0.5069129576380952,-0.8335161123438257,73.93,817.0,615.78,-201.22000000000003,27530.055,304.014,33452495121.7329,15.3919195720427
2023-06-23,0.5072009975396825,0.5072009975396825,-1.3367007134075397,73.56,816.0,615.78,-200.22000000000003,27530.055,304.014,33452495121.7329,15.3919195720427
2023-06-24,0.5074890374412698,0.5074890374412698,-0.773563697040454,73.56,816.0,615.78,-200.22000000000003,27530.055,304.014,33452495121.7329,15.3919195720427
2023-06-25,0.5077770773428572,0.5077770773428572,-3.828566354641112,73.56,816.0,615.78,-200.22000000000003,27530.055,304.014,33452495121.7329,15.3919195720427
2023-06-26,0.5080651172444445,0.5080651172444445,-1.6916383232768908,73.86,761.0,615.78,-145.22000000000003,27530.055,304.014,33452495121.7329,15.3919195720427
2023-06-27,0.5083531571460317,0.5083531571460317,-0.809119008243023,71.88,810.0,615.78,-194.22000000000003,27530.055,304.014,33452495121.7329,15.3919195720427
2023-06-28,0.508641197047619,0.508641197047619,0.0562074882258669,73.64,764.0499877929688,615.78,-148.26998779296878,27530.055,304.014,33452495121.7329,15.3919195720427
2023-06-29,0.5089292369492063,0.5089292369492063,-0.0601231177463879,73.86,753.9500122070312,615.78,-138.17001220703128,27530.055,304.014,33452495121.7329,15.3919195720427
2023-06-30,0.5092172768507937,0.5092172768507937,-0.7175708215002442,74.51,752.0,615.78,-136.22000000000003,27530.055,304.014,33452495121.7329,15.3919195720427
2023-07-01,0.509505316752381,0.509505316752381,-1.246875107634327,74.51,752.0,770.29,18.289999999999964,28074.846,304.609,33452495121.7329,15.3919195720427
2023-07-02,0.5097933566539683,0.5097933566539683,-0.9088702086184702,74.51,752.0,770.29,18.289999999999964,28074.846,304.609,33452495121.7329,15.3919195720427
2023-07-03,0.5100813965555555,0.5100813965555555,-1.2500593677415253,74.52,759.77001953125,770.29,10.519980468749964,28074.846,304.609,33452495121.7329,15.3919195720427
2023-07-04,0.5103694364571428,0.5103694364571428,-0.8287109469339675,76.23,770.0,770.29,0.2899999999999636,28074.846,304.609,33452495121.7329,15.3919195720427
2023-07-05,0.5106574763587302,0.5106574763587302,-1.1493264129146954,76.74,770.8800048828125,770.29,-0.5900048828125364,28074.846,304.609,33452495121.7329,15.3919195720427
2023-07-06,0.5109455162603175,0.5109455162603175,-1.4595380283424528,76.72,773.0,770.29,-2.7100000000000364,28074.846,304.609,33452495121.7329,15.3919195720427
2023-07-07,0.5112335561619048,0.5112335561619048,-1.1958750745456794,78.77,774.0,770.29,-3.7100000000000364,28074.846,304.609,33452495121.7329,15.3919195720427
2023-07-08,0.511521596063492,0.511521596063492,-1.2106378835712122,78.77,774.0,770.29,-3.7100000000000364,28074.846,304.609,33452495121.7329,15.3919195720427
2023-07-09,0.5118096359650793,0.5118096359650793,-1.3842106370654266,78.77,774.0,770.29,-3.7100000000000364,28074.846,304.609,33452495121.7329,15.3919195720427
2023-07-10,0.5120976758666667,0.5120976758666667,-1.345398038168848,77.83,762.0599975585938,770.29,8.230002441406214,28074.846,304.609,33452495121.7329,15.3919195720427
2023-07-11,0.512385715768254,0.512385715768254,-1.9206690047340835,79.54,787.1500244140625,770.29,-16.860024414062536,28074.846,304.609,33452495121.7329,15.3919195720427
2023-07-12,0.5126737556698413,0.5126737556698413,-1.4641387205930798,80.35,780.0,770.29,-9.710000000000036,28074.846,304.609,33452495121.7329,15.3919195720427
2023-07-13,0.5129617955714285,0.5129617955714285,-1.6490369001763518,81.31,776.0,770.29,-5.710000000000036,28074.846,304.609,33452495121.7329,15.3919195720427
2023-07-14,0.5132498354730158,0.5132498354730158,-1.8031968308986184,79.9,777.0,770.29,-6.710000000000036,28074.846,304.609,33452495121.7329,15.3919195720427
2023-07-15,0.5135378753746032,0.5135378753746032,-1.5495380817385689,79.9,777.0,770.29,-6.710000000000036,28074.846,304.609,33452495121.7329,15.3919195720427
2023-07-16,0.5138259152761905,0.5138259152761905,-1.3102146604623572,79.9,777.0,770.29,-6.710000000000036,28074.846,304.609,33452495121.7329,15.3919195720427
2023-07-17,0.5141139551777778,0.5141139551777778,-1.9781369325053824,77.8,776.0,770.29,-5.710000000000036,28074.846,304.609,33452495121.7329,15.3919195720427
2023-07-18,0.514401995079365,0.514401995079365,-1.7537584761277176,79.54,777.0,770.29,-6.710000000000036,28074.846,304.609,33452495121.7329,15.3919195720427
2023-07-19,0.5146900349809523,0.5146900349809523,-1.2785268758394914,79.38,789.0,770.29,-18.710000000000036,28074.846,304.609,33452495121.7329,15.3919195720427
2023-07-20,0.5149780748825397,0.5149780748825397,-1.2321580451246292,79.62,791.010009765625,770.29,-20.720009765625036,28074.846,304.609,33452495121.7329,15.3919195720427
2023-07-21,0.515266114784127,0.515266114784127,-1.4626762732701415,81.06,790.510009765625,770.29,-20.220009765625036,28074.846,304.609,33452495121.7329,15.3919195720427
2023-07-22,0.5155541546857143,0.5155541546857143,-2.0366606358007133,81.06,790.510009765625,770.29,-20.220009765625036,28074.846,304.609,33452495121.7329,15.3919195720427
2023-07-23,0.5158421945873016,0.5158421945873016,-1.8498931203940137,81.06,790.510009765625,770.29,-20.220009765625036,28074.846,304.609,33452495121.7329,15.3919195720427
2023-07-24,0.5161302344888888,0.5161302344888888,-1.9067318265039608,82.53,791.510009765625,770.29,-21.220009765625036,28074.846,304.609,33452495121.7329,15.3919195720427
2023-07-25,0.5164182743904762,0.5164182743904762,-2.715649300226354,83.46,792.8200073242188,770.29,-22.530007324218786,28074.846,304.609,33452495121.7329,15.3919195720427
2023-07-26,0.5167063142920635,0.5167063142920635,-2.1995618265903767,82.98,792.8200073242188,770.29,-22.530007324218786,28074.846,304.609,33452495121.7329,15.3919195720427
2023-07-27,0.5169943541936508,0.5169943541936508,-1.798715060542563,84.28,788.0,770.29,-17.710000000000036,28074.846,304.609,33452495121.7329,15.3919195720427
2023-07-28,0.5172823940952381,0.5172823940952381,-1.2436955653622126,84.49,775.0,770.29,-4.710000000000036,28074.846,304.609,33452495121.7329,15.3919195720427
2023-07-29,0.5175704339968253,0.5175704339968253,-1.1219525068922749,84.49,775.0,770.29,-4.710000000000036,28074.846,304.609,33452495121.7329,15.3919195720427
2023-07-30,0.5178584738984127,0.5178584738984127,-1.5747963366888222,84.49,775.0,770.29,-4.710000000000036,28074.846,304.609,33452495121.7329,15.3919195720427
2023-07-31,0.5181465138,0.5181465138,-1.369757933402021,85.22,771.9400024414062,770.29,-1.6500024414062864,28074.846,304.609,33452495121.7329,15.3919195720427
2023-08-01,0.4990292548,0.4990292548,-1.2212941761526348,85.34,759.9000244140625,761.62,1.7199755859375045,28074.846,306.082,33452495121.7329,15.3919195720427
2023-08-02,0.4963636364,0.4963636364,-1.6322308918434103,84.01,758.02001953125,761.62,3.5999804687500045,28074.846,306.082,33452495121.7329,15.3919195720427
2023-08-03,0.4934221685,0.4934221685,-1.3840985744387784,86.19,775.8599853515625,761.62,-14.239985351562495,28074.846,306.082,33452495121.7329,15.3919195720427
2023-08-04,0.5261904762,0.5261904762,-1.0945718343503148,87.38,777.5,761.62,-15.879999999999995,28074.846,306.082,33452495121.7329,15.3919195720427
2023-08-05,0.5346725678,0.5346725678,-1.2149597179905656,87.38,777.5,761.62,-15.879999999999995,28074.846,306.082,33452495121.7329,15.3919195720427
2023-08-06,0.484893521,0.484893521,-1.4430156505975886,87.38,777.5,761.62,-15.879999999999995,28074.846,306.082,33452495121.7329,15.3919195720427
2023-08-07,0.4825342463,0.4825342463,-1.589220343166802,86.47,765.0900268554688,761.62,-3.4700268554687455,28074.846,306.082,33452495121.7329,15.3919195720427
2023-08-08,0.4688611676000001,0.4688611676000001,-1.663231741117004,88.0,750.6199951171875,761.62,11.000004882812505,28074.846,306.082,33452495121.7329,15.3919195720427
2023-08-09,0.4995112255,0.4995112255,-1.74984411559066,89.31,750.469970703125,761.62,11.150029296875005,28074.846,306.082,33452495121.7329,15.3919195720427
2023-08-10,0.5523844548,0.5523844548,-1.3904053759949226,87.44,768.77001953125,761.62,-7.1500195312499955,28074.846,306.082,33452495121.7329,15.3919195720427
2023-08-11,0.4310243933,0.4310243933,-1.6245978320476264,87.93,768.739990234375,761.62,-7.1199902343749955,28074.846,306.082,33452495121.7329,15.3919195720427
2023-08-12,0.5931372957,0.5931372957,-1.5349269011967512,87.93,768.739990234375,761.62,-7.1199902343749955,28074.846,306.082,33452495121.7329,15.3919195720427
2023-08-13,0.4956058456,0.4956058456,-1.67856396463054,87.93,768.739990234375,761.62,-7.1199902343749955,28074.846,306.082,33452495121.7329,15.3919195720427
2023-08-14,0.4531688936,0.4531688936,-2.203764877348677,87.4,771.6699829101562,761.62,-10.049982910156245,28074.846,306.082,33452495121.7329,15.3919195720427
2023-08-15,0.546447056,0.546447056,-2.0618418787776376,86.28,765.9000244140625,761.62,-4.2800244140624955,28074.846,306.082,33452495121.7329,15.3919195720427
2023-08-16,0.3805882353,0.3805882353,-1.3963997201407683,84.49,760.0,761.62,1.6200000000000045,28074.846,306.082,33452495121.7329,15.3919195720427
2023-08-17,0.2834274802,0.2834274802,-1.8287745907511108,85.24,785.3900146484375,761.62,-23.770014648437495,28074.846,306.082,33452495121.7329,15.3919195720427
2023-08-18,0.4073465191,0.4073465191,-1.3625485238912456,85.92,767.469970703125,761.62,-5.8499707031249955,28074.846,306.082,33452495121.7329,15.3919195720427
2023-08-19,0.3754545455,0.3754545455,-0.794522796924827,85.92,767.469970703125,761.62,-5.8499707031249955,28074.846,306.082,33452495121.7329,15.3919195720427
2023-08-20,0.5033333333,0.5033333333,-0.999058294556598,85.92,767.469970703125,761.62,-5.8499707031249955,28074.846,306.082,33452495121.7329,15.3919195720427
2023-08-21,0.5585714286,0.5585714286,-0.8049614125454048,85.44,745.9299926757812,761.62,15.690007324218755,28074.846,306.082,33452495121.7329,15.3919195720427
2023-08-22,0.583830598,0.583830598,-1.2257605281159505,84.7,764.5,761.62,-2.8799999999999955,28074.846,306.082,33452495121.7329,15.3919195720427
2023-08-23,0.3972413765,0.3972413765,-0.8325086208855895,83.94,761.7899780273438,761.62,-0.16997802734374545,28074.846,306.082,33452495121.7329,15.3919195720427
2023-08-24,0.3957142857,0.3957142857,-1.4599531832143071,84.07,760.0,761.62,1.6200000000000045,28074.846,306.082,33452495121.7329,15.3919195720427
2023-08-25,0.7664516123,0.7664516123,-1.1944429989974692,85.42,755.2100219726562,761.62,6.4099780273437545,28074.846,306.082,33452495121.7329,15.3919195720427
2023-08-26,0.1525,0.1525,-1.4741700814989755,85.42,755.2100219726562,761.62,6.4099780273437545,28074.846,306.082,33452495121.7329,15.3919195720427
2023-08-27,0.54,0.54,-1.12079187387457,85.42,755.2100219726562,761.62,6.4099780273437545,28074.846,306.082,33452495121.7329,15.3919195720427
2023-08-28,0.5672857143,0.5672857143,-1.2323861975368944,85.42,770.8400268554688,761.62,-9.220026855468745,28074.846,306.082,33452495121.7329,15.3919195720427
2023-08-29,0.5000003625,0.5000003625,-1.6434173195627753,86.37,773.9000244140625,761.62,-12.280024414062495,28074.846,306.082,33452495121.7329,15.3919195720427
2023-08-30,0.971,0.971,-1.2561433683187326,86.62,771.969970703125,761.62,-10.349970703124995,28074.846,306.082,33452495121.7329,15.3919195720427
2023-08-31,0.4747344991,0.4747344991,-1.577163012971402,87.29,773.0,761.62,-11.379999999999995,28074.846,306.082,33452495121.7329,15.3919195720427
2023-09-01,0.5,0.5,1.387402997735414,89.98,773.0,761.33,-11.669999999999959,28074.846,307.276,33452495121.7329,15.3919195720427
2023-09-02,0.6796230424,0.6796230424,-0.77159529329571,89.98,773.0,761.33,-11.669999999999959,28074.846,307.276,33452495121.7329,15.3919195720427
2023-09-03,0.982,0.982,-1.149104397045306,89.98,773.0,761.33,-11.669999999999959,28074.846,307.276,33452495121.7329,15.3919195720427
2023-09-04,0.6215,0.6215,-0.963981752729752,90.42,756.52001953125,761.33,4.809980468750041,28074.846,307.276,33452495121.7329,15.3919195720427
2023-09-05,0.6449411765,0.6449411765,-1.369335890187563,91.25,756.989990234375,761.33,4.340009765625041,28074.846,307.276,33452495121.7329,15.3919195720427
2023-09-06,0.44797058825,0.44797058825,-0.8366785903761854,91.79,760.5,761.33,0.8300000000000409,28074.846,307.276,33452495121.7329,15.3919195720427
2023-09-07,0.251,0.251,0.0001846772888725,91.16,753.8599853515625,761.33,7.470014648437541,28074.846,307.276,33452495121.7329,15.3919195720427
2023-09-08,0.7099760714,0.7099760714,-0.4906205611809194,91.85,785.0,761.33,-23.66999999999996,28074.846,307.276,33452495121.7329,15.3919195720427
2023-09-09,0.6986247018,0.6986247018,-0.591707878725303,91.85,785.0,761.33,-23.66999999999996,28074.846,307.276,33452495121.7329,15.3919195720427
2023-09-10,0.985,0.985,-0.871287268746747,91.85,785.0,761.33,-23.66999999999996,28074.846,307.276,33452495121.7329,15.3919195720427
2023-09-11,0.9333333333333332,0.9333333333333332,-0.7258222041526246,91.97,789.0,761.33,-27.66999999999996,28074.846,307.276,33452495121.7329,15.3919195720427
2023-09-12,0.8816666666666666,0.8816666666666666,-0.5672303858317387,93.58,779.0460205078125,761.33,-17.71602050781246,28074.846,307.276,33452495121.7329,15.3919195720427
2023-09-13,0.83,0.83,-0.7464586282260136,93.04,754.5,761.33,6.830000000000041,28074.846,307.276,33452495121.7329,15.3919195720427
2023-09-14,0.8156521739130435,0.8156521739130435,-1.156234034626448,95.2,783.0,761.33,-21.66999999999996,28074.846,307.276,33452495121.7329,15.3919195720427
2023-09-15,0.801304347826087,0.801304347826087,-0.284079881650942,95.55,784.0,761.33,-22.66999999999996,28074.846,307.276,33452495121.7329,15.3919195720427
2023-09-16,0.7869565217391304,0.7869565217391304,-0.4621763042291045,95.55,784.0,761.33,-22.66999999999996,28074.846,307.276,33452495121.7329,15.3919195720427
2023-09-17,0.7726086956521738,0.7726086956521738,-1.4738797612666854,95.55,784.0,761.33,-22.66999999999996,28074.846,307.276,33452495121.7329,15.3919195720427
2023-09-18,0.7582608695652173,0.7582608695652173,-1.1324851086116996,95.95,767.739990234375,761.33,-6.409990234374959,28074.846,307.276,33452495121.7329,15.3919195720427
2023-09-19,0.7439130434782608,0.7439130434782608,-1.1507501854538134,96.11,759.9299926757812,761.33,1.400007324218791,28074.846,307.276,33452495121.7329,15.3919195720427
2023-09-20,0.7295652173913043,0.7295652173913043,-1.2408666955543035,94.56,776.0,761.33,-14.669999999999959,28074.846,307.276,33452495121.7329,15.3919195720427
2023-09-21,0.7152173913043478,0.7152173913043478,-0.638343635221909,93.7,770.27001953125,761.33,-8.940019531249959,28074.846,307.276,33452495121.7329,15.3919195720427
2023-09-22,0.7008695652173913,0.7008695652173913,-1.3434787859943054,93.99,767.4299926757812,761.33,-6.099992675781209,28074.846,307.276,33452495121.7329,15.3919195720427
2023-09-23,0.6865217391304348,0.6865217391304348,-1.281670996827048,93.99,767.4299926757812,761.33,-6.099992675781209,28074.846,307.276,33452495121.7329,15.3919195720427
2023-09-24,0.6721739130434783,0.6721739130434783,-1.1061422202328473,93.99,767.4299926757812,761.33,-6.099992675781209,28074.846,307.276,33452495121.7329,15.3919195720427
2023-09-25,0.6578260869565218,0.6578260869565218,-1.280102904487696,94.01,767.4299926757812,761.33,-6.099992675781209,28074.846,307.276,33452495121.7329,15.3919195720427
2023-09-26,0.6434782608695653,0.6434782608695653,-1.152914150912142,94.46,779.0499877929688,761.33,-17.71998779296871,28074.846,307.276,33452495121.7329,15.3919195720427
2023-09-27,0.6291304347826087,0.6291304347826087,-0.8308527377859933,97.1,779.0499877929688,761.33,-17.71998779296871,28074.846,307.276,33452495121.7329,15.3919195720427
2023-09-28,0.6147826086956522,0.6147826086956522,-0.766965663642263,96.64,781.0,761.33,-19.66999999999996,28074.846,307.276,33452495121.7329,15.3919195720427
2023-09-29,0.6004347826086956,0.6004347826086956,-1.3750675471245797,95.86,777.5999755859375,761.33,-16.26997558593746,28074.846,307.276,33452495121.7329,15.3919195720427
2023-09-30,0.5860869565217391,0.5860869565217391,-1.0522102980698895,95.86,777.5999755859375,761.33,-16.26997558593746,28074.846,307.276,33452495121.7329,15.3919195720427
2023-10-01,0.5717391304347826,0.5717391304347826,-0.3278121828357644,95.86,777.5999755859375,795.04,17.440024414062464,28424.722,307.696,33452495121.7329,15.3919195720427
2023-10-02,0.557391304347826,0.557391304347826,-0.4705487964101103,91.21,769.0499877929688,795.04,25.990012207031214,28424.722,307.696,33452495121.7329,15.3919195720427
2023-10-03,0.5430434782608695,0.5430434782608695,-1.188726896613576,94.46,766.469970703125,795.04,28.570029296874964,28424.722,307.696,33452495121.7329,15.3919195720427
2023-10-04,0.528695652173913,0.528695652173913,-1.5206599218219763,89.83,765.5,795.04,29.539999999999964,28424.722,307.696,33452495121.7329,15.3919195720427
2023-10-05,0.5143478260869565,0.5143478260869565,-1.2655017718673087,88.28,746.6099853515625,795.04,48.430014648437464,28424.722,307.696,33452495121.7329,15.3919195720427
2023-10-06,0.5,0.5,-0.9289666723447446,87.86,761.5399780273438,795.04,33.500021972656214,28424.722,307.696,33452495121.7329,15.3919195720427
2023-10-07,0.5173108750666666,0.5173108750666666,-1.9860494235698365,87.86,761.5399780273438,795.04,33.500021972656214,28424.722,307.696,33452495121.7329,15.3919195720427
2023-10-08,0.5346217501333334,0.5346217501333334,-1.3548827979635427,87.86,761.5399780273438,795.04,33.500021972656214,28424.722,307.696,33452495121.7329,15.3919195720427
2023-10-09,0.5519326252,0.5519326252,-1.50906593751855,91.37,771.5399780273438,795.04,23.500021972656214,28424.722,307.696,33452495121.7329,15.3919195720427
2023-10-10,0.4878717545,0.4878717545,-1.3646199403195651,90.7,758.7100219726562,795.04,36.329978027343714,28424.722,307.696,33452495121.7329,15.3919195720427
2023-10-11,0.4428571429,0.4428571429,-1.4094603886832358,87.58,763.030029296875,795.04,32.009970703124964,28424.722,307.696,33452495121.7329,15.3919195720427
2023-10-12,0.5013358783999999,0.5013358783999999,-1.5004799425332025,88.4,766.6090087890625,795.04,28.430991210937464,28424.722,307.696,33452495121.7329,15.3919195720427
2023-10-13,0.5598146139,0.5598146139,-0.4441112504918791,94.33,768.0999755859375,795.04,26.940024414062464,28424.722,307.696,33452495121.7329,15.3919195720427
2023-10-14,0.5469565217,0.5469565217,-0.4219077722142104,94.33,768.0999755859375,795.04,26.940024414062464,28424.722,307.696,33452495121.7329,15.3919195720427
2023-10-15,0.5045130744554607,0.5045130744554607,-0.6021370707556694,94.33,768.0999755859375,795.04,26.940024414062464,28424.722,307.696,33452495121.7329,15.3919195720427
2023-10-16,0.5489377347237762,0.5489377347237762,-0.8078957985101146,90.99,769.510009765625,795.04,25.529990234374964,28424.722,307.696,33452495121.7329,15.3919195720427
2023-10-17,0.4407415210570403,0.4407415210570403,-1.3903265541113026,92.52,765.0,795.04,30.039999999999964,28424.722,307.696,33452495121.7329,15.3919195720427
2023-10-18,0.5709202294090575,0.5709202294090575,-0.7817184034406434,91.99,763.0,795.04,32.039999999999964,28424.722,307.696,33452495121.7329,15.3919195720427
2023-10-19,0.5862978457412001,0.5862978457412001,-1.3168831322103358,93.12,765.5,795.04,29.539999999999964,28424.722,307.696,33452495121.7329,15.3919195720427
2023-10-20,0.6559356774340195,0.6559356774340195,-1.5198163069586978,93.72,749.0,795.04,46.039999999999964,28424.722,307.696,33452495121.7329,15.3919195720427
2023-10-21,0.4987197101613801,0.4987197101613801,-1.293555934763445,93.72,749.0,795.04,46.039999999999964,28424.722,307.696,33452495121.7329,15.3919195720427
2023-10-22,0.4954134649764324,0.4954134649764324,-1.265276592275116,93.72,749.0,795.04,46.039999999999964,28424.722,307.696,33452495121.7329,15.3919195720427
2023-10-23,0.4442916701138822,0.4442916701138822,-1.2421519264409513,91.88,859.22998046875,795.04,-64.18998046875004,28424.722,307.696,33452495121.7329,15.3919195720427
2023-10-24,0.4901074020063156,0.4901074020063156,-1.3366566398082973,88.0,764.5800170898438,795.04,30.459982910156214,28424.722,307.696,33452495121.7329,15.3919195720427
2023-10-25,0.5,0.5,-1.1090045955398746,90.14,860.0,795.04,-64.96000000000004,28424.722,307.696,33452495121.7329,15.3919195720427
2023-10-26,0.4559157576759134,0.4559157576759134,0.029901011910817,88.45,817.4099731445312,795.04,-22.369973144531286,28424.722,307.696,33452495121.7329,15.3919195720427
2023-10-27,0.532905268900094,0.532905268900094,0.184004288031695,90.73,802.2000122070312,795.04,-7.160012207031286,28424.722,307.696,33452495121.7329,15.3919195720427
2023-10-28,0.4833312533912666,0.4833312533912666,0.213481242547836,90.73,802.2000122070312,795.04,-7.160012207031286,28424.722,307.696,33452495121.7329,15.3919195720427
2023-10-29,0.5821382484103409,0.5821382484103409,-0.3179147400902462,90.73,802.2000122070312,795.04,-7.160012207031286,28424.722,307.696,33452495121.7329,15.3919195720427
2023-10-30,0.2259931250841747,0.2259931250841747,-1.0815479308230251,90.73,794.5,795.04,0.5399999999999636,28424.722,307.696,33452495121.7329,15.3919195720427
2023-10-31,0.3577131713767413,0.3577131713767413,-1.2530885428545109,86.82,785.97998046875,795.04,9.060019531249964,28424.722,307.696,33452495121.7329,15.3919195720427
2023-11-01,0.4014114613198809,0.4014114613198809,-1.5199731076752423,86.92,786.5,832.68,46.17999999999995,28424.722,308.148,33452495121.7329,15.3919195720427
2023-11-02,0.5088284703142779,0.5088284703142779,-1.5246570357321192,89.02,788.0,832.68,44.67999999999995,28424.722,308.148,33452495121.7329,15.3919195720427
2023-11-03,0.4371943601361879,0.4371943601361879,-0.8095640516983433,87.55,785.5900268554688,832.68,47.0899731445312,28424.722,308.148,33452495121.7329,15.3919195720427
2023-11-04,0.8498517511318334,0.8498517511318334,-0.4052916231680546,87.55,785.5900268554688,832.68,47.0899731445312,28424.722,308.148,33452495121.7329,15.3919195720427
2023-11-05,0.3260645094849461,0.3260645094849461,-0.8398514835227923,87.55,785.5900268554688,832.68,47.0899731445312,28424.722,308.148,33452495121.7329,15.3919195720427
2023-11-06,0.6764466633078515,0.6764466633078515,-0.8815513825930484,87.31,806.27001953125,832.68,26.40998046874995,28424.722,308.148,33452495121.7329,15.3919195720427
2023-11-07,0.5643380963227204,0.5643380963227204,-2.071410851372595,83.43,799.5,832.68,33.17999999999995,28424.722,308.148,33452495121.7329,15.3919195720427
2023-11-08,0.5809104187378565,0.5809104187378565,-0.9708238694444216,81.46,786.0900268554688,832.68,46.5899731445312,28424.722,308.148,33452495121.7329,15.3919195720427
2023-11-09,0.6615620378275524,0.6615620378275524,-1.1908945036554912,81.74,802.7999877929688,832.68,29.8800122070312,28424.722,308.148,33452495121.7329,15.3919195720427
2023-11-10,0.5677112370444105,0.5677112370444105,-0.8787934766164875,83.66,803.0059814453125,832.68,29.67401855468745,28424.722,308.148,33452495121.7329,15.3919195720427
2023-11-11,0.590368672179748,0.590368672179748,-0.0109475641135999,83.66,803.0059814453125,832.68,29.67401855468745,28424.722,308.148,33452495121.7329,15.3919195720427
2023-11-12,0.4926416268651143,0.4926416268651143,-0.8801578287607453,83.66,803.0059814453125,832.68,29.67401855468745,28424.722,308.148,33452495121.7329,15.3919195720427
2023-11-13,0.594721487110499,0.594721487110499,-0.5739136467291048,84.09,804.5,832.68,28.17999999999995,28424.722,308.148,33452495121.7329,15.3919195720427
2023-11-14,0.2807808650975796,0.2807808650975796,-1.1985713329580432,84.2,821.0,832.68,11.67999999999995,28424.722,308.148,33452495121.7329,15.3919195720427
2023-11-15,0.5,0.5,-1.6856592105882526,82.4,845.0,832.68,-12.32000000000005,28424.722,308.148,33452495121.7329,15.3919195720427
2023-11-16,0.5974491297289056,0.5974491297289056,-0.9762367619612314,77.73,843.0800170898438,832.68,-10.4000170898438,28424.722,308.148,33452495121.7329,15.3919195720427
2023-11-17,0.612641506517881,0.612641506517881,-0.6089186840002682,81.22,845.0,832.68,-12.32000000000005,28424.722,308.148,33452495121.7329,15.3919195720427
2023-11-18,0.5,0.5,-0.4160665800380178,81.22,845.0,832.68,-12.32000000000005,28424.722,308.148,33452495121.7329,15.3919195720427
2023-11-19,-0.0185064384862209,-0.0185064384862209,-0.8413936217686532,81.22,845.0,832.68,-12.32000000000005,28424.722,308.148,33452495121.7329,15.3919195720427
2023-11-20,0.568930147784837,0.568930147784837,-0.7677780845835513,83.25,839.5399780273438,832.68,-6.8599780273438,28424.722,308.148,33452495121.7329,15.3919195720427
2023-11-21,0.2647398632161725,0.2647398632161725,-1.0352589066646931,82.42,819.6799926757812,832.68,13.0000073242187,28424.722,308.148,33452495121.7329,15.3919195720427
2023-11-22,0.3658386882792959,0.3658386882792959,-0.957033724515826,81.76,816.0999755859375,832.68,16.58002441406245,28424.722,308.148,33452495121.7329,15.3919195720427
2023-11-23,0.8053134823626875,0.8053134823626875,-0.5612630065473954,80.85,803.8900146484375,832.68,28.78998535156245,28424.722,308.148,33452495121.7329,15.3919195720427
2023-11-24,0.5,0.5,-0.4289580083282504,79.82,804.4400024414062,832.68,28.2399975585937,28424.722,308.148,33452495121.7329,15.3919195720427
2023-11-25,0.3464102609,0.3464102609,-0.5668759072065823,79.82,804.4400024414062,832.68,28.2399975585937,28424.722,308.148,33452495121.7329,15.3919195720427
2023-11-26,0.5904296984841783,0.5904296984841783,-0.7896053340090674,79.82,804.4400024414062,832.68,28.2399975585937,28424.722,308.148,33452495121.7329,15.3919195720427
2023-11-27,0.5452148492420892,0.5452148492420892,-0.7183382695774666,79.49,803.0,832.68,29.67999999999995,28424.722,308.148,33452495121.7329,15.3919195720427
2023-11-28,0.5,0.5,-1.1153374238520215,81.66,799.0,832.68,33.67999999999995,28424.722,308.148,33452495121.7329,15.3919195720427
2023-11-29,0.0194687658449758,0.0194687658449758,-0.9679755782310236,82.98,789.0,832.68,43.67999999999995,28424.722,308.148,33452495121.7329,15.3919195720427
2023-11-30,0.9463197650249576,0.9463197650249576,-1.2146524072842633,81.72,793.5,832.68,39.17999999999995,28424.722,308.148,33452495121.7329,15.3919195720427
2023-12-01,0.4635965188204898,0.4635965188204898,-0.8172083331705206,78.72,790.0,876.4,86.39999999999998,28424.722,308.741,33452495121.7329,15.3919195720427
2023-12-02,0.7205743927749143,0.7205743927749143,-1.206278662411114,78.72,790.0,876.4,86.39999999999998,28424.722,308.741,33452495121.7329,15.3919195720427
2023-12-03,0.9343234134234368,0.9343234134234368,-0.9010617997658804,78.72,790.0,876.4,86.39999999999998,28424.722,308.741,33452495121.7329,15.3919195720427
2023-12-04,0.3572330266205386,0.3572330266205386,-1.905094157633337,78.16,788.5,876.4,87.89999999999998,28424.722,308.741,33452495121.7329,15.3919195720427
2023-12-05,0.4591697416794909,0.4591697416794909,-3.6260666386400953,77.27,798.5,876.4,77.89999999999998,28424.722,308.741,33452495121.7329,15.3919195720427
2023-12-06,0.4938640086380614,0.4938640086380614,-2.7869411611371646,74.33,802.0,876.4,74.39999999999998,28424.722,308.741,33452495121.7329,15.3919195720427
2023-12-07,0.5423299935235492,0.5423299935235492,-1.9825844803586643,74.21,803.0,876.4,73.39999999999998,28424.722,308.741,33452495121.7329,15.3919195720427
2023-12-08,0.3010022690123195,0.3010022690123195,-1.5167702658919962,75.94,800.5,876.4,75.89999999999998,28424.722,308.741,33452495121.7329,15.3919195720427
2023-12-09,0.3890736686208438,0.3890736686208438,-1.753700717501005,75.94,800.5,876.4,75.89999999999998,28424.722,308.741,33452495121.7329,15.3919195720427
2023-12-10,0.2859828566307517,0.2859828566307517,-1.7272091529725984,75.94,800.5,876.4,75.89999999999998,28424.722,308.741,33452495121.7329,15.3919195720427
2023-12-11,0.4265431449127286,0.4265431449127286,-1.6086467290316655,75.75,803.0,876.4,73.39999999999998,28424.722,308.741,33452495121.7329,15.3919195720427
2023-12-12,0.7720103922967172,0.7720103922967172,-1.6769996694735487,74.11,793.0,876.4,83.39999999999998,28424.722,308.741,33452495121.7329,15.3919195720427
2023-12-13,0.5057079725064567,0.5057079725064567,-1.7119800139464234,74.14,801.9199829101562,876.4,74.48001708984373,28424.722,308.741,33452495121.7329,15.3919195720427
2023-12-14,0.5556212890746751,0.5556212890746751,-0.867741156954195,77.05,802.0,876.4,74.39999999999998,28424.722,308.741,33452495121.7329,15.3919195720427
2023-12-15,0.2783150491029555,0.2783150491029555,-0.9410400231949662,76.84,790.5,876.4,85.89999999999998,28424.722,308.741,33452495121.7329,15.3919195720427
2023-12-16,0.3314847815830752,0.3314847815830752,-0.771465377677564,76.84,790.5,876.4,85.89999999999998,28424.722,308.741,33452495121.7329,15.3919195720427
2023-12-17,0.5246974563684709,0.5246974563684709,-0.0194181738461088,76.84,790.5,876.4,85.89999999999998,28424.722,308.741,33452495121.7329,15.3919195720427
2023-12-18,0.36409079686564,0.36409079686564,-1.1584236898069813,78.89,802.489990234375,876.4,73.91000976562498,28424.722,308.741,33452495121.7329,15.3919195720427
2023-12-19,0.4432826852583955,0.4432826852583955,-1.1633428008802744,79.82,789.4099731445312,876.4,86.99002685546873,28424.722,308.741,33452495121.7329,15.3919195720427
2023-12-20,0.2879499321019528,0.2879499321019528,-1.0583878460703893,81.1,800.0,876.4,76.39999999999998,28424.722,308.741,33452495121.7329,15.3919195720427
2023-12-21,0.4394241539353599,0.4394241539353599,-0.0207488598695412,80.73,824.5,876.4,51.89999999999998,28424.722,308.741,33452495121.7329,15.3919195720427
2023-12-22,0.4738422541823789,0.4738422541823789,-0.6116326637437921,80.23,825.0759887695312,876.4,51.32401123046873,28424.722,308.741,33452495121.7329,15.3919195720427
2023-12-23,0.4410816858906385,0.4410816858906385,-1.1859821300351563,80.23,825.0759887695312,876.4,51.32401123046873,28424.722,308.741,33452495121.7329,15.3919195720427
2023-12-24,0.2583517282188108,0.2583517282188108,-0.3670802280281883,80.23,825.0759887695312,876.4,51.32401123046873,28424.722,308.741,33452495121.7329,15.3919195720427
2023-12-25,0.029,0.029,-0.661217492559409,80.23,903.3900146484376,876.4,-26.990014648437636,28424.722,308.741,33452495121.7329,15.3919195720427
2023-12-26,0.35,0.35,-1.9712528244788785,80.23,904.0700073242188,876.4,-27.670007324218773,28424.722,308.741,33452495121.7329,15.3919195720427
2023-12-27,0.3253846154,0.3253846154,-0.2626052448929462,80.97,904.5999755859376,876.4,-28.199975585937636,28424.722,308.741,33452495121.7329,15.3919195720427
2023-12-28,0.4060031745804335,0.4060031745804335,-2.1967604404372643,79.04,895.0,876.4,-18.600000000000023,28424.722,308.741,33452495121.7329,15.3919195720427
2023-12-29,0.5616956185334745,0.5616956185334745,-1.9842512471194185,77.69,897.0,876.4,-20.600000000000023,28424.722,308.741,33452495121.7329,15.3919195720427
2023-12-30,0.4000239517694336,0.4000239517694336,-1.6188973949696397,77.69,897.0,876.4,-20.600000000000023,28424.722,308.741,33452495121.7329,15.3919195720427
2023-12-31,0.3932785997383003,0.3932785997383003,-1.597801855388111,77.69,897.0,876.4,-20.600000000000023,28424.722,308.741,33452495121.7329,15.3919195720427
2024-01-01,0.3688255410572993,0.3688255410572993,-0.5089448239569271,77.69,896.1400146484375,941.26,45.11998535156249,28708.161,309.698,40405994024.7986,21.9135766141912
2024-01-02,0.4577179388544558,0.4577179388544558,-1.3095867778972596,76.24,898.5999755859375,941.26,42.66002441406249,28708.161,309.698,40405994024.7986,21.9135766141912
2024-01-03,0.4931546227207524,0.4931546227207524,-1.6159449907396102,77.18,884.2999877929688,941.26,56.96001220703124,28708.161,309.698,40405994024.7986,21.9135766141912
2024-01-04,0.4896879728768138,0.4896879728768138,-2.0544642827930844,75.79,891.4000244140625,941.26,49.85997558593749,28708.161,309.698,40405994024.7986,21.9135766141912
2024-01-05,0.5761717882363749,0.5761717882363749,-1.8035917655116864,78.31,912.0,941.26,29.25999999999999,28708.161,309.698,40405994024.7986,21.9135766141912
2024-01-06,0.5575602991711062,0.5575602991711062,-1.9343379334956223,78.31,912.0,941.26,29.25999999999999,28708.161,309.698,40405994024.7986,21.9135766141912
2024-01-07,0.4726160167358613,0.4726160167358613,-1.034509322147961,78.31,912.0,941.26,29.25999999999999,28708.161,309.698,40405994024.7986,21.9135766141912
2024-01-08,0.7201119030867693,0.7201119030867693,-1.643378773042125,75.47,913.969970703125,941.26,27.29002929687499,28708.161,309.698,40405994024.7986,21.9135766141912
2024-01-09,0.2725321530844505,0.2725321530844505,-1.6311288122480705,77.97,884.8049926757812,941.26,56.45500732421874,28708.161,309.698,40405994024.7986,21.9135766141912
2024-01-10,0.5,0.5,-1.5534184341340933,78.46,914.0,941.26,27.25999999999999,28708.161,309.698,40405994024.7986,21.9135766141912
2024-01-11,0.8943667108633571,0.8943667108633571,-1.93162999177396,80.21,950.989990234375,941.26,-9.729990234375009,28708.161,309.698,40405994024.7986,21.9135766141912
2024-01-12,0.3877621211005681,0.3877621211005681,-0.3479021948087985,79.89,957.5499877929688,941.26,-16.28998779296876,28708.161,309.698,40405994024.7986,21.9135766141912
2024-01-13,0.3640002455445515,0.3640002455445515,0.0536670814503107,79.89,957.5499877929688,941.26,-16.28998779296876,28708.161,309.698,40405994024.7986,21.9135766141912
2024-01-14,0.2554193398985643,0.2554193398985643,-0.4666146639713187,79.89,957.5499877929688,941.26,-16.28998779296876,28708.161,309.698,40405994024.7986,21.9135766141912
2024-01-15,0.0836674505414504,0.0836674505414504,-0.8396997095317209,79.76,957.010009765625,941.26,-15.750009765625009,28708.161,309.698,40405994024.7986,21.9135766141912
2024-01-16,0.55504597874902,0.55504597874902,-1.725904999956156,80.15,957.5499877929688,941.26,-16.28998779296876,28708.161,309.698,40405994024.7986,21.9135766141912
2024-01-17,0.4591592225178951,0.4591592225178951,-2.35379844597413,78.88,895.0,941.26,46.25999999999999,28708.161,309.698,40405994024.7986,21.9135766141912
2024-01-18,0.3776650810345909,0.3776650810345909,-2.112130851903927,81.04,873.4840087890625,941.26,67.77599121093749,28708.161,309.698,40405994024.7986,21.9135766141912
2024-01-19,0.3342481637507056,0.3342481637507056,-2.135538330631804,80.71,895.02001953125,941.26,46.23998046874999,28708.161,309.698,40405994024.7986,21.9135766141912
2024-01-20,0.4190499601110666,0.4190499601110666,-2.1361624646593653,80.71,895.02001953125,941.26,46.23998046874999,28708.161,309.698,40405994024.7986,21.9135766141912
2024-01-21,0.3535807285279921,0.3535807285279921,-2.496771927134971,80.71,895.02001953125,941.26,46.23998046874999,28708.161,309.698,40405994024.7986,21.9135766141912
2024-01-22,0.2264657933309145,0.2264657933309145,-1.8601086854983515,81.7,890.5399780273438,941.26,50.72002197265624,28708.161,309.698,40405994024.7986,21.9135766141912
2024-01-23,-0.0409311601615512,-0.0409311601615512,-1.582725155383337,82.04,890.510009765625,941.26,50.74999023437499,28708.161,309.698,40405994024.7986,21.9135766141912
2024-01-24,0.4515931798878957,0.4515931798878957,-1.8474593389653944,82.15,915.4409790039062,941.26,25.81902099609374,28708.161,309.698,40405994024.7986,21.9135766141912
2024-01-25,-0.085556877894997,-0.085556877894997,-1.9066085548942056,82.33,899.77001953125,941.26,41.48998046874999,28708.161,309.698,40405994024.7986,21.9135766141912
2024-01-26,0.2720223241702205,0.2720223241702205,-1.9737739442828488,83.34,888.0,941.26,53.25999999999999,28708.161,309.698,40405994024.7986,21.9135766141912
2024-01-27,-0.325766483676319,-0.325766483676319,-1.8469350578662744,83.34,888.0,941.26,53.25999999999999,28708.161,309.698,40405994024.7986,21.9135766141912
2024-01-28,0.1354208527481347,0.1354208527481347,-2.0727252904282567,83.34,888.0,941.26,53.25999999999999,28708.161,309.698,40405994024.7986,21.9135766141912
2024-01-29,0.3209542354887563,0.3209542354887563,-1.6746113312851565,83.99,898.7000122070312,941.26,42.55998779296874,28708.161,309.698,40405994024.7986,21.9135766141912
2024-01-30,0.336610462146526,0.336610462146526,-2.489465736112792,84.14,893.0,941.26,48.25999999999999,28708.161,309.698,40405994024.7986,21.9135766141912
2024-01-31,0.3411270526125579,0.3411270526125579,-2.6431645304856226,82.98,896.0,941.26,45.25999999999999,28708.161,309.698,40405994024.7986,21.9135766141912
2024-02-01,0.3783935077465589,0.3783935077465589,-1.8971623467466607,82.2,1194.0,1510.33,316.3299999999999,28708.161,310.967,40405994024.7986,21.9135766141912
2024-02-02,0.4468289300328814,0.4468289300328814,-2.5426185975159186,79.54,1192.0,1510.33,318.3299999999999,28708.161,310.967,40405994024.7986,21.9135766141912
2024-02-03,0.1384950859066537,0.1384950859066537,-2.0421722215253744,79.54,1192.0,1510.33,318.3299999999999,28708.161,310.967,40405994024.7986,21.9135766141912
2024-02-04,0.5297796286979826,0.5297796286979826,-1.7717801331820284,79.54,1192.0,1510.33,318.3299999999999,28708.161,310.967,40405994024.7986,21.9135766141912
2024-02-05,0.2355211240978866,0.2355211240978866,-2.397664690331641,79.3,1192.0,1510.33,318.3299999999999,28708.161,310.967,40405994024.7986,21.9135766141912
2024-02-06,0.452415821798058,0.452415821798058,-2.3964923567835217,79.3,1400.0999755859375,1510.33,110.23002441406243,28708.161,310.967,40405994024.7986,21.9135766141912
2024-02-07,0.3313056409386919,0.3313056409386919,-2.085956213189222,81.18,1407.5,1510.33,102.82999999999993,28708.161,310.967,40405994024.7986,21.9135766141912
2024-02-08,0.5134794010585315,0.5134794010585315,-2.2788448917910924,83.01,1417.6300048828125,1510.33,92.69999511718743,28708.161,310.967,40405994024.7986,21.9135766141912
2024-02-09,0.3500230153677247,0.3500230153677247,-2.0146679645443704,83.58,1403.510009765625,1510.33,106.81999023437493,28708.161,310.967,40405994024.7986,21.9135766141912
2024-02-10,0.001,0.001,-2.0378903942573805,83.58,1403.510009765625,1510.33,106.81999023437493,28708.161,310.967,40405994024.7986,21.9135766141912
2024-02-11,0.4138261418127581,0.4138261418127581,-1.654249927237818,83.58,1403.510009765625,1510.33,106.81999023437493,28708.161,310.967,40405994024.7986,21.9135766141912
2024-02-12,0.3849702173434289,0.3849702173434289,-2.036643451935131,83.88,1474.1199951171875,1510.33,36.21000488281243,28708.161,310.967,40405994024.7986,21.9135766141912
2024-02-13,0.2991236417932736,0.2991236417932736,-2.1863535702561125,84.72,1503.0,1510.33,7.329999999999927,28708.161,310.967,40405994024.7986,21.9135766141912
2024-02-14,0.4303375404181347,0.4303375404181347,-1.5239488527996203,84.41,1515.0899658203125,1510.33,-4.759965820312573,28708.161,310.967,40405994024.7986,21.9135766141912
2024-02-15,0.2693267778698134,0.2693267778698134,-1.5227866869185598,84.33,1516.0,1510.33,-5.670000000000073,28708.161,310.967,40405994024.7986,21.9135766141912
2024-02-16,0.3889424840612819,0.3889424840612819,-1.5624574792952106,84.88,1516.699951171875,1510.33,-6.369951171875073,28708.161,310.967,40405994024.7986,21.9135766141912
2024-02-17,0.4171386816159891,0.4171386816159891,-2.116917541655853,84.88,1516.699951171875,1510.33,-6.369951171875073,28708.161,310.967,40405994024.7986,21.9135766141912
2024-02-18,0.4707610144352587,0.4707610144352587,-1.628535624283836,84.88,1516.699951171875,1510.33,-6.369951171875073,28708.161,310.967,40405994024.7986,21.9135766141912
2024-02-19,0.4179432336926932,0.4179432336926932,-2.34865347393689,85.52,1493.22998046875,1510.33,17.100019531249927,28708.161,310.967,40405994024.7986,21.9135766141912
2024-02-20,0.5417440095262837,0.5417440095262837,-2.1931508095232246,84.78,1493.22998046875,1510.33,17.100019531249927,28708.161,310.967,40405994024.7986,21.9135766141912
2024-02-21,0.3904219247515562,0.3904219247515562,-2.0707728659999205,84.77,1605.800048828125,1510.33,-95.47004882812507,28708.161,310.967,40405994024.7986,21.9135766141912
2024-02-22,0.3859133401696948,0.3859133401696948,-1.6157085028312617,85.84,1606.5,1510.33,-96.17000000000007,28708.161,310.967,40405994024.7986,21.9135766141912
2024-02-23,0.4434950234538116,0.4434950234538116,-1.5714131432013467,84.18,1606.5,1510.33,-96.17000000000007,28708.161,310.967,40405994024.7986,21.9135766141912
2024-02-24,0.4528046226663593,0.4528046226663593,-1.8826663791273623,84.18,1606.5,1510.33,-96.17000000000007,28708.161,310.967,40405994024.7986,21.9135766141912
2024-02-25,0.2869215696927128,0.2869215696927128,-2.0588051938744827,84.18,1606.5,1510.33,-96.17000000000007,28708.161,310.967,40405994024.7986,21.9135766141912
2024-02-26,0.2985193526524105,0.2985193526524105,-2.002860627316807,84.01,1606.5,1510.33,-96.17000000000007,28708.161,310.967,40405994024.7986,21.9135766141912
2024-02-27,0.5596176757215454,0.5596176757215454,-1.9387845217088708,83.8,1544.0,1510.33,-33.67000000000007,28708.161,310.967,40405994024.7986,21.9135766141912
2024-02-28,0.5916183458112956,0.5916183458112956,-1.3126086436376792,84.08,1578.5799560546875,1510.33,-68.24995605468757,28708.161,310.967,40405994024.7986,21.9135766141912
2024-02-29,0.1949890734998106,0.1949890734998106,-0.8226481038680131,84.57,1630.1600341796875,1510.33,-119.83003417968757,28708.161,310.967,40405994024.7986,21.9135766141912
2024-03-01,0.3280011958466134,0.3280011958466134,-1.3942584128030633,84.82,1617.050048828125,1506.56,-110.49004882812505,28708.161,312.345,40405994024.7986,21.9135766141912
2024-03-02,0.3140460758240191,0.3140460758240191,-1.0190254467478026,84.82,1617.050048828125,1506.56,-110.49004882812505,28708.161,312.345,40405994024.7986,21.9135766141912
2024-03-03,0.0547597182563067,0.0547597182563067,-1.0610942932133471,84.82,1617.050048828125,1506.56,-110.49004882812505,28708.161,312.345,40405994024.7986,21.9135766141912
2024-03-04,0.0012386647103214,0.0012386647103214,-1.2691535453285665,86.58,1577.56005859375,1506.56,-71.00005859375005,28708.161,312.345,40405994024.7986,21.9135766141912
2024-03-05,-0.2232764201990504,-0.2232764201990504,-1.4119120972653685,85.82,1511.989990234375,1506.56,-5.429990234375055,28708.161,312.345,40405994024.7986,21.9135766141912
2024-03-06,-0.0628068692351659,-0.0628068692351659,-1.4869317752673403,86.59,1560.510009765625,1506.56,-53.950009765625055,28708.161,312.345,40405994024.7986,21.9135766141912
2024-03-07,0.218596565382417,0.218596565382417,-1.8699965588202148,84.88,1590.6700439453125,1506.56,-84.11004394531255,28708.161,312.345,40405994024.7986,21.9135766141912
2024-03-08,0.5,0.5,-1.7157818615450544,84.29,1591.0,1506.56,-84.44000000000005,28708.161,312.345,40405994024.7986,21.9135766141912
2024-03-09,0.4738127730386947,0.4738127730386947,-2.335304476474294,84.29,1591.0,1506.56,-84.44000000000005,28708.161,312.345,40405994024.7986,21.9135766141912
2024-03-10,0.2978802224568301,0.2978802224568301,-2.0487369186712185,84.29,1591.0,1506.56,-84.44000000000005,28708.161,312.345,40405994024.7986,21.9135766141912
2024-03-11,0.1219476718749654,0.1219476718749654,-1.2461602204809488,83.44,1593.8399658203125,1506.56,-87.27996582031255,28708.161,312.345,40405994024.7986,21.9135766141912
2024-03-12,-0.0539848787068991,-0.0539848787068991,-1.746430530914886,83.66,1624.72998046875,1506.56,-118.16998046875005,28708.161,312.345,40405994024.7986,21.9135766141912
2024-03-13,0.2970662966,0.2970662966,-2.118287752902935,83.95,1612.280029296875,1506.56,-105.72002929687505,28708.161,312.345,40405994024.7986,21.9135766141912
2024-03-14,0.2505,0.2505,-2.2879279465554725,86.16,1612.280029296875,1506.56,-105.72002929687505,28708.161,312.345,40405994024.7986,21.9135766141912
2024-03-15,0.3004,0.3004,-1.4938124695848338,85.39,1594.0,1506.56,-87.44000000000005,28708.161,312.345,40405994024.7986,21.9135766141912
2024-03-16,0.3503,0.3503,-1.8319372502141624,85.39,1594.0,1506.56,-87.44000000000005,28708.161,312.345,40405994024.7986,21.9135766141912
2024-03-17,0.4002,0.4002,-2.711699390961847,85.39,1594.0,1506.56,-87.44000000000005,28708.161,312.345,40405994024.7986,21.9135766141912
2024-03-18,0.4501,0.4501,-3.1273012414665464,86.47,1610.6199951171875,1506.56,-104.05999511718755,28708.161,312.345,40405994024.7986,21.9135766141912
2024-03-19,0.5,0.5,-2.8748212149213543,87.36,1563.9599609375,1506.56,-57.399960937500055,28708.161,312.345,40405994024.7986,21.9135766141912
2024-03-20,0.4475962341770075,0.4475962341770075,-2.175517898129823,85.77,1476.75,1506.56,29.809999999999945,28708.161,312.345,40405994024.7986,21.9135766141912
2024-03-21,0.395192468354015,0.395192468354015,-1.7840128844539531,84.92,1481.0,1506.56,25.559999999999945,28708.161,312.345,40405994024.7986,21.9135766141912
2024-03-22,0.3427887025310225,0.3427887025310225,-1.8666842852362635,84.87,1369.989990234375,1506.56,136.57000976562495,28708.161,312.345,40405994024.7986,21.9135766141912
2024-03-23,0.3557024844620471,0.3557024844620471,-1.7608341792576054,84.87,1369.989990234375,1506.56,136.57000976562495,28708.161,312.345,40405994024.7986,21.9135766141912
2024-03-24,0.3686162663930718,0.3686162663930718,-2.016645887795068,84.87,1369.989990234375,1506.56,136.57000976562495,28708.161,312.345,40405994024.7986,21.9135766141912
2024-03-25,0.631348911740372,0.631348911740372,-1.812164046834728,86.18,1464.0,1506.56,42.559999999999945,28708.161,312.345,40405994024.7986,21.9135766141912
2024-03-26,0.527884937988314,0.527884937988314,-1.3818252361105914,85.91,1424.3299560546875,1506.56,82.23004394531245,28708.161,312.345,40405994024.7986,21.9135766141912
2024-03-27,0.5408194664785329,0.5408194664785329,-1.2340686107399734,84.94,1394.52001953125,1506.56,112.03998046874995,28708.161,312.345,40405994024.7986,21.9135766141912
2024-03-28,0.5537539949687518,0.5537539949687518,-1.771065183307253,86.17,1418.0699462890625,1506.56,88.49005371093745,28708.161,312.345,40405994024.7986,21.9135766141912
2024-03-29,0.5389196316688214,0.5389196316688214,-0.6020636100439954,86.17,1393.010009765625,1506.56,113.54999023437495,28708.161,312.345,40405994024.7986,21.9135766141912
2024-03-30,0.5301554307248226,0.5301554307248226,-0.5317141797721395,86.17,1393.010009765625,1506.56,113.54999023437495,28708.161,312.345,40405994024.7986,21.9135766141912
2024-03-31,0.521391229780824,0.521391229780824,-0.9659528003874782,86.17,1393.010009765625,1506.56,113.54999023437495,28708.161,312.345,40405994024.7986,21.9135766141912
2024-04-01,0.5,0.5,-1.6425497738536865,86.17,1303.8399658203125,1231.05,-72.78996582031255,29147.044,313.023,40405994024.7986,21.9135766141912
2024-04-02,0.7693644251391489,0.7693644251391489,-1.5092426876557594,87.63,1306.1700439453125,1231.05,-75.12004394531255,29147.044,313.023,40405994024.7986,21.9135766141912
2024-04-03,0.5,0.5,-1.6671674233943308,90.6,1304.0,1231.05,-72.95000000000005,29147.044,313.023,40405994024.7986,21.9135766141912
2024-04-04,0.4695660928825819,0.4695660928825819,-1.5627543324873328,90.32,1319.0999755859375,1231.05,-88.04997558593755,29147.044,313.023,40405994024.7986,21.9135766141912
2024-04-05,0.011,0.011,-1.4796387368144013,92.81,1319.0999755859375,1231.05,-88.04997558593755,29147.044,313.023,40405994024.7986,21.9135766141912
2024-04-06,0.1741540522898732,0.1741540522898732,-1.3260520046173754,92.81,1319.0999755859375,1231.05,-88.04997558593755,29147.044,313.023,40405994024.7986,21.9135766141912
2024-04-07,0.001,0.001,-0.965892491394074,92.81,1319.0999755859375,1231.05,-88.04997558593755,29147.044,313.023,40405994024.7986,21.9135766141912
2024-04-08,0.4753808184343613,0.4753808184343613,-1.48984056700718,91.73,1247.25,1231.05,-16.200000000000045,29147.044,313.023,40405994024.7986,21.9135766141912
2024-04-09,0.5362982589239759,0.5362982589239759,-1.1767443538096802,92.13,1241.1300048828125,1231.05,-10.080004882812545,29147.044,313.023,40405994024.7986,21.9135766141912
2024-04-10,0.4615175681711528,0.4615175681711528,0.1402040870481787,91.57,1248.0899658203125,1231.05,-17.039965820312545,29147.044,313.023,40405994024.7986,21.9135766141912
2024-04-11,0.4639255626970302,0.4639255626970302,-0.7538934600862357,91.49,1239.3599853515625,1231.05,-8.309985351562545,29147.044,313.023,40405994024.7986,21.9135766141912
2024-04-12,0.4423466436320767,0.4423466436320767,-1.6528067703288176,93.12,1241.7900390625,1231.05,-10.740039062500045,29147.044,313.023,40405994024.7986,21.9135766141912
2024-04-13,0.4364254805402642,0.4364254805402642,-1.90940021416073,93.12,1241.7900390625,1231.05,-10.740039062500045,29147.044,313.023,40405994024.7986,21.9135766141912
2024-04-14,0.3430541263953587,0.3430541263953587,-1.9466488308525025,93.12,1241.7900390625,1231.05,-10.740039062500045,29147.044,313.023,40405994024.7986,21.9135766141912
2024-04-15,0.3760848247740447,0.3760848247740447,-2.3566443870838616,90.84,1200.0,1231.05,31.049999999999955,29147.044,313.023,40405994024.7986,21.9135766141912
2024-04-16,0.9144823934440786,0.9144823934440786,-1.9403736211855256,90.84,1152.5,1231.05,78.54999999999995,29147.044,313.023,40405994024.7986,21.9135766141912
2024-04-17,0.4404498198493131,0.4404498198493131,-2.0968386058634145,89.54,1140.5,1231.05,90.54999999999995,29147.044,313.023,40405994024.7986,21.9135766141912
2024-04-18,0.3374519626647538,0.3374519626647538,-2.260552012354317,88.34,1140.1400146484375,1231.05,90.90998535156245,29147.044,313.023,40405994024.7986,21.9135766141912
2024-04-19,0.3801041915013745,0.3801041915013745,-2.067651862285408,87.96,1149.77001953125,1231.05,81.27998046874995,29147.044,313.023,40405994024.7986,21.9135766141912
2024-04-20,0.6308770056,0.6308770056,-1.587343386129991,87.96,1149.77001953125,1231.05,81.27998046874995,29147.044,313.023,40405994024.7986,21.9135766141912
2024-04-21,0.6082622931825682,0.6082622931825682,-0.9777662122501464,87.96,1149.77001953125,1231.05,81.27998046874995,29147.044,313.023,40405994024.7986,21.9135766141912
2024-04-22,0.361478869,0.361478869,-2.2966855268458373,87.3,1075.25,1231.05,155.79999999999995,29147.044,313.023,40405994024.7986,21.9135766141912
2024-04-23,0.5149513063386255,0.5149513063386255,-2.2519381184527814,88.29,1233.0,1231.05,-1.9500000000000455,29147.044,313.023,40405994024.7986,21.9135766141912
2024-04-24,0.6021192520493702,0.6021192520493702,-1.2090957660050965,89.02,1233.0,1231.05,-1.9500000000000455,29147.044,313.023,40405994024.7986,21.9135766141912
2024-04-25,0.5393728893,0.5393728893,-0.9406806409360324,88.1,1253.530029296875,1231.05,-22.480029296875045,29147.044,313.023,40405994024.7986,21.9135766141912
2024-04-26,0.4760009347031922,0.4760009347031922,-0.7307558317844868,89.95,1276.0,1231.05,-44.950000000000045,29147.044,313.023,40405994024.7986,21.9135766141912
2024-04-27,0.4126289801063845,0.4126289801063845,-1.096823158078603,89.95,1276.0,1231.05,-44.950000000000045,29147.044,313.023,40405994024.7986,21.9135766141912
2024-04-28,0.4563144900531922,0.4563144900531922,-1.25300701003688,89.95,1276.0,1231.05,-44.950000000000045,29147.044,313.023,40405994024.7986,21.9135766141912
2024-04-29,0.5,0.5,-1.119550753276502,88.44,1325.4599609375,1231.05,-94.40996093750005,29147.044,313.023,40405994024.7986,21.9135766141912
2024-04-30,0.5233355419546151,0.5233355419546151,-1.7718186100263609,88.23,1356.5,1231.05,-125.45000000000005,29147.044,313.023,40405994024.7986,21.9135766141912
2024-05-01,0.3860166556589339,0.3860166556589339,-0.643864183858889,83.55,1389.5,1433.31,43.809999999999945,29147.044,313.175,40405994024.7986,21.9135766141912
2024-05-02,0.4219999999999999,0.4219999999999999,-2.215591083263589,84.81,1394.0,1433.31,39.309999999999945,29147.044,313.175,40405994024.7986,21.9135766141912
2024-05-03,0.5,0.5,-1.9962274966768376,83.6,1372.449951171875,1433.31,60.860048828124945,29147.044,313.175,40405994024.7986,21.9135766141912
2024-05-04,0.3545084201038755,0.3545084201038755,-2.792192185236704,83.6,1372.449951171875,1433.31,60.860048828124945,29147.044,313.175,40405994024.7986,21.9135766141912
2024-05-05,0.3099162179698136,0.3099162179698136,-1.204304295571181,83.6,1372.449951171875,1433.31,60.860048828124945,29147.044,313.175,40405994024.7986,21.9135766141912
2024-05-06,0.5505353261603197,0.5505353261603197,-1.2724775028304387,83.6,1393.239990234375,1433.31,40.070009765624945,29147.044,313.175,40405994024.7986,21.9135766141912
2024-05-07,0.6300000000000001,0.6300000000000001,-1.685305692394332,82.69,1383.5,1433.31,49.809999999999945,29147.044,313.175,40405994024.7986,21.9135766141912
2024-05-08,0.736107494035213,0.736107494035213,-1.4563791282578946,82.44,1385.949951171875,1433.31,47.360048828124945,29147.044,313.175,40405994024.7986,21.9135766141912
2024-05-09,0.5014540326964608,0.5014540326964608,-1.4011529341978504,83.27,1406.9000244140625,1433.31,26.409975585937445,29147.044,313.175,40405994024.7986,21.9135766141912
2024-05-10,0.4435621160657749,0.4435621160657749,-0.8456337232068382,83.39,1419.030029296875,1433.31,14.279970703124945,29147.044,313.175,40405994024.7986,21.9135766141912
2024-05-11,0.6638757283947654,0.6638757283947654,-0.7336664932832468,83.39,1419.030029296875,1433.31,14.279970703124945,29147.044,313.175,40405994024.7986,21.9135766141912
2024-05-12,0.4810245926694342,0.4810245926694342,-0.6811215779675462,83.39,1419.030029296875,1433.31,14.279970703124945,29147.044,313.175,40405994024.7986,21.9135766141912
2024-05-13,0.5212409364898982,0.5212409364898982,-0.7595714007771422,83.18,1465.5400390625,1433.31,-32.230039062500055,29147.044,313.175,40405994024.7986,21.9135766141912
2024-05-14,0.5124418424162819,0.5124418424162819,-1.3369151261303645,81.0,1444.7900390625,1433.31,-11.480039062500055,29147.044,313.175,40405994024.7986,21.9135766141912
2024-05-15,0.6819538679159096,0.6819538679159096,-1.2490979674490494,79.98,1502.0,1433.31,-68.69000000000005,29147.044,313.175,40405994024.7986,21.9135766141912
2024-05-16,0.4729402050557711,0.4729402050557711,-0.6316733167839471,81.65,1521.5,1433.31,-88.19000000000005,29147.044,313.175,40405994024.7986,21.9135766141912
2024-05-17,0.49,0.49,-0.9571112449628408,82.24,1522.5,1433.31,-89.19000000000005,29147.044,313.175,40405994024.7986,21.9135766141912
2024-05-18,0.4550792859516947,0.4550792859516947,-0.3714729615778845,82.24,1522.5,1433.31,-89.19000000000005,29147.044,313.175,40405994024.7986,21.9135766141912
2024-05-19,0.3435543974882831,0.3435543974882831,-0.5404761488851556,82.24,1522.5,1433.31,-89.19000000000005,29147.044,313.175,40405994024.7986,21.9135766141912
2024-05-20,0.5984369265017946,0.5984369265017946,-1.653424957661253,81.91,1494.5,1433.31,-61.190000000000055,29147.044,313.175,40405994024.7986,21.9135766141912
2024-05-21,0.4409983882685218,0.4409983882685218,-2.07548855463473,81.22,1531.9300537109375,1433.31,-98.62005371093755,29147.044,313.175,40405994024.7986,21.9135766141912
2024-05-22,0.4510691608125113,0.4510691608125113,-1.0479342865145027,79.9,1420.0,1433.31,13.309999999999945,29147.044,313.175,40405994024.7986,21.9135766141912
2024-05-23,0.3611503124673078,0.3611503124673078,-1.2721222443312417,79.25,1432.0,1433.31,1.3099999999999454,29147.044,313.175,40405994024.7986,21.9135766141912
2024-05-24,0.4830911673890434,0.4830911673890434,-1.333007638934277,78.92,1443.5,1433.31,-10.190000000000055,29147.044,313.175,40405994024.7986,21.9135766141912
2024-05-25,0.4155016606239827,0.4155016606239827,-0.9925672761444324,78.92,1443.5,1433.31,-10.190000000000055,29147.044,313.175,40405994024.7986,21.9135766141912
2024-05-26,0.4121726143156147,0.4121726143156147,-1.1775840591034403,78.92,1443.5,1433.31,-10.190000000000055,29147.044,313.175,40405994024.7986,21.9135766141912
2024-05-27,0.4036813450821874,0.4036813450821874,-1.082192518802529,78.92,1467.6500244140625,1433.31,-34.340024414062555,29147.044,313.175,40405994024.7986,21.9135766141912
2024-05-28,0.3370012428007416,0.3370012428007416,-0.9174059893301658,81.34,1477.1300048828125,1433.31,-43.820004882812555,29147.044,313.175,40405994024.7986,21.9135766141912
2024-05-29,0.4723787381079916,0.4723787381079916,-0.5953623579534683,81.5,1390.449951171875,1433.31,42.860048828124945,29147.044,313.175,40405994024.7986,21.9135766141912
2024-05-30,0.4924850272076521,0.4924850272076521,-0.9901581013447815,81.42,1400.4599609375,1433.31,32.850039062499945,29147.044,313.175,40405994024.7986,21.9135766141912
2024-05-31,0.4604218027628419,0.4604218027628419,-1.392491522282724,79.41,1334.050048828125,1433.31,99.25995117187495,29147.044,313.175,40405994024.7986,21.9135766141912
2024-06-01,0.4443389909489461,0.4443389909489461,-0.8743256632029341,79.41,1334.050048828125,1481.83,147.77995117187493,29147.044,313.044,40405994024.7986,21.9135766141912
2024-06-02,0.4821321897724963,0.4821321897724963,-1.3078793555080117,79.41,1334.050048828125,1481.83,147.77995117187493,29147.044,313.044,40405994024.7986,21.9135766141912
2024-06-03,0.5207162163676889,0.5207162163676889,-1.2043614088856889,76.45,1484.5,1481.83,-2.6700000000000728,29147.044,313.044,40405994024.7986,21.9135766141912
2024-06-04,0.5064957173602106,0.5064957173602106,-3.08789095151609,75.33,1484.739990234375,1481.83,-2.9099902343750728,29147.044,313.044,40405994024.7986,21.9135766141912
2024-06-05,0.4624846348684723,0.4624846348684723,-1.3799039817796332,75.41,1468.9100341796875,1481.83,12.919965820312427,29147.044,313.044,40405994024.7986,21.9135766141912
2024-06-06,0.5230187731315972,0.5230187731315972,-1.2832716483706104,77.62,1497.030029296875,1481.83,-15.200029296875073,29147.044,313.044,40405994024.7986,21.9135766141912
2024-06-07,0.430725675288072,0.430725675288072,-1.249285386732131,78.12,1495.719970703125,1481.83,-13.889970703125073,29147.044,313.044,40405994024.7986,21.9135766141912
2024-06-08,0.5023045557390611,0.5023045557390611,-0.7181956876634105,78.12,1495.719970703125,1481.83,-13.889970703125073,29147.044,313.044,40405994024.7986,21.9135766141912
2024-06-09,0.4071004301050587,0.4071004301050587,-1.401844552520474,78.12,1495.719970703125,1481.83,-13.889970703125073,29147.044,313.044,40405994024.7986,21.9135766141912
2024-06-10,0.4145855890068433,0.4145855890068433,-1.3303656224935745,79.59,1497.3399658203125,1481.83,-15.509965820312573,29147.044,313.044,40405994024.7986,21.9135766141912
2024-06-11,0.4123106560427067,0.4123106560427067,-1.3891608808116065,80.15,1501.3699951171875,1481.83,-19.539995117187573,29147.044,313.044,40405994024.7986,21.9135766141912
2024-06-12,0.4191118637452372,0.4191118637452372,-0.8761280911664193,80.52,1504.5,1481.83,-22.670000000000073,29147.044,313.044,40405994024.7986,21.9135766141912
2024-06-13,0.4023085509998244,0.4023085509998244,-1.0655151045724214,81.44,1504.5,1481.83,-22.670000000000073,29147.044,313.044,40405994024.7986,21.9135766141912
2024-06-14,0.4791320084219401,0.4791320084219401,-0.9523638756584868,81.49,1504.5,1481.83,-22.670000000000073,29147.044,313.044,40405994024.7986,21.9135766141912
2024-06-15,0.4842965255362482,0.4842965255362482,-0.6058503558525484,81.49,1504.5,1481.83,-22.670000000000073,29147.044,313.044,40405994024.7986,21.9135766141912
2024-06-16,0.4095642918068303,0.4095642918068303,0.0856004928576943,81.49,1504.5,1481.83,-22.670000000000073,29147.044,313.044,40405994024.7986,21.9135766141912
2024-06-17,0.4084730113828999,0.4084730113828999,-0.7447068197974712,82.45,1495.0,1481.83,-13.170000000000073,29147.044,313.044,40405994024.7986,21.9135766141912
2024-06-18,0.4177997667337833,0.4177997667337833,-1.444384282812966,84.79,1483.3199462890625,1481.83,-1.4899462890625728,29147.044,313.044,40405994024.7986,21.9135766141912
2024-06-19,0.4112026668155386,0.4112026668155386,-1.687622227021213,85.64,1490.0,1481.83,-8.170000000000073,29147.044,313.044,40405994024.7986,21.9135766141912
2024-06-20,0.29678307518821,0.29678307518821,-1.1648717893012102,85.92,1489.5,1481.83,-7.670000000000073,29147.044,313.044,40405994024.7986,21.9135766141912
2024-06-21,0.3151335456026722,0.3151335456026722,-1.3661496509146362,86.42,1488.5,1481.83,-6.670000000000073,29147.044,313.044,40405994024.7986,21.9135766141912
2024-06-22,0.3682209538342437,0.3682209538342437,-1.0973360076947536,86.42,1488.5,1481.83,-6.670000000000073,29147.044,313.044,40405994024.7986,21.9135766141912
2024-06-23,0.3685580512208262,0.3685580512208262,-1.5895275831536182,86.42,1488.5,1481.83,-6.670000000000073,29147.044,313.044,40405994024.7986,21.9135766141912
2024-06-24,0.3891581711883407,0.3891581711883407,-1.8662459811429528,86.75,1514.5400390625,1481.83,-32.71003906250007,29147.044,313.044,40405994024.7986,21.9135766141912
2024-06-25,0.4068018504988178,0.4068018504988178,-1.2428499830715802,86.81,1530.3900146484375,1481.83,-48.56001464843757,29147.044,313.044,40405994024.7986,21.9135766141912
2024-06-26,0.3818899142821806,0.3818899142821806,-0.8332899441610315,85.76,1535.3900146484375,1481.83,-53.56001464843757,29147.044,313.044,40405994024.7986,21.9135766141912
2024-06-27,0.32387029041246,0.32387029041246,-1.307446993116248,87.0,1539.739990234375,1481.83,-57.90999023437507,29147.044,313.044,40405994024.7986,21.9135766141912
2024-06-28,0.4735960050960859,0.4735960050960859,-1.331703859730864,87.26,1539.739990234375,1481.83,-57.90999023437507,29147.044,313.044,40405994024.7986,21.9135766141912
2024-06-29,0.4448502426379246,0.4448502426379246,-1.2316969895264014,87.26,1539.739990234375,1481.83,-57.90999023437507,29147.044,313.044,40405994024.7986,21.9135766141912
2024-06-30,0.4117608341668586,0.4117608341668586,-2.9650389180078096,87.26,1539.739990234375,1481.83,-57.90999023437507,29147.044,313.044,40405994024.7986,21.9135766141912
2024-07-01,0.5974700719533693,0.5974700719533693,-3.016257394453069,86.57,1528.510009765625,1557.57,29.059990234374936,29511.664,313.569,40405994024.7986,21.9135766141912
2024-07-02,0.4515670395070192,0.4515670395070192,-1.9761368816106968,88.28,1499.0,1557.57,58.569999999999936,29511.664,313.569,40405994024.7986,21.9135766141912
2024-07-03,0.4660933457645377,0.4660933457645377,-2.3023197703394924,88.25,1504.0,1557.57,53.569999999999936,29511.664,313.569,40405994024.7986,21.9135766141912
2024-07-04,0.3803279732284513,0.3803279732284513,-1.5265975520366262,88.34,1525.75,1557.57,31.819999999999936,29511.664,313.569,40405994024.7986,21.9135766141912
2024-07-05,0.5288239628867145,0.5288239628867145,-0.8331734209430256,88.66,1525.75,1557.57,31.819999999999936,29511.664,313.569,40405994024.7986,21.9135766141912
2024-07-06,0.4088874609087717,0.4088874609087717,-1.365174553558135,88.66,1525.75,1557.57,31.819999999999936,29511.664,313.569,40405994024.7986,21.9135766141912
2024-07-07,0.3918427083244577,0.3918427083244577,-0.9472666432155072,88.66,1525.75,1557.57,31.819999999999936,29511.664,313.569,40405994024.7986,21.9135766141912
2024-07-08,0.3380365882529658,0.3380365882529658,-1.1712607101635917,87.15,1550.219970703125,1557.57,7.350029296874936,29511.664,313.569,40405994024.7986,21.9135766141912
2024-07-09,0.4002250830531776,0.4002250830531776,-1.3211773147736472,86.48,1550.219970703125,1557.57,7.350029296874936,29511.664,313.569,40405994024.7986,21.9135766141912
2024-07-10,0.5762303303023426,0.5762303303023426,-1.2110585934206772,86.55,1550.219970703125,1557.57,7.350029296874936,29511.664,313.569,40405994024.7986,21.9135766141912
2024-07-11,0.47490611241104,0.47490611241104,-1.564516285175764,86.49,1577.719970703125,1557.57,-20.149970703125064,29511.664,313.569,40405994024.7986,21.9135766141912
2024-07-12,0.4184795055185315,0.4184795055185315,-0.814946163462341,87.35,1587.0,1557.57,-29.430000000000064,29511.664,313.569,40405994024.7986,21.9135766141912
2024-07-13,0.5799221806256428,0.5799221806256428,-1.0619016733213904,87.35,1587.0,1557.57,-29.430000000000064,29511.664,313.569,40405994024.7986,21.9135766141912
2024-07-14,0.5695348106384495,0.5695348106384495,-0.6348527545797551,87.35,1587.0,1557.57,-29.430000000000064,29511.664,313.569,40405994024.7986,21.9135766141912
2024-07-15,0.5204534390936806,0.5204534390936806,-0.8349431885323243,86.42,1597.530029296875,1557.57,-39.960029296875064,29511.664,313.569,40405994024.7986,21.9135766141912
2024-07-16,0.375901814003604,0.375901814003604,-0.9761710575726784,86.6,1599.5,1557.57,-41.930000000000064,29511.664,313.569,40405994024.7986,21.9135766141912
2024-07-17,0.4707854013431561,0.4707854013431561,-1.2064397078439453,85.76,1618.3599853515625,1557.57,-60.789985351562564,29511.664,313.569,40405994024.7986,21.9135766141912
2024-07-18,0.3731488455304461,0.3731488455304461,-1.4524852416647231,86.26,1614.3399658203125,1557.57,-56.769965820312564,29511.664,313.569,40405994024.7986,21.9135766141912
2024-07-19,0.2353205571378536,0.2353205571378536,-1.3377170914457006,85.19,1626.8399658203125,1557.57,-69.26996582031256,29511.664,313.569,40405994024.7986,21.9135766141912
2024-07-20,0.4443544666343689,0.4443544666343689,-0.8874309419186796,85.19,1626.8399658203125,1557.57,-69.26996582031256,29511.664,313.569,40405994024.7986,21.9135766141912
2024-07-21,0.0762927248660222,0.0762927248660222,-0.8798855230139236,85.19,1626.8399658203125,1557.57,-69.26996582031256,29511.664,313.569,40405994024.7986,21.9135766141912
2024-07-22,0.3537782401771384,0.3537782401771384,-1.7288217074221548,83.44,1624.8299560546875,1557.57,-67.25995605468756,29511.664,313.569,40405994024.7986,21.9135766141912
2024-07-23,0.5087849982563024,0.5087849982563024,-1.991681952195904,82.2,1586.5999755859375,1557.57,-29.029975585937564,29511.664,313.569,40405994024.7986,21.9135766141912
2024-07-24,0.3606347897751004,0.3606347897751004,-1.432233024210678,83.01,1593.75,1557.57,-36.180000000000064,29511.664,313.569,40405994024.7986,21.9135766141912
2024-07-25,0.4296333139059486,0.4296333139059486,-1.901831672399931,82.58,1583.75,1557.57,-26.180000000000064,29511.664,313.569,40405994024.7986,21.9135766141912
2024-07-26,0.4133815885097821,0.4133815885097821,-1.6233239319791488,81.35,1595.5,1557.57,-37.930000000000064,29511.664,313.569,40405994024.7986,21.9135766141912
2024-07-27,0.4177844372249686,0.4177844372249686,-1.8997468868704024,81.35,1595.5,1557.57,-37.930000000000064,29511.664,313.569,40405994024.7986,21.9135766141912
2024-07-28,0.4283944297507749,0.4283944297507749,-2.3797799795986467,81.35,1595.5,1557.57,-37.930000000000064,29511.664,313.569,40405994024.7986,21.9135766141912
2024-07-29,0.3936732769257275,0.3936732769257275,-1.9971463410832733,80.94,1599.3900146484375,1557.57,-41.820014648437564,29511.664,313.569,40405994024.7986,21.9135766141912
2024-07-30,0.4177528007154948,0.4177528007154948,-1.902625745794472,79.26,1619.5,1557.57,-61.930000000000064,29511.664,313.569,40405994024.7986,21.9135766141912
2024-07-31,0.2986089372667177,0.2986089372667177,-2.0774795090987808,81.39,1624.5,1557.57,-66.93000000000006,29511.664,313.569,40405994024.7986,21.9135766141912
2024-08-01,0.3803414233961101,0.3803414233961101,-4.271349127215781,81.37,1660.5699462890625,1587.57,-72.99994628906256,29511.664,314.062,40405994024.7986,21.9135766141912
2024-08-02,0.3960691651198153,0.3960691651198153,-4.7246971288579,78.35,1660.5699462890625,1587.57,-72.99994628906256,29511.664,314.062,40405994024.7986,21.9135766141912
2024-08-03,0.265861129325299,0.265861129325299,-4.482536700266294,78.35,1660.5699462890625,1587.57,-72.99994628906256,29511.664,314.062,40405994024.7986,21.9135766141912
2024-08-04,0.2657979285245034,0.2657979285245034,-4.317893947281704,78.35,1660.5699462890625,1587.57,-72.99994628906256,29511.664,314.062,40405994024.7986,21.9135766141912
2024-08-05,0.360083159392726,0.360083159392726,-3.645678195189634,77.51,1625.47998046875,1587.57,-37.909980468750064,29511.664,314.062,40405994024.7986,21.9135766141912
2024-08-06,0.4903677828096143,0.4903677828096143,-3.2190184621871407,76.62,1594.06005859375,1587.57,-6.490058593750064,29511.664,314.062,40405994024.7986,21.9135766141912
2024-08-07,0.4743737916145598,0.4743737916145598,-2.9432538894059967,78.26,1593.449951171875,1587.57,-5.879951171875064,29511.664,314.062,40405994024.7986,21.9135766141912
2024-08-08,0.4385424002091383,0.4385424002091383,-2.593663783632878,80.76,1580.949951171875,1587.57,6.620048828124936,29511.664,314.062,40405994024.7986,21.9135766141912
2024-08-09,0.4566101857773025,0.4566101857773025,-2.069939122989635,81.07,1599.489990234375,1587.57,-11.919990234375064,29511.664,314.062,40405994024.7986,21.9135766141912
2024-08-10,0.4664893609198995,0.4664893609198995,-2.1810003025582505,81.07,1599.489990234375,1587.57,-11.919990234375064,29511.664,314.062,40405994024.7986,21.9135766141912
2024-08-11,0.4430620949645399,0.4430620949645399,-1.720812772918183,81.07,1599.489990234375,1587.57,-11.919990234375064,29511.664,314.062,40405994024.7986,21.9135766141912
2024-08-12,0.3943412042708142,0.3943412042708142,-1.873352708490077,83.06,1583.530029296875,1587.57,4.039970703124936,29511.664,314.062,40405994024.7986,21.9135766141912
2024-08-13,0.3853212740486585,0.3853212740486585,-1.0191405503387625,82.51,1589.5,1587.57,-1.9300000000000637,29511.664,314.062,40405994024.7986,21.9135766141912
2024-08-14,0.4319404226309455,0.4319404226309455,-1.4327635603890363,82.15,1589.5,1587.57,-1.9300000000000637,29511.664,314.062,40405994024.7986,21.9135766141912
2024-08-15,0.434760777651306,0.434760777651306,-1.0021660859883623,83.09,1589.5,1587.57,-1.9300000000000637,29511.664,314.062,40405994024.7986,21.9135766141912
2024-08-16,0.5092959997201079,0.5092959997201079,-0.788135459475123,81.56,1592.219970703125,1587.57,-4.649970703125064,29511.664,314.062,40405994024.7986,21.9135766141912
2024-08-17,0.4664538380075821,0.4664538380075821,-1.7277850956438865,81.56,1592.219970703125,1587.57,-4.649970703125064,29511.664,314.062,40405994024.7986,21.9135766141912
2024-08-18,0.4797229185680738,0.4797229185680738,-1.8115067466719967,81.56,1592.219970703125,1587.57,-4.649970703125064,29511.664,314.062,40405994024.7986,21.9135766141912
2024-08-19,0.5578692966019284,0.5578692966019284,-1.459986404282606,81.09,1589.5,1587.57,-1.9300000000000637,29511.664,314.062,40405994024.7986,21.9135766141912
2024-08-20,0.4627832662509695,0.4627832662509695,-1.1455421248696347,78.85,1597.0,1587.57,-9.430000000000064,29511.664,314.062,40405994024.7986,21.9135766141912
2024-08-21,0.429644310860674,0.429644310860674,-1.1622485079299327,78.77,1574.8499755859375,1587.57,12.720024414062436,29511.664,314.062,40405994024.7986,21.9135766141912
2024-08-22,0.4498288969747342,0.4498288969747342,-0.9900348021249836,78.8,1575.75,1587.57,11.819999999999936,29511.664,314.062,40405994024.7986,21.9135766141912
2024-08-23,0.5061257312069823,0.5061257312069823,-0.9091587570331152,80.34,1575.0799560546875,1587.57,12.490043945312436,29511.664,314.062,40405994024.7986,21.9135766141912
2024-08-24,0.4818532274594122,0.4818532274594122,-0.7290531476387502,80.34,1575.0799560546875,1587.57,12.490043945312436,29511.664,314.062,40405994024.7986,21.9135766141912
2024-08-25,0.3947048263708602,0.3947048263708602,-2.153399172990589,80.34,1575.0799560546875,1587.57,12.490043945312436,29511.664,314.062,40405994024.7986,21.9135766141912
2024-08-26,0.5673870027459611,0.5673870027459611,-1.832436245573388,80.34,1592.469970703125,1587.57,-4.899970703125064,29511.664,314.062,40405994024.7986,21.9135766141912
2024-08-27,0.6039466091562087,0.6039466091562087,-1.382665652664982,81.51,1589.5,1587.57,-1.9300000000000637,29511.664,314.062,40405994024.7986,21.9135766141912
2024-08-28,0.4534322932232951,0.4534322932232951,-1.8336588981038056,80.04,1589.449951171875,1587.57,-1.8799511718750637,29511.664,314.062,40405994024.7986,21.9135766141912
2024-08-29,0.4570239369795625,0.4570239369795625,-1.7277285500506017,81.55,1589.68994140625,1587.57,-2.1199414062500637,29511.664,314.062,40405994024.7986,21.9135766141912
2024-08-30,0.5795960341063868,0.5795960341063868,-1.2956166631991577,80.2,1591.72998046875,1587.57,-4.159980468750064,29511.664,314.062,40405994024.7986,21.9135766141912
2024-08-31,0.5078212745644002,0.5078212745644002,-1.2907635026192024,80.2,1591.72998046875,1587.57,-4.159980468750064,29511.664,314.062,40405994024.7986,21.9135766141912
2024-09-01,0.5085373688841331,0.5085373688841331,-1.077546831205098,80.2,1591.72998046875,1619.31,27.580019531249945,29511.664,314.732,40405994024.7986,21.9135766141912
2024-09-02,0.4305086935076813,0.4305086935076813,-2.2956218196350164,77.82,1595.0,1619.31,24.309999999999945,29511.664,314.732,40405994024.7986,21.9135766141912
2024-09-03,0.4984349564461669,0.4984349564461669,-1.6471295187952604,76.46,1589.469970703125,1619.31,29.840029296874945,29511.664,314.732,40405994024.7986,21.9135766141912
2024-09-04,0.4985680738825531,0.4985680738825531,-1.582884393926178,74.67,1589.5,1619.31,29.809999999999945,29511.664,314.732,40405994024.7986,21.9135766141912
2024-09-05,0.4040765053613578,0.4040765053613578,-1.8838241584922988,74.47,1602.489990234375,1619.31,16.820009765624945,29511.664,314.732,40405994024.7986,21.9135766141912
2024-09-06,0.3931148251147028,0.3931148251147028,-1.236541354932579,72.82,1603.5699462890625,1619.31,15.740053710937445,29511.664,314.732,40405994024.7986,21.9135766141912
2024-09-07,0.4505746352840809,0.4505746352840809,-0.923106183185644,72.82,1603.5699462890625,1619.31,15.740053710937445,29511.664,314.732,40405994024.7986,21.9135766141912
2024-09-08,0.3947260847480701,0.3947260847480701,-1.3272133313994512,72.82,1603.5699462890625,1619.31,15.740053710937445,29511.664,314.732,40405994024.7986,21.9135766141912
2024-09-09,0.5018825282149367,0.5018825282149367,-2.017168902625897,72.37,1613.469970703125,1619.31,5.840029296874945,29511.664,314.732,40405994024.7986,21.9135766141912
2024-09-10,0.4759108054947029,0.4759108054947029,-2.7639461110273222,70.34,1644.77001953125,1619.31,-25.460019531250055,29511.664,314.732,40405994024.7986,21.9135766141912
2024-09-11,0.5582511401797813,0.5582511401797813,-2.5944519122434127,70.31,1644.5,1619.31,-25.190000000000055,29511.664,314.732,40405994024.7986,21.9135766141912
2024-09-12,0.4651867495010521,0.4651867495010521,-1.6645792311680534,73.81,1630.0,1619.31,-10.690000000000055,29511.664,314.732,40405994024.7986,21.9135766141912
2024-09-13,0.4571389534413584,0.4571389534413584,-1.3081656951377718,73.68,1654.93994140625,1619.31,-35.629941406250055,29511.664,314.732,40405994024.7986,21.9135766141912
2024-09-14,0.4649430782140914,0.4649430782140914,-1.5441445060134096,73.68,1654.93994140625,1619.31,-35.629941406250055,29511.664,314.732,40405994024.7986,21.9135766141912
2024-09-15,0.3894786027147669,0.3894786027147669,-0.7578757764398236,73.68,1654.93994140625,1619.31,-35.629941406250055,29511.664,314.732,40405994024.7986,21.9135766141912
2024-09-16,0.428166566030335,0.428166566030335,-1.0158955577283828,73.96,1651.280029296875,1619.31,-31.970029296875055,29511.664,314.732,40405994024.7986,21.9135766141912
2024-09-17,0.4399293785944987,0.4399293785944987,-1.2561801271846895,74.55,1638.5999755859375,1619.31,-19.289975585937555,29511.664,314.732,40405994024.7986,21.9135766141912
2024-09-18,0.4472553000449501,0.4472553000449501,-1.150269513118739,74.52,1640.050048828125,1619.31,-20.740048828125055,29511.664,314.732,40405994024.7986,21.9135766141912
2024-09-19,0.428234709299549,0.428234709299549,-0.8387372206149127,75.93,1638.9300537109375,1619.31,-19.620053710937555,29511.664,314.732,40405994024.7986,21.9135766141912
2024-09-20,0.4351090178648977,0.4351090178648977,-1.2031966281359494,75.96,1639.8199462890625,1619.31,-20.509946289062555,29511.664,314.732,40405994024.7986,21.9135766141912
2024-09-21,0.4802220650723809,0.4802220650723809,-0.7945566626182707,75.96,1639.8199462890625,1619.31,-20.509946289062555,29511.664,314.732,40405994024.7986,21.9135766141912
2024-09-22,0.3968853273686011,0.3968853273686011,-0.961887188266052,75.96,1639.8199462890625,1619.31,-20.509946289062555,29511.664,314.732,40405994024.7986,21.9135766141912
2024-09-23,0.5607878826536682,0.5607878826536682,-1.3037710946040857,74.95,1615.010009765625,1619.31,4.299990234374945,29511.664,314.732,40405994024.7986,21.9135766141912
2024-09-24,0.5318309445133318,0.5318309445133318,-1.5558800020848944,75.29,1638.1199951171875,1619.31,-18.809995117187555,29511.664,314.732,40405994024.7986,21.9135766141912
2024-09-25,0.5464651646783889,0.5464651646783889,-1.1108058050809564,75.4,1613.489990234375,1619.31,5.820009765624945,29511.664,314.732,40405994024.7986,21.9135766141912
2024-09-26,0.3727251959165296,0.3727251959165296,-1.1498706610989324,73.06,1649.9100341796875,1619.31,-30.600034179687555,29511.664,314.732,40405994024.7986,21.9135766141912
2024-09-27,0.3806760122034837,0.3806760122034837,-0.5599062412594992,71.63,1652.9000244140625,1619.31,-33.590024414062555,29511.664,314.732,40405994024.7986,21.9135766141912
2024-09-28,0.3963789468396275,0.3963789468396275,-0.4747962199928501,71.63,1652.9000244140625,1619.31,-33.590024414062555,29511.664,314.732,40405994024.7986,21.9135766141912
2024-09-29,0.4587210517134036,0.4587210517134036,-0.8836195886668702,71.63,1652.9000244140625,1619.31,-33.590024414062555,29511.664,314.732,40405994024.7986,21.9135766141912
2024-09-30,0.3936503032251282,0.3936503032251282,-1.121169199272576,72.35,1667.1099853515625,1619.31,-47.799985351562555,29511.664,314.732,40405994024.7986,21.9135766141912
2024-10-01,0.4448127042538964,0.4448127042538964,-0.5129379490468386,75.3,1668.989990234375,1640.66,-28.329990234374918,29825.182,315.631,40405994024.7986,21.9135766141912
2024-10-02,0.4796872414413302,0.4796872414413302,-0.451422119748732,74.86,1667.8299560546875,1640.66,-27.169956054687418,29825.182,315.631,40405994024.7986,21.9135766141912
2024-10-03,0.4471255157527564,0.4471255157527564,-1.62123143486263,77.57,1670.239990234375,1640.66,-29.579990234374918,29825.182,315.631,40405994024.7986,21.9135766141912
2024-10-04,0.4491702319453888,0.4491702319453888,-1.2409810748308598,79.32,1657.1700439453125,1640.66,-16.510043945312418,29825.182,315.631,40405994024.7986,21.9135766141912
2024-10-05,0.4518510891839173,0.4518510891839173,-0.9187097047336464,79.32,1657.1700439453125,1640.66,-16.510043945312418,29825.182,315.631,40405994024.7986,21.9135766141912
2024-10-06,0.5041246359491803,0.5041246359491803,-0.699908585455871,79.32,1657.1700439453125,1640.66,-16.510043945312418,29825.182,315.631,40405994024.7986,21.9135766141912
2024-10-07,0.4673662020517077,0.4673662020517077,-0.6628270829918806,81.74,1657.3599853515625,1640.66,-16.699985351562418,29825.182,315.631,40405994024.7986,21.9135766141912
2024-10-08,0.4034241731748992,0.4034241731748992,-1.4150135916009317,78.19,1619.0999755859375,1640.66,21.560024414062582,29825.182,315.631,40405994024.7986,21.9135766141912
2024-10-09,0.4072165911282927,0.4072165911282927,-0.9511520362170672,77.06,1619.6800537109375,1640.66,20.979946289062582,29825.182,315.631,40405994024.7986,21.9135766141912
2024-10-10,0.4570746111963015,0.4570746111963015,-1.1366893147892567,79.45,1620.0,1640.66,20.660000000000082,29825.182,315.631,40405994024.7986,21.9135766141912
2024-10-11,0.4682736505587204,0.4682736505587204,-0.8771995158575595,80.27,1619.7900390625,1640.66,20.869960937500082,29825.182,315.631,40405994024.7986,21.9135766141912
2024-10-12,0.5037388593748652,0.5037388593748652,-1.02620332763352,80.27,1619.7900390625,1640.66,20.869960937500082,29825.182,315.631,40405994024.7986,21.9135766141912
2024-10-13,0.5161235983175096,0.5161235983175096,-0.9442371117783676,80.27,1619.7900390625,1640.66,20.869960937500082,29825.182,315.631,40405994024.7986,21.9135766141912
2024-10-14,0.5261504319853578,0.5261504319853578,-0.6200762088024254,78.47,1621.6500244140625,1640.66,19.009975585937582,29825.182,315.631,40405994024.7986,21.9135766141912
2024-10-15,0.5604729884152319,0.5604729884152319,-0.6877677257165297,73.68,1634.699951171875,1640.66,5.960048828125082,29825.182,315.631,40405994024.7986,21.9135766141912
2024-10-16,0.5495665829446706,0.5495665829446706,-1.2906256555792632,73.65,1634.5,1640.66,6.160000000000082,29825.182,315.631,40405994024.7986,21.9135766141912
2024-10-17,0.5064973325074333,0.5064973325074333,-0.7410455791664966,74.37,1634.3399658203125,1640.66,6.320034179687582,29825.182,315.631,40405994024.7986,21.9135766141912
2024-10-18,0.5121495560492373,0.5121495560492373,-1.2538548745895624,72.75,1634.31005859375,1640.66,6.349941406250082,29825.182,315.631,40405994024.7986,21.9135766141912
2024-10-19,0.5269352895026277,0.5269352895026277,-0.6010818291148345,72.75,1634.31005859375,1640.66,6.349941406250082,29825.182,315.631,40405994024.7986,21.9135766141912
2024-10-20,0.5320825178892967,0.5320825178892967,-1.7845617593573997,72.75,1634.31005859375,1640.66,6.349941406250082,29825.182,315.631,40405994024.7986,21.9135766141912
2024-10-21,0.5041400220934982,0.5041400220934982,-1.869218221671112,73.29,1641.02001953125,1640.66,-0.36001953124991815,29825.182,315.631,40405994024.7986,21.9135766141912
2024-10-22,0.5680890584550542,0.5680890584550542,-1.2946455795998246,75.59,1638.550048828125,1640.66,2.109951171875082,29825.182,315.631,40405994024.7986,21.9135766141912
2024-10-23,0.4899675749051125,0.4899675749051125,-1.4832897178282751,74.68,1645.1300048828125,1640.66,-4.470004882812418,29825.182,315.631,40405994024.7986,21.9135766141912
2024-10-24,0.359992468803215,0.359992468803215,-1.0239974442912922,74.27,1642.5899658203125,1640.66,-1.9299658203124181,29825.182,315.631,40405994024.7986,21.9135766141912
2024-10-25,0.541466009863308,0.541466009863308,-0.5912951167414078,75.62,1645.1300048828125,1640.66,-4.470004882812418,29825.182,315.631,40405994024.7986,21.9135766141912
2024-10-26,0.4709706393783751,0.4709706393783751,-1.014340189760871,75.62,1645.1300048828125,1640.66,-4.470004882812418,29825.182,315.631,40405994024.7986,21.9135766141912
2024-10-27,0.5107199718932208,0.5107199718932208,-1.1382498279638706,75.62,1645.1300048828125,1640.66,-4.470004882812418,29825.182,315.631,40405994024.7986,21.9135766141912
2024-10-28,0.5290057083290126,0.5290057083290126,-1.3954726273249014,71.87,1644.5,1640.66,-3.839999999999918,29825.182,315.631,40405994024.7986,21.9135766141912
2024-10-29,0.5397805742656198,0.5397805742656198,-1.0694236217498616,71.09,1642.2900390625,1640.66,-1.6300390624999181,29825.182,315.631,40405994024.7986,21.9135766141912
2024-10-30,0.5039562829999099,0.5039562829999099,-1.2139873745419871,73.21,1647.6300048828125,1640.66,-6.970004882812418,29825.182,315.631,40405994024.7986,21.9135766141912
2024-10-31,0.4401383170727481,0.4401383170727481,-0.6673637545735754,73.25,1646.1300048828125,1640.66,-5.470004882812418,29825.182,315.631,40405994024.7986,21.9135766141912
2024-11-01,0.4355702991456395,0.4355702991456395,-2.0157871629073028,73.63,1642.2900390625,1670.28,27.989960937499973,29825.182,316.528,40405994024.7986,21.9135766141912
2024-11-02,0.5608313392060167,0.5608313392060167,-1.9888884537011704,73.63,1642.2900390625,1670.28,27.989960937499973,29825.182,316.528,40405994024.7986,21.9135766141912
2024-11-03,0.4253315063996772,0.4253315063996772,-1.9586173072530093,73.63,1642.2900390625,1670.28,27.989960937499973,29825.182,316.528,40405994024.7986,21.9135766141912
2024-11-04,0.4858487079451095,0.4858487079451095,-1.6801669222296525,74.89,1647.0,1670.28,23.279999999999973,29825.182,316.528,40405994024.7986,21.9135766141912
2024-11-05,0.4694653477142363,0.4694653477142363,-1.6480164819336511,76.98,1643.2900390625,1670.28,26.989960937499973,29825.182,316.528,40405994024.7986,21.9135766141912
2024-11-06,0.4955020899894274,0.4955020899894274,-1.0832211913445102,76.52,1661.219970703125,1670.28,9.060029296874973,29825.182,316.528,40405994024.7986,21.9135766141912
2024-11-07,0.5199330483194533,0.5199330483194533,-1.0940752356121677,75.73,1672.9000244140625,1670.28,-2.6200244140625273,29825.182,316.528,40405994024.7986,21.9135766141912
2024-11-08,0.4551736038510999,0.4551736038510999,-1.150770546724755,74.04,1681.030029296875,1670.28,-10.750029296875027,29825.182,316.528,40405994024.7986,21.9135766141912
2024-11-09,0.4716781626166557,0.4716781626166557,-0.669574167359344,74.04,1681.030029296875,1670.28,-10.750029296875027,29825.182,316.528,40405994024.7986,21.9135766141912
2024-11-10,0.4858277976801398,0.4858277976801398,-0.8771388983761685,74.04,1681.030029296875,1670.28,-10.750029296875027,29825.182,316.528,40405994024.7986,21.9135766141912
2024-11-11,0.4559709617528973,0.4559709617528973,-1.1478438435793308,72.19,1667.5799560546875,1670.28,2.7000439453124727,29825.182,316.528,40405994024.7986,21.9135766141912
2024-11-12,0.4785718727543945,0.4785718727543945,-0.8903518052243528,72.56,1672.77001953125,1670.28,-2.4900195312500273,29825.182,316.528,40405994024.7986,21.9135766141912
2024-11-13,0.4489824213607204,0.4489824213607204,-0.4472518507704654,72.86,1672.1800537109375,1670.28,-1.9000537109375273,29825.182,316.528,40405994024.7986,21.9135766141912
2024-11-14,0.4971569695019409,0.4971569695019409,-0.6994383163052186,73.39,1676.9599609375,1670.28,-6.679960937500027,29825.182,316.528,40405994024.7986,21.9135766141912
2024-11-15,0.5063238769345858,0.5063238769345858,-0.1830678754745031,73.45,1679.4599609375,1670.28,-9.179960937500027,29825.182,316.528,40405994024.7986,21.9135766141912
2024-11-16,0.4566287159626545,0.4566287159626545,0.293861606085295,73.45,1679.4599609375,1670.28,-9.179960937500027,29825.182,316.528,40405994024.7986,21.9135766141912
2024-11-17,0.5009065305623414,0.5009065305623414,1.0356361181962983,73.45,1679.4599609375,1670.28,-9.179960937500027,29825.182,316.528,40405994024.7986,21.9135766141912
2024-11-18,0.4834073446157494,0.4834073446157494,0.1601105298336777,74.35,1665.3199462890625,1670.28,4.960053710937473,29825.182,316.528,40405994024.7986,21.9135766141912
2024-11-19,0.4906793689170413,0.4906793689170413,-0.3358640351052172,74.32,1667.530029296875,1670.28,2.7499707031249727,29825.182,316.528,40405994024.7986,21.9135766141912
2024-11-20,0.4787178762026259,0.4787178762026259,-0.7178545187973157,74.33,1678.8499755859375,1670.28,-8.569975585937527,29825.182,316.528,40405994024.7986,21.9135766141912
2024-11-21,0.4712984355797625,0.4712984355797625,-1.0687684764270766,75.09,1682.5400390625,1670.28,-12.260039062500027,29825.182,316.528,40405994024.7986,21.9135766141912
2024-11-22,0.4915314012116935,0.4915314012116935,-0.5903471947905367,76.1,1693.6800537109375,1670.28,-23.400053710937527,29825.182,316.528,40405994024.7986,21.9135766141912
2024-11-23,0.4499225594632182,0.4499225594632182,-0.3097250383098944,76.1,1693.6800537109375,1670.28,-23.400053710937527,29825.182,316.528,40405994024.7986,21.9135766141912
2024-11-24,0.438153343739035,0.438153343739035,-0.6594973188571841,76.1,1693.6800537109375,1670.28,-23.400053710937527,29825.182,316.528,40405994024.7986,21.9135766141912
2024-11-25,0.4492655161092865,0.4492655161092865,-1.3026061239556856,74.27,1696.199951171875,1670.28,-25.919951171875027,29825.182,316.528,40405994024.7986,21.9135766141912
2024-11-26,0.3862429469146258,0.3862429469146258,-0.8943380004708323,74.56,1682.6300048828125,1670.28,-12.350004882812527,29825.182,316.528,40405994024.7986,21.9135766141912
2024-11-27,0.4210146400179063,0.4210146400179063,-0.7091074738242731,73.91,1691.77001953125,1670.28,-21.490019531250027,29825.182,316.528,40405994024.7986,21.9135766141912
2024-11-28,0.4272118212572814,0.4272118212572814,-1.1566927954413049,73.92,1689.530029296875,1670.28,-19.250029296875027,29825.182,316.528,40405994024.7986,21.9135766141912
2024-11-29,0.447009812384361,0.447009812384361,-1.570749604690714,74.16,1685.6500244140625,1670.28,-15.370024414062527,29825.182,316.528,40405994024.7986,21.9135766141912
2024-11-30,0.4673839285874799,0.4673839285874799,-0.8874882481265851,74.16,1685.6500244140625,1670.28,-15.370024414062527,29825.182,316.528,40405994024.7986,21.9135766141912
2024-12-01,0.4818966100563487,0.4818966100563487,-0.4796276276387052,74.16,1685.6500244140625,1553.25,-132.4000244140625,29825.182,317.604,40405994024.7986,21.9135766141912
2024-12-02,0.4035437409792027,0.4035437409792027,-1.2255663590548465,72.81,1683.449951171875,1553.25,-130.199951171875,29825.182,317.604,40405994024.7986,21.9135766141912
2024-12-03,0.3938011685235723,0.3938011685235723,-1.016103565582851,74.8,1675.9599609375,1553.25,-122.7099609375,29825.182,317.604,40405994024.7986,21.9135766141912
2024-12-04,0.3528740940570039,0.3528740940570039,-1.13497688060321,74.68,1657.6800537109375,1553.25,-104.4300537109375,29825.182,317.604,40405994024.7986,21.9135766141912
2024-12-05,0.3519502770849566,0.3519502770849566,-1.1036266306544618,73.78,1627.56005859375,1553.25,-74.31005859375,29825.182,317.604,40405994024.7986,21.9135766141912
2024-12-06,0.3879496733572659,0.3879496733572659,-0.7207907852250632,73.78,1605.9000244140625,1553.25,-52.6500244140625,29825.182,317.604,40405994024.7986,21.9135766141912
2024-12-07,0.4563473257162501,0.4563473257162501,-0.5766830039264605,73.78,1605.9000244140625,1553.25,-52.6500244140625,29825.182,317.604,40405994024.7986,21.9135766141912
2024-12-08,0.3295993142641539,0.3295993142641539,-0.4674759891156244,73.78,1605.9000244140625,1553.25,-52.6500244140625,29825.182,317.604,40405994024.7986,21.9135766141912
2024-12-09,0.3029860235199396,0.3029860235199396,-0.9256276887786752,73.73,1578.6300048828125,1553.25,-25.3800048828125,29825.182,317.604,40405994024.7986,21.9135766141912
2024-12-10,0.2660618321626493,0.2660618321626493,-1.6683738189407715,73.64,1574.2900390625,1553.25,-21.0400390625,29825.182,317.604,40405994024.7986,21.9135766141912
2024-12-11,0.4424894797725049,0.4424894797725049,-0.8745041226351966,74.38,1576.81005859375,1553.25,-23.56005859375,29825.182,317.604,40405994024.7986,21.9135766141912
2024-12-12,0.422657111664545,0.422657111664545,-0.787892764418314,73.52,1548.6500244140625,1553.25,4.5999755859375,29825.182,317.604,40405994024.7986,21.9135766141912
2024-12-13,0.5006353403646562,0.5006353403646562,-1.1354276418622722,74.89,1548.3699951171875,1553.25,4.8800048828125,29825.182,317.604,40405994024.7986,21.9135766141912
2024-12-14,0.4394317782996658,0.4394317782996658,-0.1479728920685851,74.89,1548.3699951171875,1553.25,4.8800048828125,29825.182,317.604,40405994024.7986,21.9135766141912
2024-12-15,0.4795543401438929,0.4795543401438929,-0.3357670750486055,74.89,1548.3699951171875,1553.25,4.8800048828125,29825.182,317.604,40405994024.7986,21.9135766141912
2024-12-16,0.5558791768672598,0.5558791768672598,-1.1072805108323938,74.3,1547.6099853515625,1553.25,5.6400146484375,29825.182,317.604,40405994024.7986,21.9135766141912
2024-12-17,0.4747187833528696,0.4747187833528696,-0.1431118064954173,73.16,1541.9300537109375,1553.25,11.3199462890625,29825.182,317.604,40405994024.7986,21.9135766141912
2024-12-18,0.4103126443927902,0.4103126443927902,-0.803388747931885,74.57,1552.5899658203125,1553.25,0.6600341796875,29825.182,317.604,40405994024.7986,21.9135766141912
2024-12-19,0.4871716049215248,0.4871716049215248,-1.9891984198754995,73.75,1555.6300048828125,1553.25,-2.3800048828125,29825.182,317.604,40405994024.7986,21.9135766141912
2024-12-20,0.4836865705970951,0.4836865705970951,-2.1694362530182456,73.19,1553.0699462890625,1553.25,0.1800537109375,29825.182,317.604,40405994024.7986,21.9135766141912
2024-12-21,0.5254041829197507,0.5254041829197507,-1.8782936081859745,73.19,1553.0699462890625,1553.25,0.1800537109375,29825.182,317.604,40405994024.7986,21.9135766141912
2024-12-22,0.4714964334858377,0.4714964334858377,-2.1745278449918937,73.19,1553.0699462890625,1553.25,0.1800537109375,29825.182,317.604,40405994024.7986,21.9135766141912
2024-12-23,0.4597563111201847,0.4597563111201847,-1.8997269516086863,72.12,1549.0400390625,1553.25,4.2099609375,29825.182,317.604,40405994024.7986,21.9135766141912
2024-12-24,0.4276301135617624,0.4276301135617624,-1.123920861934974,73.5,1548.510009765625,1553.25,4.739990234375,29825.182,317.604,40405994024.7986,21.9135766141912
2024-12-25,0.4598192565977321,0.4598192565977321,-0.3823111021158252,73.5,1541.4300537109375,1553.25,11.8199462890625,29825.182,317.604,40405994024.7986,21.9135766141912
2024-12-26,0.5052272166116806,0.5052272166116806,-2.056418674705802,73.5,1540.6600341796875,1553.25,12.5899658203125,29825.182,317.604,40405994024.7986,21.9135766141912
2024-12-27,0.4475904420637364,0.4475904420637364,-1.828612857346553,73.77,1541.5799560546875,1553.25,11.6700439453125,29825.182,317.604,40405994024.7986,21.9135766141912
2024-12-28,0.4802768536960142,0.4802768536960142,-1.7991691529223317,73.77,1541.5799560546875,1553.25,11.6700439453125,29825.182,317.604,40405994024.7986,21.9135766141912
2024-12-29,0.494962768001877,0.494962768001877,-1.13051996691521,73.77,1541.5799560546875,1553.25,11.6700439453125,29825.182,317.604,40405994024.7986,21.9135766141912
2024-12-30,0.4636005066989423,0.4636005066989423,-0.7773581965028824,74.24,1548.27001953125,1553.25,4.97998046875,29825.182,317.604,40405994024.7986,21.9135766141912
2024-12-31,0.4708904548088573,0.4708904548088573,-1.413553312725067,74.58,1545.5,1553.25,7.75,29825.182,317.604,40405994024.7986,21.9135766141912
2025-01-01,0.5018381410004653,0.5018381410004653,0.5302205720764976,74.58,1545.5,1535.44,-10.059999999999945,30042.113,318.961,40405994024.7986,21.9135766141912
2025-01-02,0.4764793297158246,0.4764793297158246,0.3263237538990482,76.14,1545.5,1535.44,-10.059999999999945,30042.113,318.961,40405994024.7986,21.9135766141912
2025-01-03,0.4900354234174052,0.4900354234174052,-0.0518931813985174,76.72,1545.5799560546875,1535.44,-10.139956054687445,30042.113,318.961,40405994024.7986,21.9135766141912
2025-01-04,0.4946821748003233,0.4946821748003233,-0.4177653694627568,76.72,1545.5799560546875,1535.44,-10.139956054687445,30042.113,318.961,40405994024.7986,21.9135766141912
2025-01-05,0.5023250859897332,0.5023250859897332,-1.1700932845747554,76.72,1545.5799560546875,1535.44,-10.139956054687445,30042.113,318.961,40405994024.7986,21.9135766141912
2025-01-06,0.3607819968592383,0.3607819968592383,-1.7315849655481836,77.27,1541.699951171875,1535.44,-6.259951171874945,30042.113,318.961,40405994024.7986,21.9135766141912
2025-01-07,0.5236749900249607,0.5236749900249607,-1.9536681906532665,77.84,1543.219970703125,1535.44,-7.779970703124945,30042.113,318.961,40405994024.7986,21.9135766141912
2025-01-08,0.5025745738925762,0.5025745738925762,-1.7743761703660133,77.37,1540.5,1535.44,-5.059999999999945,30042.113,318.961,40405994024.7986,21.9135766141912
2025-01-09,0.4666015525559694,0.4666015525559694,-1.3371561769405211,78.44,1541.6600341796875,1535.44,-6.220034179687445,30042.113,318.961,40405994024.7986,21.9135766141912
2025-01-10,0.5275571759949764,0.5275571759949764,-0.6074069014106079,79.76,1547.02001953125,1535.44,-11.580019531249945,30042.113,318.961,40405994024.7986,21.9135766141912
2025-01-11,0.5715012579316957,0.5715012579316957,-0.4113171750492038,79.76,1547.02001953125,1535.44,-11.580019531249945,30042.113,318.961,40405994024.7986,21.9135766141912
2025-01-12,0.4953376534145373,0.4953376534145373,-1.5642189545959206,79.76,1547.02001953125,1535.44,-11.580019531249945,30042.113,318.961,40405994024.7986,21.9135766141912
2025-01-13,0.5469510383973892,0.5469510383973892,-2.098336079700608,82.69,1550.969970703125,1535.44,-15.529970703124945,30042.113,318.961,40405994024.7986,21.9135766141912
2025-01-14,0.5343993448231011,0.5343993448231011,-1.9319064429683064,82.39,1549.1700439453125,1535.44,-13.730043945312445,30042.113,318.961,40405994024.7986,21.9135766141912
2025-01-15,0.4890707758488138,0.4890707758488138,-1.3875412599275236,83.48,1551.2900390625,1535.44,-15.850039062499945,30042.113,318.961,40405994024.7986,21.9135766141912
2025-01-16,0.483538282884409,0.483538282884409,-1.0282807194012773,82.39,1555.0,1535.44,-19.559999999999945,30042.113,318.961,40405994024.7986,21.9135766141912
2025-01-17,0.5016127200939285,0.5016127200939285,-1.3747315813337573,83.02,1559.5999755859375,1535.44,-24.159975585937445,30042.113,318.961,40405994024.7986,21.9135766141912
2025-01-18,0.437438158782731,0.437438158782731,-1.815864865773636,83.02,1559.5999755859375,1535.44,-24.159975585937445,30042.113,318.961,40405994024.7986,21.9135766141912
2025-01-19,0.5097206274909394,0.5097206274909394,-1.511630529981573,83.02,1559.5999755859375,1535.44,-24.159975585937445,30042.113,318.961,40405994024.7986,21.9135766141912
2025-01-20,0.4689989476970385,0.4689989476970385,-1.9514296325954912,81.68,1552.8499755859375,1535.44,-17.409975585937445,30042.113,318.961,40405994024.7986,21.9135766141912
2025-01-21,0.3759068291206066,0.3759068291206066,-1.1151957138876258,80.57,1555.3499755859375,1535.44,-19.909975585937445,30042.113,318.961,40405994024.7986,21.9135766141912
2025-01-22,0.4805105577190069,0.4805105577190069,-1.4234127811625203,80.0,1554.5,1535.44,-19.059999999999945,30042.113,318.961,40405994024.7986,21.9135766141912
2025-01-23,0.4952525440729067,0.4952525440729067,-1.265440291300194,78.62,1556.5,1535.44,-21.059999999999945,30042.113,318.961,40405994024.7986,21.9135766141912
2025-01-24,0.5559397257199243,0.5559397257199243,-0.8050335677167848,78.71,1558.0,1535.44,-22.559999999999945,30042.113,318.961,40405994024.7986,21.9135766141912
2025-01-25,0.4992352753606028,0.4992352753606028,-0.6358881246275576,78.71,1558.0,1535.44,-22.559999999999945,30042.113,318.961,40405994024.7986,21.9135766141912
2025-01-26,0.5008384070240394,0.5008384070240394,-0.8180075150868741,78.71,1558.0,1535.44,-22.559999999999945,30042.113,318.961,40405994024.7986,21.9135766141912
2025-01-27,0.4835856743908446,0.4835856743908446,-2.2250260513193028,77.3,1557.5,1535.44,-22.059999999999945,30042.113,318.961,40405994024.7986,21.9135766141912
2025-01-28,0.4923217198198049,0.4923217198198049,-1.537569680754872,78.01,1550.739990234375,1535.44,-15.299990234374945,30042.113,318.961,40405994024.7986,21.9135766141912
2025-01-29,0.3636114536949895,0.3636114536949895,-1.2051597137981005,77.02,1552.239990234375,1535.44,-16.799990234374945,30042.113,318.961,40405994024.7986,21.9135766141912
2025-01-30,0.3143670924171687,0.3143670924171687,-1.2943481316959375,77.42,1552.739990234375,1535.44,-17.299990234374945,30042.113,318.961,40405994024.7986,21.9135766141912
2025-01-31,0.4360348782023623,0.4360348782023623,-1.2478075242840203,77.11,1527.0,1535.44,8.440000000000055,30042.113,318.961,40405994024.7986,21.9135766141912
2025-02-01,0.4275043830106311,0.4275043830106311,-1.3031958160233688,77.11,1527.0,1500.47,-26.529999999999973,30042.113,319.679,40405994024.7986,21.9135766141912
2025-02-02,0.4697109805918177,0.4697109805918177,-1.201945552356565,77.11,1527.0,1500.47,-26.529999999999973,30042.113,319.679,40405994024.7986,21.9135766141912
2025-02-03,0.4305908461768177,0.4305908461768177,-1.4980723924906427,76.49,1502.5,1500.47,-2.0299999999999727,30042.113,319.679,40405994024.7986,21.9135766141912
2025-02-04,0.5947313904733205,0.5947313904733205,-1.6125891404719204,76.58,1482.9300537109375,1500.47,17.539946289062527,30042.113,319.679,40405994024.7986,21.9135766141912
2025-02-05,0.5233463115746565,0.5233463115746565,-1.5793658039537617,74.71,1491.0,1500.47,9.470000000000027,30042.113,319.679,40405994024.7986,21.9135766141912
2025-02-06,0.5824931646214146,0.5824931646214146,-1.3893102489658742,74.54,1497.199951171875,1500.47,3.2700488281250273,30042.113,319.679,40405994024.7986,21.9135766141912
2025-02-07,0.5216234071264955,0.5216234071264955,-1.5272747406091414,74.68,1498.2099609375,1500.47,2.2600390625000273,30042.113,319.679,40405994024.7986,21.9135766141912
2025-02-08,0.5874268425171587,0.5874268425171587,-1.4655463147243062,74.68,1498.2099609375,1500.47,2.2600390625000273,30042.113,319.679,40405994024.7986,21.9135766141912
2025-02-09,0.5396884312527314,0.5396884312527314,-1.3894638810248292,74.68,1498.2099609375,1500.47,2.2600390625000273,30042.113,319.679,40405994024.7986,21.9135766141912
2025-02-10,0.5142056517837693,0.5142056517837693,-1.6137965201841196,76.23,1498.2099609375,1500.47,2.2600390625000273,30042.113,319.679,40405994024.7986,21.9135766141912
2025-02-11,0.5793479905457136,0.5793479905457136,-1.202052053247082,77.65,1501.2099609375,1500.47,-0.7399609374999727,30042.113,319.679,40405994024.7986,21.9135766141912
2025-02-12,0.1581243252958219,0.1581243252958219,-0.472434363624209,75.38,1502.3900146484375,1500.47,-1.9200146484374727,30042.113,319.679,40405994024.7986,21.9135766141912
2025-02-13,0.349820193755903,0.349820193755903,-1.1405561145476573,75.61,1505.6400146484375,1500.47,-5.170014648437473,30042.113,319.679,40405994024.7986,21.9135766141912
2025-02-14,0.4867317375223554,0.4867317375223554,-0.6022395780345184,75.19,1506.6500244140625,1500.47,-6.180024414062473,30042.113,319.679,40405994024.7986,21.9135766141912
2025-02-15,0.4953576672420169,0.4953576672420169,-1.3866054701632482,75.19,1506.6500244140625,1500.47,-6.180024414062473,30042.113,319.679,40405994024.7986,21.9135766141912
2025-02-16,0.5335657362787977,0.5335657362787977,-0.9829204186164776,75.19,1506.6500244140625,1500.47,-6.180024414062473,30042.113,319.679,40405994024.7986,21.9135766141912
2025-02-17,0.5555156206924696,0.5555156206924696,-1.9581743750025264,75.81,1505.0,1500.47,-4.529999999999973,30042.113,319.679,40405994024.7986,21.9135766141912
2025-02-18,0.5237564517127739,0.5237564517127739,-1.8902109995447127,76.46,1510.050048828125,1500.47,-9.580048828124973,30042.113,319.679,40405994024.7986,21.9135766141912
2025-02-19,0.5231941378139076,0.5231941378139076,-1.0647131067826368,76.34,1506.5,1500.47,-6.029999999999973,30042.113,319.679,40405994024.7986,21.9135766141912
2025-02-20,0.4636505843296781,0.4636505843296781,-0.7165780926327378,76.95,1505.5,1500.47,-5.029999999999973,30042.113,319.679,40405994024.7986,21.9135766141912
2025-02-21,0.5075255176307203,0.5075255176307203,-0.9124544857039216,74.88,1510.52001953125,1500.47,-10.050019531249973,30042.113,319.679,40405994024.7986,21.9135766141912
2025-02-22,0.5123194883326,0.5123194883326,-0.8207957022990638,74.88,1510.52001953125,1500.47,-10.050019531249973,30042.113,319.679,40405994024.7986,21.9135766141912
2025-02-23,0.59619174035325,0.59619174035325,-1.1415837301798215,74.88,1510.52001953125,1500.47,-10.050019531249973,30042.113,319.679,40405994024.7986,21.9135766141912
2025-02-24,0.6303977842234645,0.6303977842234645,-1.0992178371936732,74.89,1501.760009765625,1500.47,-1.2900097656249727,30042.113,319.679,40405994024.7986,21.9135766141912
2025-02-25,0.5788209528181731,0.5788209528181731,-1.4042139219243452,73.11,1501.3699951171875,1500.47,-0.8999951171874727,30042.113,319.679,40405994024.7986,21.9135766141912
2025-02-26,0.519429889717773,0.519429889717773,-1.0763196833664743,73.49,1500.06005859375,1500.47,0.4099414062500273,30042.113,319.679,40405994024.7986,21.9135766141912
2025-02-27,0.6072191695611343,0.6072191695611343,-1.2576600916027445,75.01,1499.4599609375,1500.47,1.0100390625000273,30042.113,319.679,40405994024.7986,21.9135766141912
2025-02-28,0.5337857936045256,0.5337857936045256,-0.759037369321354,74.76,1498.81005859375,1500.47,1.6599414062500273,30042.113,319.679,40405994024.7986,21.9135766141912
2025-03-01,0.6745293443902186,0.6745293443902186,-0.9136812534089632,74.76,1498.81005859375,1525.87,27.05994140624989,30042.113,319.785,40405994024.7986,21.9135766141912
2025-03-02,0.5043604149176614,0.5043604149176614,-0.7990762322079851,74.76,1498.81005859375,1525.87,27.05994140624989,30042.113,319.785,40405994024.7986,21.9135766141912
2025-03-03,0.5975979421753711,0.5975979421753711,-1.2078241539828367,72.85,1502.0,1525.87,23.86999999999989,30042.113,319.785,40405994024.7986,21.9135766141912
2025-03-04,0.4335900342873038,0.4335900342873038,-0.8300208384635624,72.31,1501.25,1525.87,24.61999999999989,30042.113,319.785,40405994024.7986,21.9135766141912
2025-03-05,0.5749848160409172,0.5749848160409172,-1.1799369655542882,70.92,1498.75,1525.87,27.11999999999989,30042.113,319.785,40405994024.7986,21.9135766141912
2025-03-06,0.5124098976555446,0.5124098976555446,-1.3347871924226284,71.08,1495.3399658203125,1525.87,30.53003417968739,30042.113,319.785,40405994024.7986,21.9135766141912
2025-03-07,0.488652550496767,0.488652550496767,-1.3991205007440732,72.49,1503.4300537109375,1525.87,22.43994628906239,30042.113,319.785,40405994024.7986,21.9135766141912
2025-03-08,0.5757278506728463,0.5757278506728463,-0.6713990480805676,72.49,1503.4300537109375,1525.87,22.43994628906239,30042.113,319.785,40405994024.7986,21.9135766141912
2025-03-09,0.6887975232126947,0.6887975232126947,-0.9476266704005248,72.49,1503.4300537109375,1525.87,22.43994628906239,30042.113,319.785,40405994024.7986,21.9135766141912
2025-03-10,0.5203514725864907,0.5203514725864907,-1.5269298014104338,71.08,1514.5,1525.87,11.36999999999989,30042.113,319.785,40405994024.7986,21.9135766141912
2025-03-11,0.5969779548151606,0.5969779548151606,-1.7508894311352714,71.51,1525.0,1525.87,0.8699999999998909,30042.113,319.785,40405994024.7986,21.9135766141912
2025-03-12,0.4972920570078695,0.4972920570078695,-1.6873805033302527,72.36,1531.43994140625,1525.87,-5.569941406250109,30042.113,319.785,40405994024.7986,21.9135766141912
2025-03-13,0.4876277718525226,0.4876277718525226,-1.5279278892514654,70.82,1531.5,1525.87,-5.630000000000109,30042.113,319.785,40405994024.7986,21.9135766141912
2025-03-14,0.602110113459402,0.602110113459402,-1.4915721730191744,71.94,1553.1700439453125,1525.87,-27.30004394531261,30042.113,319.785,40405994024.7986,21.9135766141912
2025-03-15,0.6325102425225665,0.6325102425225665,-0.8744738135634043,71.94,1553.1700439453125,1525.87,-27.30004394531261,30042.113,319.785,40405994024.7986,21.9135766141912
2025-03-16,0.4923758366858186,0.4923758366858186,-1.4550895690353316,71.94,1553.1700439453125,1525.87,-27.30004394531261,30042.113,319.785,40405994024.7986,21.9135766141912
2025-03-17,0.6175777777660233,0.6175777777660233,-2.048203645701838,71.93,1553.27001953125,1525.87,-27.40001953125011,30042.113,319.785,40405994024.7986,21.9135766141912
2025-03-18,0.6259538130740432,0.6259538130740432,-1.988119859597232,71.93,1539.4100341796875,1525.87,-13.54003417968761,30042.113,319.785,40405994024.7986,21.9135766141912
2025-03-19,0.5942770939267248,0.5942770939267248,-2.7347931566708787,71.94,1539.02001953125,1525.87,-13.15001953125011,30042.113,319.785,40405994024.7986,21.9135766141912
2025-03-20,0.6904046309262032,0.6904046309262032,-2.5485325491107016,72.61,1545.0,1525.87,-19.13000000000011,30042.113,319.785,40405994024.7986,21.9135766141912
2025-03-21,0.858934434141121,0.858934434141121,-2.167490726385904,72.64,1550.5,1525.87,-24.63000000000011,30042.113,319.785,40405994024.7986,21.9135766141912
2025-03-22,0.7955565989328498,0.7955565989328498,-1.7095517054270932,72.64,1550.5,1525.87,-24.63000000000011,30042.113,319.785,40405994024.7986,21.9135766141912
2025-03-23,0.6718879337115589,0.6718879337115589,-2.688323936728164,72.64,1550.5,1525.87,-24.63000000000011,30042.113,319.785,40405994024.7986,21.9135766141912
2025-03-24,0.7990358290891157,0.7990358290891157,-2.1168444261923502,73.96,1549.5,1525.87,-23.63000000000011,30042.113,319.785,40405994024.7986,21.9135766141912
2025-03-25,0.6347330701436719,0.6347330701436719,-1.2246991653852437,73.78,1521.5,1525.87,4.369999999999891,30042.113,319.785,40405994024.7986,21.9135766141912
2025-03-26,0.5991634434423374,0.5991634434423374,-2.0447628476856954,74.6,1527.0,1525.87,-1.1300000000001091,30042.113,319.785,40405994024.7986,21.9135766141912
2025-03-27,0.492651851175054,0.492651851175054,-1.4049029526161327,74.72,1534.72998046875,1525.87,-8.85998046875011,30042.113,319.785,40405994024.7986,21.9135766141912
2025-03-28,0.5530511298202045,0.5530511298202045,-1.6198783716331406,74.69,1536.760009765625,1525.87,-10.89000976562511,30042.113,319.785,40405994024.7986,21.9135766141912
2025-03-29,0.6377942903267361,0.6377942903267361,-1.9142575491496576,74.69,1536.760009765625,1525.87,-10.89000976562511,30042.113,319.785,40405994024.7986,21.9135766141912
2025-03-30,0.5277630456045564,0.5277630456045564,-1.4136237796009046,74.69,1536.760009765625,1525.87,-10.89000976562511,30042.113,319.785,40405994024.7986,21.9135766141912
2025-03-31,0.5772777739157896,0.5772777739157896,-0.9212220478816192,77.23,1522.719970703125,1525.87,3.150029296874891,30042.113,319.785,40405994024.7986,21.9135766141912
2025-04-01,0.5889619090235789,0.5889619090235789,-2.03151354072169,77.78,1533.77001953125,1594.55,60.779980468749955,30485.729,320.302,40405994024.7986,21.9135766141912
2025-04-02,0.6380574823798156,0.6380574823798156,-2.322139230376624,77.27,1541.6400146484375,1594.55,52.909985351562455,30485.729,320.302,40405994024.7986,21.9135766141912
2025-04-03,0.5560150137275303,0.5560150137275303,-1.4152815054078025,72.54,1536.719970703125,1594.55,57.830029296874955,30485.729,320.302,40405994024.7986,21.9135766141912
2025-04-04,0.5954628823206249,0.5954628823206249,-1.4606792591766076,68.36,1538.3800048828125,1594.55,56.169995117187455,30485.729,320.302,40405994024.7986,21.9135766141912
2025-04-05,0.4131353539835584,0.4131353539835584,-2.0259972784480964,68.36,1538.3800048828125,1594.55,56.169995117187455,30485.729,320.302,40405994024.7986,21.9135766141912
2025-04-06,0.622463248857009,0.622463248857009,-1.572787713509983,68.36,1538.3800048828125,1594.55,56.169995117187455,30485.729,320.302,40405994024.7986,21.9135766141912
2025-04-07,0.4948093077700268,0.4948093077700268,-2.0332336715701658,66.13,1545.3900146484375,1594.55,49.159985351562455,30485.729,320.302,40405994024.7986,21.9135766141912
2025-04-08,0.5441051545434048,0.5441051545434048,-1.797572578636663,64.86,1565.5,1594.55,29.049999999999955,30485.729,320.302,40405994024.7986,21.9135766141912
2025-04-09,0.6222200362846364,0.6222200362846364,-1.7984002622714683,67.3,1549.8399658203125,1594.55,44.710034179687455,30485.729,320.302,40405994024.7986,21.9135766141912
2025-04-10,0.4175972878225741,0.4175972878225741,-0.8745380297111893,65.37,1570.0,1594.55,24.549999999999955,30485.729,320.302,40405994024.7986,21.9135766141912
2025-04-11,0.4087818047480647,0.4087818047480647,-0.6885164717312418,66.83,1589.0,1594.55,5.5499999999999545,30485.729,320.302,40405994024.7986,21.9135766141912
2025-04-12,0.498770508902069,0.498770508902069,-1.0186977597663271,66.83,1589.0,1594.55,5.5499999999999545,30485.729,320.302,40405994024.7986,21.9135766141912
2025-04-13,0.5752187305382785,0.5752187305382785,-1.8043718778827675,66.83,1589.0,1594.55,5.5499999999999545,30485.729,320.302,40405994024.7986,21.9135766141912
2025-04-14,0.6294540998789426,0.6294540998789426,-1.6506246435748413,67.18,1592.0,1594.55,2.5499999999999545,30485.729,320.302,40405994024.7986,21.9135766141912
2025-04-15,0.5712830954093727,0.5712830954093727,-1.9263226638393929,66.58,1604.719970703125,1594.55,-10.169970703125045,30485.729,320.302,40405994024.7986,21.9135766141912
2025-04-16,0.6028718545859488,0.6028718545859488,-1.7439708517101258,67.94,1604.530029296875,1594.55,-9.980029296875045,30485.729,320.302,40405994024.7986,21.9135766141912
2025-04-17,0.5204238547235088,0.5204238547235088,-1.4680411231074444,69.33,1604.75,1594.55,-10.200000000000045,30485.729,320.302,40405994024.7986,21.9135766141912
2025-04-18,0.5296974377927198,0.5296974377927198,-1.2385479187737944,69.33,1604.75,1594.55,-10.200000000000045,30485.729,320.302,40405994024.7986,21.9135766141912
2025-04-19,0.5662001562485645,0.5662001562485645,-2.1664407347552337,69.33,1604.75,1594.55,-10.200000000000045,30485.729,320.302,40405994024.7986,21.9135766141912
2025-04-20,0.6839783274967384,0.6839783274967384,-2.2116343486809087,69.33,1604.75,1594.55,-10.200000000000045,30485.729,320.302,40405994024.7986,21.9135766141912
2025-04-21,0.62739401228933,0.62739401228933,-1.9647588126157824,69.33,1604.75,1594.55,-10.200000000000045,30485.729,320.302,40405994024.7986,21.9135766141912
2025-04-22,0.6023252074099971,0.6023252074099971,-1.7929505882714107,68.93,1604.1500244140625,1594.55,-9.600024414062545,30485.729,320.302,40405994024.7986,21.9135766141912
2025-04-23,0.550157720911647,0.550157720911647,-1.3318900558124365,68.26,1605.699951171875,1594.55,-11.149951171875045,30485.729,320.302,40405994024.7986,21.9135766141912
2025-04-24,0.4905768640069116,0.4905768640069116,-1.1810368484273204,67.5,1608.1500244140625,1594.55,-13.600024414062545,30485.729,320.302,40405994024.7986,21.9135766141912
2025-04-25,0.4575359647621879,0.4575359647621879,-0.9981434806535362,66.99,1609.0999755859375,1594.55,-14.549975585937545,30485.729,320.302,40405994024.7986,21.9135766141912
2025-04-26,0.4994970771202772,0.4994970771202772,-1.6086323332436423,66.99,1609.0999755859375,1594.55,-14.549975585937545,30485.729,320.302,40405994024.7986,21.9135766141912
2025-04-27,0.4791764127726448,0.4791764127726448,-1.6735976359935556,66.99,1609.0999755859375,1594.55,-14.549975585937545,30485.729,320.302,40405994024.7986,21.9135766141912
2025-04-28,0.5307179874696265,0.5307179874696265,-1.1167314908916004,66.13,1606.4300537109375,1594.55,-11.880053710937545,30485.729,320.302,40405994024.7986,21.9135766141912
2025-04-29,0.6260002887168906,0.6260002887168906,-1.1797897747409194,64.04,1604.5699462890625,1594.55,-10.019946289062545,30485.729,320.302,40405994024.7986,21.9135766141912
2025-04-30,0.5154674998956583,0.5154674998956583,-1.1916695039845293,63.37,1602.68994140625,1594.55,-8.139941406250045,30485.729,320.302,40405994024.7986,21.9135766141912
2025-05-01,0.5930320704062384,0.5930320704062384,-0.6267531648596288,62.37,1602.199951171875,1594.7,-7.4999511718749545,30485.729,320.62,40405994024.7986,21.9135766141912
2025-05-02,0.6229208260965652,0.6229208260965652,-1.3653806716507972,61.57,1605.8499755859375,1594.7,-11.149975585937455,30485.729,320.62,40405994024.7986,21.9135766141912
2025-05-03,0.5823414764759527,0.5823414764759527,-1.1363942212817804,61.57,1605.8499755859375,1594.7,-11.149975585937455,30485.729,320.62,40405994024.7986,21.9135766141912
2025-05-04,0.5582500800114256,0.5582500800114256,-1.68576337072637,61.57,1605.8499755859375,1594.7,-11.149975585937455,30485.729,320.62,40405994024.7986,21.9135766141912
2025-05-05,0.4275306962685333,0.4275306962685333,-2.0942317612031323,61.57,1606.3699951171875,1594.7,-11.669995117187455,30485.729,320.62,40405994024.7986,21.9135766141912
2025-05-06,0.5293212889813231,0.5293212889813231,-1.6963400566737914,62.37,1605.2099609375,1594.7,-10.509960937499955,30485.729,320.62,40405994024.7986,21.9135766141912
2025-05-07,0.5513122994765952,0.5513122994765952,-1.5493624063332383,60.31,1606.0899658203125,1594.7,-11.389965820312455,30485.729,320.62,40405994024.7986,21.9135766141912
2025-05-08,0.4469197354961026,0.4469197354961026,-1.072747377977204,62.22,1606.530029296875,1594.7,-11.830029296874955,30485.729,320.62,40405994024.7986,21.9135766141912
2025-05-09,0.5164999290237764,0.5164999290237764,-0.9700123161403572,64.26,1609.6300048828125,1594.7,-14.930004882812455,30485.729,320.62,40405994024.7986,21.9135766141912
2025-05-10,0.4918968560903344,0.4918968560903344,-0.7731927113196752,64.26,1609.6300048828125,1594.7,-14.930004882812455,30485.729,320.62,40405994024.7986,21.9135766141912
2025-05-11,0.4544297802615488,0.4544297802615488,-1.1408041033349867,64.26,1609.6300048828125,1594.7,-14.930004882812455,30485.729,320.62,40405994024.7986,21.9135766141912
2025-05-12,0.4202903740652804,0.4202903740652804,-1.4638264199320412,65.28,1608.27001953125,1594.7,-13.570019531249955,30485.729,320.62,40405994024.7986,21.9135766141912
2025-05-13,0.5565659479629643,0.5565659479629643,-1.682683067738477,66.93,1601.5699462890625,1594.7,-6.8699462890624545,30485.729,320.62,40405994024.7986,21.9135766141912
2025-05-14,0.5101032070725664,0.5101032070725664,-1.036794106738042,65.91,1601.93994140625,1594.7,-7.2399414062499545,30485.729,320.62,40405994024.7986,21.9135766141912
2025-05-15,0.4423398752423968,0.4423398752423968,-1.770681659412266,64.36,1600.06005859375,1594.7,-5.3600585937499545,30485.729,320.62,40405994024.7986,21.9135766141912
2025-05-16,0.4808588858680345,0.4808588858680345,-1.253554501454102,65.2,1601.43994140625,1594.7,-6.7399414062499545,30485.729,320.62,40405994024.7986,21.9135766141912
2025-05-17,0.5018342385620426,0.5018342385620426,-0.9293414548786946,65.2,1601.43994140625,1594.7,-6.7399414062499545,30485.729,320.62,40405994024.7986,21.9135766141912
2025-05-18,0.5559653777228942,0.5559653777228942,-1.2786877573698503,65.2,1601.43994140625,1594.7,-6.7399414062499545,30485.729,320.62,40405994024.7986,21.9135766141912
2025-05-19,0.51407344476172,0.51407344476172,-1.3039855386535182,66.25,1606.68994140625,1594.7,-11.989941406249955,30485.729,320.62,40405994024.7986,21.9135766141912
2025-05-20,0.5411527892379706,0.5411527892379706,-1.4339213071829244,66.93,1601.5799560546875,1594.7,-6.8799560546874545,30485.729,320.62,40405994024.7986,21.9135766141912
2025-05-21,0.5281653092513561,0.5281653092513561,-1.13546615391719,65.86,1597.5400390625,1594.7,-2.8400390624999545,30485.729,320.62,40405994024.7986,21.9135766141912
2025-05-22,0.5993376014552713,0.5993376014552713,-0.8285433686385439,64.87,1589.050048828125,1594.7,5.6499511718750455,30485.729,320.62,40405994024.7986,21.9135766141912
2025-05-23,0.5716820580811875,0.5716820580811875,-1.4922990510692744,65.41,1589.27001953125,1594.7,5.4299804687500455,30485.729,320.62,40405994024.7986,21.9135766141912
2025-05-24,0.5557565679595224,0.5557565679595224,-0.9872865052834524,65.41,1589.27001953125,1594.7,5.4299804687500455,30485.729,320.62,40405994024.7986,21.9135766141912
2025-05-25,0.5645975589029409,0.5645975589029409,-0.8483556221120216,65.41,1589.27001953125,1594.7,5.4299804687500455,30485.729,320.62,40405994024.7986,21.9135766141912
2025-05-26,0.5776858536477488,0.5776858536477488,-1.7577942199030638,65.41,1586.989990234375,1594.7,7.7100097656250455,30485.729,320.62,40405994024.7986,21.9135766141912
2025-05-27,0.5730434491562881,0.5730434491562881,-1.880521343065588,64.32,1582.8399658203125,1594.7,11.860034179687545,30485.729,320.62,40405994024.7986,21.9135766141912
2025-05-28,0.546343035840021,0.546343035840021,-1.376711839940672,65.72,1584.5999755859375,1594.7,10.100024414062545,30485.729,320.62,40405994024.7986,21.9135766141912
2025-05-29,0.509461171569077,0.509461171569077,-1.0940452344469451,64.6,1586.6400146484375,1594.7,8.059985351562545,30485.729,320.62,40405994024.7986,21.9135766141912
2025-05-30,0.6158119430752967,0.6158119430752967,-1.311554376234956,64.32,1589.7900390625,1594.7,4.9099609375000455,30485.729,320.62,40405994024.7986,21.9135766141912
2025-05-31,0.4488387455782824,0.4488387455782824,-1.504228082291662,64.32,1589.7900390625,1594.7,4.9099609375000455,30485.729,320.62,40405994024.7986,21.9135766141912
2025-06-01,0.5453258333679191,0.5453258333679191,-1.547640392465917,64.32,1589.7900390625,1549.29,-40.500039062500036,30485.729,321.435,40405994024.7986,21.9135766141912
2025-06-02,0.5714968546212847,0.5714968546212847,-1.5845468616527474,66.55,1585.719970703125,1549.29,-36.429970703125036,30485.729,321.435,40405994024.7986,21.9135766141912
2025-06-03,0.5470014542831073,0.5470014542831073,-1.811666089413844,67.48,1582.9200439453125,1549.29,-33.630043945312536,30485.729,321.435,40405994024.7986,21.9135766141912
2025-06-04,0.524617118361797,0.524617118361797,-1.993879638088192,66.69,1581.75,1549.29,-32.460000000000036,30485.729,321.435,40405994024.7986,21.9135766141912
2025-06-05,0.3608792620358899,0.3608792620358899,-1.3759341883379737,67.14,1579.6500244140625,1549.29,-30.360024414062536,30485.729,321.435,40405994024.7986,21.9135766141912
2025-06-06,0.5526306634073703,0.5526306634073703,0.5240116046929898,68.02,1560.6700439453125,1549.29,-11.380043945312536,30485.729,321.435,40405994024.7986,21.9135766141912
2025-06-07,0.524173782612836,0.524173782612836,0.19000492402768,68.02,1560.6700439453125,1549.29,-11.380043945312536,30485.729,321.435,40405994024.7986,21.9135766141912
2025-06-08,0.4341916970575268,0.4341916970575268,-0.0119308843458449,68.02,1560.6700439453125,1549.29,-11.380043945312536,30485.729,321.435,40405994024.7986,21.9135766141912
2025-06-09,0.4850040615746371,0.4850040615746371,-0.8248371556412574,68.73,1562.219970703125,1549.29,-12.929970703125036,30485.729,321.435,40405994024.7986,21.9135766141912
2025-06-10,0.5645097769007997,0.5645097769007997,-0.657738113532161,68.41,1558.06005859375,1549.29,-8.770058593750036,30485.729,321.435,40405994024.7986,21.9135766141912
2025-06-11,0.4479111680702569,0.4479111680702569,-1.0307624808829423,71.29,1545.469970703125,1549.29,3.8200292968749636,30485.729,321.435,40405994024.7986,21.9135766141912
2025-06-12,0.4159254709369539,0.4159254709369539,-0.9398241158090644,70.84,1540.1099853515625,1549.29,9.180014648437464,30485.729,321.435,40405994024.7986,21.9135766141912
2025-06-13,0.4681473248778826,0.4681473248778826,-0.8182931976639715,76.0,1539.3199462890625,1549.29,9.970053710937464,30485.729,321.435,40405994024.7986,21.9135766141912
2025-06-14,0.5828765140650386,0.5828765140650386,2.29430379746835,76.0,1539.3199462890625,1549.29,9.970053710937464,30485.729,321.435,40405994024.7986,21.9135766141912
2025-06-15,0.4900848666619294,0.4900848666619294,-9.72222222222221,76.0,1539.3199462890625,1549.29,9.970053710937464,30485.729,321.435,40405994024.7986,21.9135766141912
2025-06-16,0.4396996093352604,0.4396996093352604,-5.7871385328137,75.05,1541.93994140625,1549.29,7.350058593749964,30485.729,321.435,40405994024.7986,21.9135766141912
2025-06-17,0.4436311501432038,0.4436311501432038,-4.968681441707781,78.7,1542.489990234375,1549.29,6.800009765624964,30485.729,321.435,40405994024.7986,21.9135766141912
2025-06-18,0.4572293349901267,0.4572293349901267,1.33333333333334,78.38,1542.8399658203125,1549.29,6.450034179687464,30485.729,321.435,40405994024.7986,21.9135766141912
2025-06-19,0.4622832012036474,0.4622832012036474,-8.623658175038706,80.37,1544.699951171875,1549.29,4.590048828124964,30485.729,321.435,40405994024.7986,21.9135766141912
2025-06-20,0.4525668007423252,0.4525668007423252,0.4577374168167956,78.73,1547.9100341796875,1549.29,1.3799658203124636,30485.729,321.435,40405994024.7986,21.9135766141912
2025-06-21,0.4055590578315906,0.4055590578315906,0.4577374168167956,78.73,1547.9100341796875,1549.29,1.3799658203124636,30485.729,321.435,40405994024.7986,21.9135766141912
2025-06-22,0.4996048925442756,0.4996048925442756,-0.4570855020692574,78.73,1547.9100341796875,1549.29,1.3799658203124636,30485.729,321.435,40405994024.7986,21.9135766141912
2025-06-23,0.4873117676323972,0.4873117676323972,-3.65045551897228,74.34,1549.43994140625,1549.29,-0.14994140625003638,30485.729,321.435,40405994024.7986,21.9135766141912
2025-06-24,0.4502209439896274,0.4502209439896274,1.950725292684124,69.13,1550.010009765625,1549.29,-0.7200097656250364,30485.729,321.435,40405994024.7986,21.9135766141912
2025-06-25,0.4251323964088149,0.4251323964088149,-0.2960478663738505,68.4,1548.050048828125,1549.29,1.2399511718749636,30485.729,321.435,40405994024.7986,21.9135766141912
2025-06-26,0.4197716627625104,0.4197716627625104,-2.097752430348093,68.57,1549.9300537109375,1549.29,-0.6400537109375364,30485.729,321.435,40405994024.7986,21.9135766141912
2025-06-27,0.4997148105983129,0.4997148105983129,3.246199905516189,69.37,1543.3499755859375,1549.29,5.940024414062464,30485.729,321.435,40405994024.7986,21.9135766141912
2025-06-28,0.578896629392578,0.578896629392578,-2.071020229248099,69.37,1543.3499755859375,1549.29,5.940024414062464,30485.729,321.435,40405994024.7986,21.9135766141912
2025-06-29,0.5285595946244241,0.5285595946244241,-0.7972622132413859,69.37,1543.3499755859375,1549.29,5.940024414062464,30485.729,321.435,40405994024.7986,21.9135766141912
2025-06-30,0.498947893481609,0.498947893481609,1.1212431536195822,68.15,1542.010009765625,1549.29,7.279990234374964,30485.729,321.435,40405994024.7986,21.9135766141912
2025-07-01,0.3975846710648503,0.3975846710648503,-1.2649112916622252,67.63,1536.93994140625,1529.85,-7.089941406250091,31098.027,322.169,40405994024.7986,21.9135766141912
2025-07-02,0.570129344453942,0.570129344453942,-1.248372958133383,70.8,1533.47998046875,1529.85,-3.629980468750091,31098.027,322.169,40405994024.7986,21.9135766141912
2025-07-03,0.6614961406277735,0.6614961406277735,-1.1893590716555715,70.42,1528.4000244140625,1529.85,1.449975585937409,31098.027,322.169,40405994024.7986,21.9135766141912
2025-07-04,0.5813820609529751,0.5813820609529751,-1.301405433601839,71.03,1534.010009765625,1529.85,-4.160009765625091,31098.027,322.169,40405994024.7986,21.9135766141912
2025-07-05,0.6607493332344844,0.6607493332344844,-0.8025438023877354,71.03,1534.010009765625,1529.85,-4.160009765625091,31098.027,322.169,40405994024.7986,21.9135766141912
2025-07-06,0.6229980717991934,0.6229980717991934,-1.3166266077234563,71.03,1534.010009765625,1529.85,-4.160009765625091,31098.027,322.169,40405994024.7986,21.9135766141912
2025-07-07,0.6073433753414113,0.6073433753414113,-1.1304873579434336,71.95,1529.0,1529.85,0.849999999999909,31098.027,322.169,40405994024.7986,21.9135766141912
2025-07-08,0.5925432483798814,0.5925432483798814,-1.1934759203160008,72.5,1534.6099853515625,1529.85,-4.759985351562591,31098.027,322.169,40405994024.7986,21.9135766141912
2025-07-09,0.6615832792173201,0.6615832792173201,-1.0471873542647532,71.98,1533.5699462890625,1529.85,-3.719946289062591,31098.027,322.169,40405994024.7986,21.9135766141912
2025-07-10,0.5409556369564268,0.5409556369564268,-1.3738581907933118,70.38,1533.1099853515625,1529.85,-3.259985351562591,31098.027,322.169,40405994024.7986,21.9135766141912
2025-07-11,0.6720241424667552,0.6720241424667552,-1.4221285426797845,72.06,1530.02001953125,1529.85,-0.17001953125009095,31098.027,322.169,40405994024.7986,21.9135766141912
2025-07-12,0.651745978726098,0.651745978726098,-1.0703174921595742,72.06,1530.02001953125,1529.85,-0.17001953125009095,31098.027,322.169,40405994024.7986,21.9135766141912
2025-07-13,0.6202570181531935,0.6202570181531935,-0.749223823833035,72.06,1530.02001953125,1529.85,-0.17001953125009095,31098.027,322.169,40405994024.7986,21.9135766141912
2025-07-14,0.6298551178059533,0.6298551178059533,-0.5736535406387531,70.96,1529.7900390625,1529.85,0.05996093749990905,31098.027,322.169,40405994024.7986,21.9135766141912
2025-07-15,0.6073430588798532,0.6073430588798532,-0.8990162292935105,70.27,1527.1600341796875,1529.85,2.689965820312409,31098.027,322.169,40405994024.7986,21.9135766141912
2025-07-16,0.7347507911511653,0.7347507911511653,-1.1461120147200696,69.67,1529.06005859375,1529.85,0.789941406249909,31098.027,322.169,40405994024.7986,21.9135766141912
2025-07-17,0.4712783753896406,0.4712783753896406,-1.1334634606690854,71.32,1529.780029296875,1529.85,0.06997070312490905,31098.027,322.169,40405994024.7986,21.9135766141912
2025-07-18,0.5169723757962927,0.5169723757962927,-1.0323682640869445,71.06,1527.0799560546875,1529.85,2.770043945312409,31098.027,322.169,40405994024.7986,21.9135766141912
2025-07-19,0.5812527149558407,0.5812527149558407,-1.3032197562054204,71.06,1527.0799560546875,1529.85,2.770043945312409,31098.027,322.169,40405994024.7986,21.9135766141912
2025-07-20,0.5765149158574308,0.5765149158574308,-0.7071418754720796,71.06,1527.0799560546875,1529.85,2.770043945312409,31098.027,322.169,40405994024.7986,21.9135766141912
2025-07-21,0.5617450326219275,0.5617450326219275,-0.8724367884789338,71.92,1529.030029296875,1529.85,0.819970703124909,31098.027,322.169,40405994024.7986,21.9135766141912
2025-07-22,0.5146179793642005,0.5146179793642005,-1.1620697813555971,69.69,1529.489990234375,1529.85,0.36000976562490905,31098.027,322.169,40405994024.7986,21.9135766141912
2025-07-23,0.747998319072074,0.747998319072074,-0.9815922227005036,69.17,1530.2900390625,1529.85,-0.44003906250009095,31098.027,322.169,40405994024.7986,21.9135766141912
2025-07-24,0.5888646287722593,0.5888646287722593,-0.9840872348903308,70.42,1530.739990234375,1529.85,-0.889990234375091,31098.027,322.169,40405994024.7986,21.9135766141912
2025-07-25,0.4970666247889191,0.4970666247889191,-0.9382370313663038,69.23,1531.75,1529.85,-1.900000000000091,31098.027,322.169,40405994024.7986,21.9135766141912
2025-07-26,0.4975336531494638,0.4975336531494638,-1.6913904559440192,69.23,1531.75,1529.85,-1.900000000000091,31098.027,322.169,40405994024.7986,21.9135766141912
2025-07-27,0.6094129849706859,0.6094129849706859,-1.5713307574886934,69.23,1531.75,1529.85,-1.900000000000091,31098.027,322.169,40405994024.7986,21.9135766141912
2025-07-28,0.577443574397325,0.577443574397325,-0.8966989447312089,70.87,1526.9200439453125,1529.85,2.929956054687409,31098.027,322.169,40405994024.7986,21.9135766141912
2025-07-29,0.4980904856493158,0.4980904856493158,-1.2795849642118118,73.21,1529.3800048828125,1529.85,0.46999511718740905,31098.027,322.169,40405994024.7986,21.9135766141912
2025-07-30,0.595222864854514,0.595222864854514,-1.5805159939052855,73.98,1529.300048828125,1529.85,0.549951171874909,31098.027,322.169,40405994024.7986,21.9135766141912
2025-07-31,0.5568175454596503,0.5568175454596503,-1.1954442727397503,73.43,1530.199951171875,1529.85,-0.34995117187509095,31098.027,322.169,40405994024.7986,21.9135766141912
2025-08-01,0.4852250375423857,0.4852250375423857,-1.261144253841717,70.55,1530.699951171875,1534.25,3.550048828125,31098.027,323.291,40405994024.7986,21.9135766141912
2025-08-02,0.4047788046268275,0.4047788046268275,-1.5306027715486397,70.55,1530.699951171875,1534.25,3.550048828125,31098.027,323.291,40405994024.7986,21.9135766141912
2025-08-03,0.4633621821737841,0.4633621821737841,-1.9561731887400056,70.55,1530.699951171875,1534.25,3.550048828125,31098.027,323.291,40405994024.7986,21.9135766141912
2025-08-04,0.5132999387470621,0.5132999387470621,-1.3692767035053464,69.56,1508.530029296875,1534.25,25.719970703125,31098.027,323.291,40405994024.7986,21.9135766141912
2025-08-05,0.473736944255178,0.473736944255178,-1.4844252792812804,69.14,1522.1800537109375,1534.25,12.0699462890625,31098.027,323.291,40405994024.7986,21.9135766141912
2025-08-06,0.4794998683559002,0.4794998683559002,-1.4786398168286572,67.97,1528.0999755859375,1534.25,6.1500244140625,31098.027,323.291,40405994024.7986,21.9135766141912
2025-08-07,0.1052314212669538,0.1052314212669538,-1.5743948746712966,66.99,1529.5999755859375,1534.25,4.6500244140625,31098.027,323.291,40405994024.7986,21.9135766141912
2025-08-08,0.4089833921135531,0.4089833921135531,-1.3558727995634614,67.17,1529.010009765625,1534.25,5.239990234375,31098.027,323.291,40405994024.7986,21.9135766141912
2025-08-09,0.4676648258624283,0.4676648258624283,-1.2701461477598517,67.17,1529.010009765625,1534.25,5.239990234375,31098.027,323.291,40405994024.7986,21.9135766141912
2025-08-10,0.4426775279219965,0.4426775279219965,-1.168332672303796,67.17,1529.010009765625,1534.25,5.239990234375,31098.027,323.291,40405994024.7986,21.9135766141912
2025-08-11,0.5518871761270072,0.5518871761270072,-2.6735204650826567,67.36,1531.1199951171875,1534.25,3.1300048828125,31098.027,323.291,40405994024.7986,21.9135766141912
2025-08-12,0.4538049906021206,0.4538049906021206,-2.380807238889756,66.8,1534.0,1534.25,0.25,31098.027,323.291,40405994024.7986,21.9135766141912
2025-08-13,0.5473005004274937,0.5473005004274937,-1.6612045423962598,66.25,1534.0,1534.25,0.25,31098.027,323.291,40405994024.7986,21.9135766141912
2025-08-14,0.4389293925786455,0.4389293925786455,-1.18423498821603,68.12,1532.9000244140625,1534.25,1.3499755859375,31098.027,323.291,40405994024.7986,21.9135766141912
2025-08-15,0.2149365109238611,0.2149365109238611,-1.5891918336706643,67.3,1532.6400146484375,1534.25,1.6099853515625,31098.027,323.291,40405994024.7986,21.9135766141912
2025-08-16,0.5652815805563984,0.5652815805563984,-1.8259678952838063,67.3,1532.6400146484375,1534.25,1.6099853515625,31098.027,323.291,40405994024.7986,21.9135766141912
2025-08-17,0.4931384501398155,0.4931384501398155,-1.1578596302871207,67.3,1532.6400146484375,1534.25,1.6099853515625,31098.027,323.291,40405994024.7986,21.9135766141912
2025-08-18,0.5460548408971819,0.5460548408971819,-0.9058068912811807,68.18,1528.68994140625,1534.25,5.56005859375,31098.027,323.291,40405994024.7986,21.9135766141912
2025-08-19,0.3621298536001859,0.3621298536001859,-1.9835732678980933,66.62,1534.8199462890625,1534.25,-0.5699462890625,31098.027,323.291,40405994024.7986,21.9135766141912
2025-08-20,0.5159772058325955,0.5159772058325955,-2.0572237555821657,67.61,1534.9300537109375,1534.25,-0.6800537109375,31098.027,323.291,40405994024.7986,21.9135766141912
2025-08-21,0.4755265643168529,0.4755265643168529,-1.6852627478390332,68.41,1536.6600341796875,1534.25,-2.4100341796875,31098.027,323.291,40405994024.7986,21.9135766141912
2025-08-22,0.5330895455689979,0.5330895455689979,-1.2870948631982126,68.29,1537.1400146484375,1534.25,-2.8900146484375,31098.027,323.291,40405994024.7986,21.9135766141912
2025-08-23,0.5302124723782186,0.5302124723782186,-1.7886313774069007,68.29,1537.1400146484375,1534.25,-2.8900146484375,31098.027,323.291,40405994024.7986,21.9135766141912
2025-08-24,0.591282057519598,0.591282057519598,-1.717582636747629,68.29,1537.1400146484375,1534.25,-2.8900146484375,31098.027,323.291,40405994024.7986,21.9135766141912
2025-08-25,0.3633876145735062,0.3633876145735062,-1.1684215013993924,68.29,1518.72998046875,1534.25,15.52001953125,31098.027,323.291,40405994024.7986,21.9135766141912
2025-08-26,0.4617107030609781,0.4617107030609781,-1.1917389881270886,66.89,1536.5999755859375,1534.25,-2.3499755859375,31098.027,323.291,40405994024.7986,21.9135766141912
2025-08-27,0.916929061573344,0.916929061573344,-1.3826227850255233,67.75,1536.75,1534.25,-2.5,31098.027,323.291,40405994024.7986,21.9135766141912
2025-08-28,0.5082869406743765,0.5082869406743765,-0.6851253700483934,68.61,1536.27001953125,1534.25,-2.02001953125,31098.027,323.291,40405994024.7986,21.9135766141912
2025-08-29,0.4952808722972002,0.4952808722972002,-1.0454675912260307,67.83,1535.18994140625,1534.25,-0.93994140625,31098.027,323.291,40405994024.7986,21.9135766141912
2025-08-30,0.5506803156615645,0.5506803156615645,-1.0718157790766278,67.83,1535.18994140625,1534.25,-0.93994140625,31098.027,323.291,40405994024.7986,21.9135766141912
2025-08-31,0.6924064950611469,0.6924064950611469,-1.1523984510357077,67.83,1535.18994140625,1534.25,-0.93994140625,31098.027,323.291,40405994024.7986,21.9135766141912
2025-09-01,0.5245600327381216,0.5245600327381216,-2.1747461403126085,67.09,1531.489990234375,1497.29,-34.199990234375036,31098.027,324.245,40405994024.7986,21.9135766141912
2025-09-02,0.4698942367959903,0.4698942367959903,-1.2695427583479175,68.09,1529.7900390625,1497.29,-32.500039062500036,31098.027,324.245,40405994024.7986,21.9135766141912
2025-09-03,0.5923715867947014,0.5923715867947014,-0.8309939636193532,67.76,1537.2099609375,1497.29,-39.919960937500036,31098.027,324.245,40405994024.7986,21.9135766141912
2025-09-04,0.5152059976474195,0.5152059976474195,-1.5715113138007113,66.41,1539.25,1497.29,-41.960000000000036,31098.027,324.245,40405994024.7986,21.9135766141912
2025-09-05,0.5228224228426185,0.5228224228426185,-1.6124907249274356,64.92,1522.719970703125,1497.29,-25.429970703125036,31098.027,324.245,40405994024.7986,21.9135766141912
2025-09-06,0.5605902055367602,0.5605902055367602,-1.78861817172792,64.92,1522.719970703125,1497.29,-25.429970703125036,31098.027,324.245,40405994024.7986,21.9135766141912
2025-09-07,0.5632997527954114,0.5632997527954114,-2.6246896951480334,64.92,1522.719970703125,1497.29,-25.429970703125036,31098.027,324.245,40405994024.7986,21.9135766141912
2025-09-08,0.5015296092807358,0.5015296092807358,-2.212176623310163,65.44,1520.9300537109375,1497.29,-23.640053710937536,31098.027,324.245,40405994024.7986,21.9135766141912
2025-09-09,0.5214588436917023,0.5214588436917023,-2.059346275664771,67.97,1506.0899658203125,1497.29,-8.799965820312536,31098.027,324.245,40405994024.7986,21.9135766141912
2025-09-10,0.3697609616398967,0.3697609616398967,-1.7013477102020227,67.62,1504.2900390625,1497.29,-7.000039062500036,31098.027,324.245,40405994024.7986,21.9135766141912
2025-09-11,0.4915781865837228,0.4915781865837228,-2.2596131136259685,67.25,1503.530029296875,1497.29,-6.240029296875036,31098.027,324.245,40405994024.7986,21.9135766141912
2025-09-12,0.4921194904265862,0.4921194904265862,-1.5354814169492723,67.87,1503.6400146484375,1497.29,-6.350014648437536,31098.027,324.245,40405994024.7986,21.9135766141912
2025-09-13,0.3400730542319737,0.3400730542319737,-1.3420594064219504,67.87,1503.6400146484375,1497.29,-6.350014648437536,31098.027,324.245,40405994024.7986,21.9135766141912
2025-09-14,0.4684685523067927,0.4684685523067927,-2.084466861483763,67.87,1503.6400146484375,1497.29,-6.350014648437536,31098.027,324.245,40405994024.7986,21.9135766141912
2025-09-15,0.5567593209411391,0.5567593209411391,-1.4766692579241665,67.88,1500.3499755859375,1497.29,-3.0599755859375364,31098.027,324.245,40405994024.7986,21.9135766141912
2025-09-16,0.3963409989148161,0.3963409989148161,-1.7007750529308636,69.69,1498.699951171875,1497.29,-1.4099511718750364,31098.027,324.245,40405994024.7986,21.9135766141912
2025-09-17,0.4958794420424214,0.4958794420424214,-1.5251389665864146,69.19,1495.5999755859375,1497.29,1.6900244140624636,31098.027,324.245,40405994024.7986,21.9135766141912
2025-09-18,0.4807261227685467,0.4807261227685467,-1.1640982541304323,67.83,1495.81005859375,1497.29,1.4799414062499636,31098.027,324.245,40405994024.7986,21.9135766141912
2025-09-19,0.4366328713960011,0.4366328713960011,-1.1951486923840762,67.05,1495.030029296875,1497.29,2.2599707031249636,31098.027,324.245,40405994024.7986,21.9135766141912
2025-09-20,0.4927032464424254,0.4927032464424254,-1.2881028603586588,67.05,1495.030029296875,1497.29,2.2599707031249636,31098.027,324.245,40405994024.7986,21.9135766141912
2025-09-21,0.5201097325762186,0.5201097325762186,-1.1341679835612004,67.05,1495.030029296875,1497.29,2.2599707031249636,31098.027,324.245,40405994024.7986,21.9135766141912
2025-09-22,0.4783604009705711,0.4783604009705711,-1.8714650686587389,66.87,1497.199951171875,1497.29,0.09004882812496362,31098.027,324.245,40405994024.7986,21.9135766141912
2025-09-23,0.4911959784647373,0.4911959784647373,-1.887942466833858,67.96,1493.8299560546875,1497.29,3.4600439453124636,31098.027,324.245,40405994024.7986,21.9135766141912
2025-09-24,0.6172889013981454,0.6172889013981454,-1.3219631374459129,69.64,1488.22998046875,1497.29,9.060019531249964,31098.027,324.245,40405994024.7986,21.9135766141912
2025-09-25,0.5242189979395678,0.5242189979395678,-1.4838713933517504,70.48,1489.02001953125,1497.29,8.269980468749964,31098.027,324.245,40405994024.7986,21.9135766141912
2025-09-26,0.4946569711963712,0.4946569711963712,-0.2668274122644487,71.15,1490.6400146484375,1497.29,6.649985351562464,31098.027,324.245,40405994024.7986,21.9135766141912
2025-09-27,0.5359379519642496,0.5359379519642496,-0.4163995313874011,71.15,1490.6400146484375,1497.29,6.649985351562464,31098.027,324.245,40405994024.7986,21.9135766141912
2025-09-28,0.4510896319436725,0.4510896319436725,-1.7756152626466912,71.15,1490.6400146484375,1497.29,6.649985351562464,31098.027,324.245,40405994024.7986,21.9135766141912
2025-09-29,0.4504709576999115,0.4504709576999115,-1.9597507988450549,69.0,1485.22998046875,1497.29,12.060019531249964,31098.027,324.245,40405994024.7986,21.9135766141912
2025-09-30,0.3669307520714323,0.3669307520714323,-1.6313085758084294,68.52,1486.0999755859375,1497.29,11.190024414062464,31098.027,324.245,40405994024.7986,21.9135766141912
2025-10-01,0.3262198366433203,0.3262198366433203,-1.3807082292293684,66.67,1484.5,1459.04,-25.460000000000036,31422.526,324.245,40405994024.7986,21.9135766141912
2025-10-02,0.3854084683489387,0.3854084683489387,-1.1590707928685575,65.44,1484.5,1459.04,-25.460000000000036,31422.526,324.245,40405994024.7986,21.9135766141912
2025-10-03,0.30513669978998,0.30513669978998,-1.7301551815350087,66.13,1476.8699951171875,1459.04,-17.829995117187536,31422.526,324.245,40405994024.7986,21.9135766141912
2025-10-04,0.4344723250669247,0.4344723250669247,-2.1550714749787674,66.13,1476.8699951171875,1459.04,-17.829995117187536,31422.526,324.245,40405994024.7986,21.9135766141912
2025-10-05,0.3711475658942463,0.3711475658942463,-1.7870763654229054,66.13,1476.8699951171875,1459.04,-17.829995117187536,31422.526,324.245,40405994024.7986,21.9135766141912
2025-10-06,0.4490183990329492,0.4490183990329492,-1.3644981627401378,67.09,1464.0400390625,1459.04,-5.000039062500036,31422.526,324.245,40405994024.7986,21.9135766141912
2025-10-07,0.3981650857879813,0.3981650857879813,-1.3041447831694082,67.1,1471.0999755859375,1459.04,-12.059975585937536,31422.526,324.245,40405994024.7986,21.9135766141912
2025-10-08,0.3802178333074028,0.3802178333074028,-1.86116497075859,67.42,1469.550048828125,1459.04,-10.510048828125036,31422.526,324.245,40405994024.7986,21.9135766141912
2025-10-09,0.4105724665881802,0.4105724665881802,-1.241692415760269,67.23,1471.31005859375,1459.04,-12.270058593750036,31422.526,324.245,40405994024.7986,21.9135766141912
2025-10-10,0.3007529258552698,0.3007529258552698,-1.0776435341601815,64.41,1477.699951171875,1459.04,-18.659951171875036,31422.526,324.245,40405994024.7986,21.9135766141912
2025-10-11,0.4539940935549569,0.4539940935549569,-1.5165951611780712,64.41,1477.699951171875,1459.04,-18.659951171875036,31422.526,324.245,40405994024.7986,21.9135766141912
2025-10-12,0.5507425932349449,0.5507425932349449,-2.278141267091168,64.41,1477.699951171875,1459.04,-18.659951171875036,31422.526,324.245,40405994024.7986,21.9135766141912
2025-10-13,0.4881389644498179,0.4881389644498179,-1.024399986437578,64.15,1463.5400390625,1459.04,-4.500039062500036,31422.526,324.245,40405994024.7986,21.9135766141912
2025-10-14,-0.5346821697713738,-0.5346821697713738,-1.0722135722834578,63.0,1460.27001953125,1459.04,-1.2300195312500364,31422.526,324.245,40405994024.7986,21.9135766141912
2025-10-15,0.4642651296494413,0.4642651296494413,-0.4771385747375585,62.33,1459.1800537109375,1459.04,-0.14005371093753638,31422.526,324.245,40405994024.7986,21.9135766141912
2025-10-16,0.3990168252987606,0.3990168252987606,-1.275981601054175,61.08,1463.2900390625,1459.04,-4.250039062500036,31422.526,324.245,40405994024.7986,21.9135766141912
2025-10-17,0.4257545308856598,0.4257545308856598,-1.1870222394865169,61.23,1465.5699462890625,1459.04,-6.529946289062536,31422.526,324.245,40405994024.7986,21.9135766141912
2025-10-18,0.4211218468149018,0.4211218468149018,-1.307770607038403,61.23,1465.5699462890625,1459.04,-6.529946289062536,31422.526,324.245,40405994024.7986,21.9135766141912
2025-10-19,0.4671597776172339,0.4671597776172339,-1.8217696464486004,61.23,1465.5699462890625,1459.04,-6.529946289062536,31422.526,324.245,40405994024.7986,21.9135766141912
2025-10-20,0.4520418598007252,0.4520418598007252,-2.793877079532507,60.71,1469.3900146484375,1459.04,-10.350014648437536,31422.526,324.245,40405994024.7986,21.9135766141912
2025-10-21,0.4125253980049385,0.4125253980049385,-2.7028544823048937,61.0,1466.6400146484375,1459.04,-7.600014648437536,31422.526,324.245,40405994024.7986,21.9135766141912
2025-10-22,0.4433809485547005,0.4433809485547005,-2.0180354266172205,62.28,1465.6199951171875,1459.04,-6.579995117187536,31422.526,324.245,40405994024.7986,21.9135766141912
2025-10-23,0.4403594536936496,0.4403594536936496,-1.7102323044926706,66.32,1463.050048828125,1459.04,-4.010048828125036,31422.526,324.245,40405994024.7986,21.9135766141912
2025-10-24,0.3954022766997304,0.3954022766997304,-1.2680782253228775,65.8,1460.75,1459.04,-1.7100000000000364,31422.526,324.245,40405994024.7986,21.9135766141912
2025-10-25,0.2374655940961122,0.2374655940961122,-0.5921330618948619,65.8,1460.75,1459.04,-1.7100000000000364,31422.526,324.245,40405994024.7986,21.9135766141912
2025-10-26,0.3665991761869415,0.3665991761869415,-1.0763226633918046,65.8,1460.75,1459.04,-1.7100000000000364,31422.526,324.245,40405994024.7986,21.9135766141912
2025-10-27,0.2885107524780887,0.2885107524780887,-1.4487653933682596,65.52,1459.72998046875,1459.04,-0.6899804687500364,31422.526,324.245,40405994024.7986,21.9135766141912
2025-10-28,0.2859893306914254,0.2859893306914254,-0.3668614391295347,64.03,1457.75,1459.04,1.2899999999999636,31422.526,324.245,40405994024.7986,21.9135766141912
2025-10-29,0.1396496260517302,0.1396496260517302,-1.2195724437289186,65.01,1456.22998046875,1459.04,2.8100195312499636,31422.526,324.245,40405994024.7986,21.9135766141912
2025-10-30,5.304484275934165,5.304484275934165,-0.5881336232323516,65.11,1452.5,1459.04,6.539999999999964,31422.526,324.245,40405994024.7986,21.9135766141912
2025-10-31,-0.3061916121456964,-0.3061916121456964,-1.2717649735189351,65.44,1445.6600341796875,1459.04,13.379965820312464,31422.526,324.245,40405994024.7986,21.9135766141912
2025-11-01,0.2985573343635859,0.2985573343635859,-2.1037164562399404,65.44,1445.6600341796875,1443.35,-2.310034179687591,31422.526,325.063,40405994024.7986,21.9135766141912
2025-11-02,0.0269494872762608,0.0269494872762608,-3.3419298843903125,65.44,1445.6600341796875,1443.35,-2.310034179687591,31422.526,325.063,40405994024.7986,21.9135766141912
2025-11-03,-0.2849328325360519,-0.2849328325360519,-2.775550729803382,65.79,1446.6600341796875,1443.35,-3.310034179687591,31422.526,325.063,40405994024.7986,21.9135766141912
2025-11-04,1.555197407208841,1.555197407208841,-2.7795274572294053,65.04,1441.9300537109375,1443.35,1.419946289062409,31422.526,325.063,40405994024.7986,21.9135766141912
2025-11-05,-7.118719304959727,-7.118719304959727,-2.8201154993022914,63.54,1442.260009765625,1443.35,1.089990234374909,31422.526,325.063,40405994024.7986,21.9135766141912
2025-11-06,0.4930963355332856,0.4930963355332856,-2.3284242502293693,63.41,1441.9599609375,1443.35,1.390039062499909,31422.526,325.063,40405994024.7986,21.9135766141912
2025-11-07,0.4464080636621765,0.4464080636621765,-1.916602521895005,63.72,1437.6700439453125,1443.35,5.679956054687409,31422.526,325.063,40405994024.7986,21.9135766141912
2025-11-08,0.456563372043599,0.456563372043599,-2.3391396903030355,63.72,1437.6700439453125,1443.35,5.679956054687409,31422.526,325.063,40405994024.7986,21.9135766141912
2025-11-09,0.3623825642214723,0.3623825642214723,-2.885680177541655,63.72,1437.6700439453125,1443.35,5.679956054687409,31422.526,325.063,40405994024.7986,21.9135766141912
2025-11-10,0.8270359530300472,0.8270359530300472,-2.127396782196413,63.01,1435.5,1443.35,7.849999999999909,31422.526,325.063,40405994024.7986,21.9135766141912
2025-11-11,0.389160187582564,0.389160187582564,-2.280022067107718,63.86,1437.3599853515625,1443.35,5.990014648437409,31422.526,325.063,40405994024.7986,21.9135766141912
2025-11-12,0.422718179320958,0.422718179320958,-1.8697524059698567,61.88,1435.8900146484375,1443.35,7.459985351562409,31422.526,325.063,40405994024.7986,21.9135766141912
2025-11-13,0.0659892286736485,0.0659892286736485,-1.5696652013281314,62.14,1441.8299560546875,1443.35,1.520043945312409,31422.526,325.063,40405994024.7986,21.9135766141912
2025-11-14,0.4661390050120969,0.4661390050120969,-1.5905731068622035,63.45,1440.8299560546875,1443.35,2.520043945312409,31422.526,325.063,40405994024.7986,21.9135766141912
2025-11-15,1.285338470224066,1.285338470224066,-1.939720792495313,63.45,1440.8299560546875,1443.35,2.520043945312409,31422.526,325.063,40405994024.7986,21.9135766141912
2025-11-16,0.6092932949236318,0.6092932949236318,-1.3791891229424615,63.45,1440.8299560546875,1443.35,2.520043945312409,31422.526,325.063,40405994024.7986,21.9135766141912
2025-11-17,-1.9000432773560008,-1.9000432773560008,-2.5147522757365057,63.16,1440.280029296875,1443.35,3.069970703124909,31422.526,325.063,40405994024.7986,21.9135766141912
2025-11-18,0.5033438649166921,0.5033438649166921,-2.8820929097274166,64.86,1444.550048828125,1443.35,-1.200048828125091,31422.526,325.063,40405994024.7986,21.9135766141912
2025-11-19,0.3913450755142487,0.3913450755142487,-3.0823414414656414,63.78,1444.0,1443.35,-0.650000000000091,31422.526,325.063,40405994024.7986,21.9135766141912
2025-11-20,0.3219549533701074,0.3219549533701074,-3.741299272120425,63.64,1450.6400146484375,1443.35,-7.290014648437591,31422.526,325.063,40405994024.7986,21.9135766141912
2025-11-21,-0.4333512195915265,-0.4333512195915265,-3.9469567988452585,62.78,1454.06005859375,1443.35,-10.710058593750091,31422.526,325.063,40405994024.7986,21.9135766141912
2025-11-22,0.7062750047288209,0.7062750047288209,-4.201227279673212,62.78,1454.06005859375,1443.35,-10.710058593750091,31422.526,325.063,40405994024.7986,21.9135766141912
2025-11-23,0.6928836284519742,0.6928836284519742,-3.352499464440541,62.78,1454.06005859375,1443.35,-10.710058593750091,31422.526,325.063,40405994024.7986,21.9135766141912
2025-11-24,0.5505286765448264,0.5505286765448264,-3.310763691631644,64.83,1451.9200439453125,1443.35,-8.570043945312591,31422.526,325.063,40405994024.7986,21.9135766141912
2025-11-25,0.3328460291738791,0.3328460291738791,-2.727558175068244,63.99,1454.25,1443.35,-10.900000000000091,31422.526,325.063,40405994024.7986,21.9135766141912
2025-11-26,0.4514632999453315,0.4514632999453315,-3.0053579390036687,64.81,1448.81005859375,1443.35,-5.460058593750091,31422.526,325.063,40405994024.7986,21.9135766141912
2025-11-27,0.2250653535481465,0.2250653535481465,-0.1625083042457578,64.18,1446.52001953125,1443.35,-3.170019531250091,31422.526,325.063,40405994024.7986,21.9135766141912
2025-11-28,0.1282026874202951,0.1282026874202951,-1.8830764091235936,64.07,1444.52001953125,1443.35,-1.170019531250091,31422.526,325.063,40405994024.7986,21.9135766141912
2025-11-29,-1.300834245660586,-1.300834245660586,-1.8707548826961529,64.07,1444.52001953125,1443.35,-1.170019531250091,31422.526,325.063,40405994024.7986,21.9135766141912
2025-11-30,0.4781607849213261,0.4781607849213261,-2.325499385538758,64.07,1444.52001953125,1443.35,-1.170019531250091,31422.526,325.063,40405994024.7986,21.9135766141912
2025-12-01,0.4269053382137338,0.4269053382137338,-1.9178119561536529,64.22,1446.6700439453125,1450.35,3.679956054687409,31422.526,326.031,40405994024.7986,21.9135766141912
2025-12-02,0.4227879718525359,0.4227879718525359,-2.120697638244212,63.37,1446.449951171875,1450.35,3.900048828124909,31422.526,326.031,40405994024.7986,21.9135766141912
2025-12-03,0.4333883985198158,0.4333883985198158,-1.8822833371090253,63.75,1446.739990234375,1450.35,3.610009765624909,31422.526,326.031,40405994024.7986,21.9135766141912
2025-12-04,0.3500330657564607,0.3500330657564607,-1.5820702425194886,64.15,1447.699951171875,1450.35,2.650048828124909,31422.526,326.031,40405994024.7986,21.9135766141912
2025-12-05,0.4254598994875792,0.4254598994875792,-0.6514924932471333,64.42,1446.8599853515625,1450.35,3.490014648437409,31422.526,326.031,40405994024.7986,21.9135766141912
2025-12-06,0.3670013306303596,0.3670013306303596,-1.3696819489770302,64.42,1446.8599853515625,1450.35,3.490014648437409,31422.526,326.031,40405994024.7986,21.9135766141912
2025-12-07,0.4632682841189531,0.4632682841189531,-1.3164455170453384,64.42,1446.8599853515625,1450.35,3.490014648437409,31422.526,326.031,40405994024.7986,21.9135766141912
2025-12-08,0.3272907051741145,0.3272907051741145,-1.8741986893479443,63.3,1449.5799560546875,1450.35,0.770043945312409,31422.526,326.031,40405994024.7986,21.9135766141912
2025-12-09,0.3821122664733177,0.3821122664733177,-1.8434760564960944,62.62,1450.6199951171875,1450.35,-0.26999511718759095,31422.526,326.031,40405994024.7986,21.9135766141912
2025-12-10,0.3917630785503878,0.3917630785503878,-1.4549899336735743,63.12,1450.800048828125,1450.35,-0.45004882812509095,31422.526,326.031,40405994024.7986,21.9135766141912
2025-12-11,1.939136883601677,1.939136883601677,-1.9302364638857248,61.87,1448.4100341796875,1450.35,1.939965820312409,31422.526,326.031,40405994024.7986,21.9135766141912
2025-12-12,0.3986738190256906,0.3986738190256906,-1.300655472570322,62.11,1452.1500244140625,1450.35,-1.800024414062591,31422.526,326.031,40405994024.7986,21.9135766141912
2025-12-13,0.5830880913024166,0.5830880913024166,0.3380458437473983,62.11,1452.1500244140625,1450.35,-1.800024414062591,31422.526,326.031,40405994024.7986,21.9135766141912
2025-12-14,0.4425909166027844,0.4425909166027844,-1.3868398352214055,62.11,1452.1500244140625,1450.35,-1.800024414062591,31422.526,326.031,40405994024.7986,21.9135766141912
2025-12-15,-1.206924408819855,-1.206924408819855,-2.053029194182286,61.55,1452.0699462890625,1450.35,-1.719946289062591,31422.526,326.031,40405994024.7986,21.9135766141912
2025-12-16,0.2377437410680054,0.2377437410680054,-1.7558362224883233,59.93,1451.5999755859375,1450.35,-1.249975585937591,31422.526,326.031,40405994024.7986,21.9135766141912
2025-12-17,0.185981234961731,0.185981234961731,-2.1703602746663644,60.61,1452.77001953125,1450.35,-2.420019531250091,31422.526,326.031,40405994024.7986,21.9135766141912
2025-12-18,0.3884308684219242,0.3884308684219242,-1.7653572744044936,60.69,1452.6700439453125,1450.35,-2.320043945312591,31422.526,326.031,40405994024.7986,21.9135766141912
2025-12-19,0.4447082591576028,0.4447082591576028,-0.8672316613595025,61.35,1457.3800048828125,1450.35,-7.030004882812591,31422.526,326.031,40405994024.7986,21.9135766141912
2025-12-20,0.3671385793510687,0.3671385793510687,-0.0473061618547077,61.35,1457.3800048828125,1450.35,-7.030004882812591,31422.526,326.031,40405994024.7986,21.9135766141912
2025-12-21,0.4771860943834447,0.4771860943834447,-1.0503104856169712,61.35,1457.3800048828125,1450.35,-7.030004882812591,31422.526,326.031,40405994024.7986,21.9135766141912
2025-12-22,0.5992173848180747,0.5992173848180747,-1.705112388510185,62.22,1459.6600341796875,1450.35,-9.310034179687591,31422.526,326.031,40405994024.7986,21.9135766141912
2025-12-23,0.6490767537448268,0.6490767537448268,-1.5391665679502171,63.7,1459.3199462890625,1450.35,-8.969946289062591,31422.526,326.031,40405994024.7986,21.9135766141912
2025-12-24,1.065294174589345,1.065294174589345,-1.5986771684294072,63.7,1460.25,1450.35,-9.900000000000091,31422.526,326.031,40405994024.7986,21.9135766141912
2025-12-25,-0.5252542390712656,-0.5252542390712656,-1.1351296445919306,63.7,1460.25,1450.35,-9.900000000000091,31422.526,326.031,40405994024.7986,21.9135766141912
2025-12-26,0.3881227732103783,0.3881227732103783,-3.2758473944881743,63.7,1449.949951171875,1450.35,0.40004882812490905,31422.526,326.031,40405994024.7986,21.9135766141912
2025-12-27,0.4845138395673637,0.4845138395673637,-2.259170740489348,63.7,1449.949951171875,1450.35,0.40004882812490905,31422.526,326.031,40405994024.7986,21.9135766141912
2025-12-28,0.6537304157693458,0.6537304157693458,-2.376684402025436,63.7,1449.949951171875,1450.35,0.40004882812490905,31422.526,326.031,40405994024.7986,21.9135766141912
2025-12-29,0.828315472447571,0.828315472447571,-2.850591697143225,63.1,1450.5899658203125,1450.35,-0.23996582031259095,31422.526,326.031,40405994024.7986,21.9135766141912
2025-12-30,0.5112713789079799,0.5112713789079799,-2.958100356096111,62.3,1454.9000244140625,1450.35,-4.550024414062591,31422.526,326.031,40405994024.7986,21.9135766141912
2025-12-31,0.876522086553605,0.876522086553605,-2.4927345075816523,61.35,1456.9200439453125,1450.35,-6.570043945312591,31422.526,326.031,40405994024.7986,21.9135766141912
2026-01-01,0.950431665256762,0.950431665256762,-1.1894254109664055,61.35,1456.9200439453125,1416.02,-40.90004394531252,31422.526,326.588,40405994024.7986,21.9135766141912
2026-01-02,2.71002479208394,2.71002479208394,-1.670663719683943,61.98,1444.8699951171875,1416.02,-28.849995117187518,31422.526,326.588,40405994024.7986,21.9135766141912
2026-01-03,0.5485763005061217,0.5485763005061217,-1.504816393203275,61.98,1444.8699951171875,1416.02,-28.849995117187518,31422.526,326.588,40405994024.7986,21.9135766141912
2026-01-04,-0.1084066323622771,-0.1084066323622771,-3.853472169744173,61.98,1444.8699951171875,1416.02,-28.849995117187518,31422.526,326.588,40405994024.7986,21.9135766141912
2026-01-05,0.0722898729763555,0.0722898729763555,-3.033578699677693,63.0,1433.8699951171875,1416.02,-17.849995117187518,31422.526,326.588,40405994024.7986,21.9135766141912
2026-01-06,0.0777359466616354,0.0777359466616354,-2.623576835780329,62.1,1433.199951171875,1416.02,-17.179951171875018,31422.526,326.588,40405994024.7986,21.9135766141912
2026-01-07,0.3497202846232555,0.3497202846232555,-1.869453135694072,61.08,1424.3499755859375,1416.02,-8.329975585937518,31422.526,326.588,40405994024.7986,21.9135766141912
2026-01-08,1.0976055838005798,1.0976055838005798,-2.485049966023157,63.34,1423.5799560546875,1416.02,-7.559956054687518,31422.526,326.588,40405994024.7986,21.9135766141912
2026-01-09,0.6156919209645956,0.6156919209645956,-2.0813876030801888,65.11,1424.3399658203125,1416.02,-8.319965820312518,31422.526,326.588,40405994024.7986,21.9135766141912
2026-01-10,0.6450126879939309,0.6450126879939309,-2.0160059330934934,65.11,1424.3399658203125,1416.02,-8.319965820312518,31422.526,326.588,40405994024.7986,21.9135766141912
2026-01-11,0.3507454700626348,0.3507454700626348,-2.0836686489408724,65.11,1424.3399658203125,1416.02,-8.319965820312518,31422.526,326.588,40405994024.7986,21.9135766141912
2026-01-12,0.3511665675876739,0.3511665675876739,-2.4374811815153823,65.4,1428.93994140625,1416.02,-12.919941406250018,31422.526,326.588,40405994024.7986,21.9135766141912
2026-01-13,0.685678341909882,0.685678341909882,-2.2219243857122093,67.58,1423.739990234375,1416.02,-7.719990234375018,31422.526,326.588,40405994024.7986,21.9135766141912
2026-01-14,0.505428821307199,0.505428821307199,-1.8719783375154344,68.87,1421.75,1416.02,-5.730000000000018,31422.526,326.588,40405994024.7986,21.9135766141912
2026-01-15,-0.510486792272711,-0.510486792272711,-1.3563548866194988,66.16,1421.75,1416.02,-5.730000000000018,31422.526,326.588,40405994024.7986,21.9135766141912
2026-01-16,0.43725431403604,0.43725431403604,-1.5793849566397753,66.97,1422.5,1416.02,-6.480000000000018,31422.526,326.588,40405994024.7986,21.9135766141912
2026-01-17,0.5487073578802649,0.5487073578802649,-1.763673489203056,66.97,1422.5,1416.02,-6.480000000000018,31422.526,326.588,40405994024.7986,21.9135766141912
2026-01-18,0.4382009899267643,0.4382009899267643,-2.7553128582649844,66.97,1422.5,1416.02,-6.480000000000018,31422.526,326.588,40405994024.7986,21.9135766141912
2026-01-19,0.4458593033240217,0.4458593033240217,-2.4454660611418086,66.91,1418.3299560546875,1416.02,-2.309956054687518,31422.526,326.588,40405994024.7986,21.9135766141912
2026-01-20,0.4619065365783713,0.4619065365783713,-2.320283012393816,67.68,1418.8699951171875,1416.02,-2.849995117187518,31422.526,326.588,40405994024.7986,21.9135766141912
2026-01-21,0.4194529521935072,0.4194529521935072,-2.5538682406576685,66.72,1418.0799560546875,1416.02,-2.059956054687518,31422.526,326.588,40405994024.7986,21.9135766141912
2026-01-22,0.3170877267761836,0.3170877267761836,-2.3424022038279206,65.46,1418.8699951171875,1416.02,-2.849995117187518,31422.526,326.588,40405994024.7986,21.9135766141912
2026-01-23,-0.5117515725336662,-0.5117515725336662,-1.8101254811516656,68.16,1419.6300048828125,1416.02,-3.610004882812518,31422.526,326.588,40405994024.7986,21.9135766141912
2026-01-24,0.3742338985277362,0.3742338985277362,-1.0765518419849998,68.16,1419.6300048828125,1416.02,-3.610004882812518,31422.526,326.588,40405994024.7986,21.9135766141912
2026-01-25,0.4338369434908406,0.4338369434908406,-1.6046636110836807,68.16,1419.6300048828125,1416.02,-3.610004882812518,31422.526,326.588,40405994024.7986,21.9135766141912
2026-01-26,0.2744512374131609,0.2744512374131609,-1.5567199232630216,67.7,1420.56005859375,1416.02,-4.540058593750018,31422.526,326.588,40405994024.7986,21.9135766141912
2026-01-27,0.2772496923667243,0.2772496923667243,-1.6700610226553494,70.28,1412.6199951171875,1416.02,3.400004882812482,31422.526,326.588,40405994024.7986,21.9135766141912
2026-01-28,0.445767218876909,0.445767218876909,-1.5914676366599447,70.9,1406.719970703125,1416.02,9.300029296874982,31422.526,326.588,40405994024.7986,21.9135766141912
2026-01-29,0.4404049317008843,0.4404049317008843,-2.801416011189964,71.0,1393.9599609375,1416.02,22.060039062499982,31422.526,326.588,40405994024.7986,21.9135766141912
2026-01-30,0.4063668424386023,0.4063668424386023,-2.01574306173933,72.25,1387.5699462890625,1416.02,28.450053710937482,31422.526,326.588,40405994024.7986,21.9135766141912
2026-01-31,0.3588067736398977,0.3588067736398977,-2.2056337903755034,72.25,1387.5699462890625,1416.02,28.450053710937482,31422.526,326.588,40405994024.7986,21.9135766141912
2026-02-01,0.4296396411467198,0.4296396411467198,-1.7023792888970195,72.25,1387.5699462890625,1355.03,-32.53994628906253,31422.526,327.46,40405994024.7986,21.9135766141912
2026-02-02,-0.0353905248515065,-0.0353905248515065,-2.129260710756796,67.72,1385.97998046875,1355.03,-30.949980468750027,31422.526,327.46,40405994024.7986,21.9135766141912
2026-02-03,0.4571985392550542,0.4571985392550542,-1.6408592055880282,70.01,1390.5,1355.03,-35.47000000000003,31422.526,327.46,40405994024.7986,21.9135766141912
2026-02-04,0.3649944892455224,0.3649944892455224,-2.489950908493578,71.15,1391.3599853515625,1355.03,-36.32998535156253,31422.526,327.46,40405994024.7986,21.9135766141912
2026-02-05,0.3801894305402132,0.3801894305402132,-3.515311728439851,69.87,1368.06005859375,1355.03,-13.030058593750027,31422.526,327.46,40405994024.7986,21.9135766141912
2026-02-06,0.4791550410009949,0.4791550410009949,-3.596316581949156,70.45,1366.5999755859375,1355.03,-11.569975585937527,31422.526,327.46,40405994024.7986,21.9135766141912
2026-02-07,0.4584555011446175,0.4584555011446175,-2.321066835215825,70.45,1366.5999755859375,1355.03,-11.569975585937527,31422.526,327.46,40405994024.7986,21.9135766141912
2026-02-08,0.360154555455154,0.360154555455154,-2.8327578057901808,70.45,1366.5999755859375,1355.03,-11.569975585937527,31422.526,327.46,40405994024.7986,21.9135766141912
2026-02-09,0.4849458317301694,0.4849458317301694,-2.659713595490657,71.19,1366.47998046875,1355.03,-11.449980468750027,31422.526,327.46,40405994024.7986,21.9135766141912
2026-02-10,0.3969382452891726,0.3969382452891726,-1.7712819472452843,71.01,1361.469970703125,1355.03,-6.439970703125027,31422.526,327.46,40405994024.7986,21.9135766141912
2026-02-11,0.4144360297162084,0.4144360297162084,-1.9003860270737256,71.52,1352.75,1355.03,2.2799999999999727,31422.526,327.46,40405994024.7986,21.9135766141912
2026-02-12,0.4445688726411408,0.4445688726411408,-2.368332224588723,69.8,1351.0799560546875,1355.03,3.9500439453124727,31422.526,327.46,40405994024.7986,21.9135766141912
2026-02-13,0.2991952713672101,0.2991952713672101,-1.6565289003858916,69.96,1352.530029296875,1355.03,2.4999707031249727,31422.526,327.46,40405994024.7986,21.9135766141912
2026-02-14,0.2848334609690664,0.2848334609690664,-2.460491285709793,69.96,1352.530029296875,1355.03,2.4999707031249727,31422.526,327.46,40405994024.7986,21.9135766141912
2026-02-15,1.894935529626816,1.894935529626816,-1.906027482743076,69.96,1352.530029296875,1355.03,2.4999707031249727,31422.526,327.46,40405994024.7986,21.9135766141912
2026-02-16,0.4756940374094431,0.4756940374094431,-2.241462106724911,70.81,1352.9000244140625,1355.03,2.1299755859374727,31422.526,327.46,40405994024.7986,21.9135766141912
2026-02-17,0.417352942917728,0.417352942917728,-1.872407844871416,69.77,1350.6800537109375,1355.03,4.349946289062473,31422.526,327.46,40405994024.7986,21.9135766141912
2026-02-18,0.4920577482913121,0.4920577482913121,-1.5168377494414216,71.78,1345.010009765625,1355.03,10.019990234374973,31422.526,327.46,40405994024.7986,21.9135766141912
2026-02-19,0.2975868116785294,0.2975868116785294,-1.820093675907396,73.17,1339.5,1355.03,15.529999999999973,31422.526,327.46,40405994024.7986,21.9135766141912
2026-02-20,0.4650709891075625,0.4650709891075625,-1.6865046825228087,72.75,1342.5699462890625,1355.03,12.460053710937473,31422.526,327.46,40405994024.7986,21.9135766141912
2026-02-21,0.5046625335313997,0.5046625335313997,-1.7148581926538224,72.75,1342.5699462890625,1355.03,12.460053710937473,31422.526,327.46,40405994024.7986,21.9135766141912
2026-02-22,0.4611010474073352,0.4611010474073352,-0.5316818144143974,72.75,1342.5699462890625,1355.03,12.460053710937473,31422.526,327.46,40405994024.7986,21.9135766141912
2026-02-23,0.7324247228360357,0.7324247228360357,-2.018857743824843,71.9,1342.6800537109375,1355.03,12.349946289062473,31422.526,327.46,40405994024.7986,21.9135766141912
2026-02-24,0.5736741377566104,0.5736741377566104,-2.52763059647254,71.21,1343.31005859375,1355.03,11.719941406249973,31422.526,327.46,40405994024.7986,21.9135766141912
2026-02-25,0.4387600384435255,0.4387600384435255,-2.2211033593789,70.69,1350.6300048828125,1355.03,4.399995117187473,31422.526,327.46,40405994024.7986,21.9135766141912
2026-02-26,0.5154182738199062,0.5154182738199062,-2.018673313452666,71.66,1350.6199951171875,1355.03,4.410004882812473,31422.526,327.46,40405994024.7986,21.9135766141912
2026-02-27,0.4539883472189943,0.4539883472189943,-2.1916843433391207,71.32,1354.75,1355.03,0.2799999999999727,31422.526,327.46,40405994024.7986,21.9135766141912
2026-02-28,0.4884442427376684,0.4884442427376684,-2.165445417084052,71.32,1354.75,1355.03,0.2799999999999727,31422.526,327.46,40405994024.7986,21.9135766141912
2026-03-01,0.6998507358215668,0.6998507358215668,-2.1928608895629047,71.32,1354.75,1378.82,24.069999999999936,31422.526,330.293,40405994024.7986,21.9135766141912
2026-03-02,0.4962523537737862,0.4962523537737862,-1.3784283150766456,77.24,1361.93994140625,1378.82,16.880058593749936,31422.526,330.293,40405994024.7986,21.9135766141912
2026-03-03,0.5066784109193043,0.5066784109193043,-1.479817543910779,83.28,1370.3199462890625,1378.82,8.500053710937436,31422.526,330.293,40405994024.7986,21.9135766141912
2026-03-04,0.5109090371160527,0.5109090371160527,-1.1337998918000027,81.56,1378.550048828125,1378.82,0.26995117187493634,31422.526,330.293,40405994024.7986,21.9135766141912
2026-03-05,0.4872644890055521,0.4872644890055521,-1.5116191352926618,88.59,1382.3699951171875,1378.82,-3.5499951171875637,31422.526,330.293,40405994024.7986,21.9135766141912
2026-03-06,0.3514274565500731,0.3514274565500731,-2.303165963110004,95.74,1384.800048828125,1378.82,-5.980048828125064,31422.526,330.293,40405994024.7986,21.9135766141912
2026-03-07,0.3417471970070491,0.3417471970070491,-1.9604164149502583,95.74,1384.800048828125,1378.82,-5.980048828125064,31422.526,330.293,40405994024.7986,21.9135766141912
2026-03-08,0.4323962447135894,0.4323962447135894,-2.766868074784102,95.74,1384.800048828125,1378.82,-5.980048828125064,31422.526,330.293,40405994024.7986,21.9135766141912
2026-03-09,0.4115306947194292,0.4115306947194292,-1.893523306887958,94.35,1387.0,1378.82,-8.180000000000064,31422.526,330.293,40405994024.7986,21.9135766141912
2026-03-10,0.5059841320270778,0.5059841320270778,-1.5601626369945607,89.84,1397.739990234375,1378.82,-18.919990234375064,31422.526,330.293,40405994024.7986,21.9135766141912
2026-03-11,0.5165000046627634,0.5165000046627634,-1.5505925962809723,90.98,1396.5,1378.82,-17.680000000000064,31422.526,330.293,40405994024.7986,21.9135766141912
2026-03-12,0.4440391493525883,0.4440391493525883,-1.844275065556016,102.38,1394.0,1378.82,-15.180000000000064,31422.526,330.293,40405994024.7986,21.9135766141912
2026-03-13,0.4217819520229227,0.4217819520229227,-1.8371784891887752,103.23,1398.239990234375,1378.82,-19.419990234375064,31422.526,330.293,40405994024.7986,21.9135766141912
2026-03-14,0.1879207135207018,0.1879207135207018,-1.6418402821413702,103.23,1398.239990234375,1378.82,-19.419990234375064,31422.526,330.293,40405994024.7986,21.9135766141912
2026-03-15,0.2712527483450458,0.2712527483450458,-1.9199881864844688,103.23,1398.239990234375,1378.82,-19.419990234375064,31422.526,330.293,40405994024.7986,21.9135766141912
2026-03-16,0.4152342113014994,0.4152342113014994,-2.454133864517131,101.04,1385.0,1378.82,-6.180000000000064,31422.526,330.293,40405994024.7986,21.9135766141912
2026-03-17,0.4300019625713072,0.4300019625713072,-2.7165984768766447,108.39,1368.25,1378.82,10.569999999999936,31422.526,330.293,40405994024.7986,21.9135766141912
2026-03-18,0.3861599674243829,0.3861599674243829,-1.7800424711451888,118.09,1352.3800048828125,1378.82,26.439995117187436,31422.526,330.293,40405994024.7986,21.9135766141912
2026-03-19,0.3742725991001795,0.3742725991001795,-0.5533953832735026,111.05,1355.030029296875,1378.82,23.789970703124936,31422.526,330.293,40405994024.7986,21.9135766141912
2026-03-20,0.4169464310162303,0.4169464310162303,0.796965004433627,118.42,1357.0,1378.82,21.819999999999936,31422.526,330.293,40405994024.7986,21.9135766141912
2026-03-21,0.4503170249907924,0.4503170249907924,-0.687266575813556,118.42,1357.0,1378.82,21.819999999999936,31422.526,330.293,40405994024.7986,21.9135766141912
2026-03-22,0.4329800326643507,0.4329800326643507,-1.1491195764840498,118.42,1357.0,1378.82,21.819999999999936,31422.526,330.293,40405994024.7986,21.9135766141912
2026-03-23,0.3876739288338187,0.3876739288338187,-1.3832315304331173,103.79,1355.75,1378.82,23.069999999999936,31422.526,330.293,40405994024.7986,21.9135766141912
2026-03-24,0.4236674318880552,0.4236674318880552,-1.4373697316156404,108.42,1377.25,1378.82,1.5699999999999363,31422.526,330.293,40405994024.7986,21.9135766141912
2026-03-25,0.4260041046412544,0.4260041046412544,-1.095604302227262,109.14,1374.760009765625,1378.82,4.059990234374936,31422.526,330.293,40405994024.7986,21.9135766141912
2026-03-26,0.4553725798474705,0.4553725798474705,-1.4605373016369452,113.39,1383.18994140625,1378.82,-4.369941406250064,31422.526,330.293,40405994024.7986,21.9135766141912
2026-03-27,0.453443350162845,0.453443350162845,-0.8889581947108052,121.47,1383.97998046875,1378.82,-5.159980468750064,31422.526,330.293,40405994024.7986,21.9135766141912
2026-03-28,0.451769142991376,0.451769142991376,-0.6246249227296907,121.47,1383.97998046875,1378.82,-5.159980468750064,31422.526,330.293,40405994024.7986,21.9135766141912
2026-03-29,0.4351668013069766,0.4351668013069766,0.0049595511461163,121.47,1383.97998046875,1378.82,-5.159980468750064,31422.526,330.293,40405994024.7986,21.9135766141912
2026-03-30,0.4170380148636665,0.4170380148636665,-1.1675182553322927,121.88,1378.0,1378.82,0.8199999999999363,31422.526,330.293,40405994024.7986,21.9135766141912
2026-03-31,0.435506082712792,0.435506082712792,-2.312880930999148,126.69,1385.0999755859375,1378.82,-6.279975585937564,31422.526,330.293,40405994024.7986,21.9135766141912
2026-04-01,0.4751564491071779,0.4751564491071779,-2.3304471229663326,119.56,1384.77001953125,1386.66,1.8899804687500819,31422.526,330.293,40405994024.7986,21.9135766141912
