"","Country","Region","Market","Rate","Date","Open","High","Low","Close","Currency"
"","Nigeria","Abia","Aba","exchange_rate_unofficial","2021-01-01","382.76","387.14","378.38","381","NGN"
"","Nigeria","Adamawa","Gombi","exchange_rate_unofficial","2021-01-01","382.76","387.14","378.38","381","NGN"
"","Nigeria","Adamawa","Jimeta Grain","exchange_rate_unofficial","2021-01-01","382.76","387.14","378.38","381","NGN"
"","Nigeria","Adamawa","Madagali","exchange_rate_unofficial","2021-01-01","382.76","387.14","378.38","381","NGN"
"","Nigeria","Adamawa","Michika","exchange_rate_unofficial","2021-01-01","382.76","387.14","378.38","381","NGN"
"","Nigeria","Adamawa","Mubi","exchange_rate_unofficial","2021-01-01","382.76","387.14","378.38","381","NGN"
"","Nigeria","Adamawa","Mubi North","exchange_rate_unofficial","2021-01-01","382.76","387.14","378.38","381","NGN"
"","Nigeria","Adamawa","Ngalang","exchange_rate_unofficial","2021-01-01","382.76","387.14","378.38","381","NGN"
"","Nigeria","Borno","Abba Gamaram","exchange_rate_unofficial","2021-01-01","382.76","387.14","378.38","381","NGN"
"","Nigeria","Borno","Baga Road","exchange_rate_unofficial","2021-01-01","382.76","387.14","378.38","381","NGN"
"","Nigeria","Borno","Bama","exchange_rate_unofficial","2021-01-01","382.76","387.14","378.38","381","NGN"
"","Nigeria","Borno","Banki","exchange_rate_unofficial","2021-01-01","382.76","387.14","378.38","381","NGN"
"","Nigeria","Borno","Biu","exchange_rate_unofficial","2021-01-01","382.76","387.14","378.38","381","NGN"
"","Nigeria","Borno","Bolori Stores","exchange_rate_unofficial","2021-01-01","382.76","387.14","378.38","381","NGN"
"","Nigeria","Borno","Budum","exchange_rate_unofficial","2021-01-01","382.76","387.14","378.38","381","NGN"
"","Nigeria","Borno","Bullunkutu","exchange_rate_unofficial","2021-01-01","382.76","387.14","378.38","381","NGN"
"","Nigeria","Borno","Custom","exchange_rate_unofficial","2021-01-01","382.76","387.14","378.38","381","NGN"
"","Nigeria","Borno","Damassack (CBM)","exchange_rate_unofficial","2021-01-01","382.76","387.14","378.38","381","NGN"
"","Nigeria","Borno","Damboa","exchange_rate_unofficial","2021-01-01","382.76","387.14","378.38","381","NGN"
"","Nigeria","Borno","Dikwa Central","exchange_rate_unofficial","2021-01-01","382.76","387.14","378.38","381","NGN"
"","Nigeria","Borno","Gajiram","exchange_rate_unofficial","2021-01-01","382.76","387.14","378.38","381","NGN"
"","Nigeria","Borno","Gamboru","exchange_rate_unofficial","2021-01-01","382.76","387.14","378.38","381","NGN"
"","Nigeria","Borno","Gwoza Central","exchange_rate_unofficial","2021-01-01","382.76","387.14","378.38","381","NGN"
"","Nigeria","Borno","Kashuwan Shanu","exchange_rate_unofficial","2021-01-01","382.76","387.14","378.38","381","NGN"
"","Nigeria","Borno","Konduga","exchange_rate_unofficial","2021-01-01","382.76","387.14","378.38","381","NGN"
"","Nigeria","Borno","Kusawam Shanu","exchange_rate_unofficial","2021-01-01","382.76","387.14","378.38","381","NGN"
"","Nigeria","Borno","Mafa","exchange_rate_unofficial","2021-01-01","382.76","387.14","378.38","381","NGN"
"","Nigeria","Borno","Magumeri Central","exchange_rate_unofficial","2021-01-01","382.76","387.14","378.38","381","NGN"
"","Nigeria","Borno","Maiduguri","exchange_rate_unofficial","2021-01-01","382.76","387.14","378.38","381","NGN"
"","Nigeria","Borno","Monday","exchange_rate_unofficial","2021-01-01","382.76","387.14","378.38","381","NGN"
"","Nigeria","Borno","Monguno","exchange_rate_unofficial","2021-01-01","382.76","387.14","378.38","381","NGN"
"","Nigeria","Borno","Ngala","exchange_rate_unofficial","2021-01-01","382.76","387.14","378.38","381","NGN"
"","Nigeria","Borno","Pulka","exchange_rate_unofficial","2021-01-01","382.76","387.14","378.38","381","NGN"
"","Nigeria","Borno","Rann","exchange_rate_unofficial","2021-01-01","382.76","387.14","378.38","381","NGN"
"","Nigeria","Borno","Shani Main Market","exchange_rate_unofficial","2021-01-01","382.76","387.14","378.38","381","NGN"
"","Nigeria","Borno","Tashan Bama","exchange_rate_unofficial","2021-01-01","382.76","387.14","378.38","381","NGN"
"","Nigeria","Geopolitical Zone","North Central","exchange_rate_unofficial","2021-01-01","382.76","387.14","378.38","381","NGN"
"","Nigeria","Geopolitical Zone","North West","exchange_rate_unofficial","2021-01-01","382.76","387.14","378.38","381","NGN"
"","Nigeria","Geopolitical Zone","South East","exchange_rate_unofficial","2021-01-01","382.76","387.14","378.38","381","NGN"
"","Nigeria","Geopolitical Zone","South South","exchange_rate_unofficial","2021-01-01","382.76","387.14","378.38","381","NGN"
"","Nigeria","Geopolitical Zone","South West","exchange_rate_unofficial","2021-01-01","382.76","387.14","378.38","381","NGN"
"","Nigeria","Gombe","Gombe","exchange_rate_unofficial","2021-01-01","382.76","387.14","378.38","381","NGN"
"","Nigeria","Jigawa","Gujungu","exchange_rate_unofficial","2021-01-01","382.76","387.14","378.38","381","NGN"
"","Nigeria","Kaduna","Giwa","exchange_rate_unofficial","2021-01-01","382.76","387.14","378.38","381","NGN"
"","Nigeria","Kaduna","Saminaka","exchange_rate_unofficial","2021-01-01","382.76","387.14","378.38","381","NGN"
"","Nigeria","Kano","Dawanau","exchange_rate_unofficial","2021-01-01","382.76","387.14","378.38","381","NGN"
"","Nigeria","Kano State (1)","Kano","exchange_rate_unofficial","2021-01-01","382.76","387.14","378.38","381","NGN"
"","Nigeria","Katsina","Dandume","exchange_rate_unofficial","2021-01-01","382.76","387.14","378.38","381","NGN"
"","Nigeria","Katsina","Mai Adoua (CBM)","exchange_rate_unofficial","2021-01-01","382.76","387.14","378.38","381","NGN"
"","Nigeria","Kebbi","Gwandu","exchange_rate_unofficial","2021-01-01","382.76","387.14","378.38","381","NGN"
"","Nigeria","Lagos","Lagos","exchange_rate_unofficial","2021-01-01","382.76","387.14","378.38","381","NGN"
"","Nigeria","Market Average","Market Average","exchange_rate_unofficial","2021-01-01","382.76","387.14","378.38","381","NGN"
"","Nigeria","National Average","Abuja","exchange_rate_unofficial","2021-01-01","382.76","387.14","378.38","381","NGN"
"","Nigeria","Oyo","Ibadan","exchange_rate_unofficial","2021-01-01","382.76","387.14","378.38","381","NGN"
"","Nigeria","Sokoto","Illela (CBM)","exchange_rate_unofficial","2021-01-01","382.76","387.14","378.38","381","NGN"
"","Nigeria","Yobe","Bade (Gashua)","exchange_rate_unofficial","2021-01-01","382.76","387.14","378.38","381","NGN"
"","Nigeria","Yobe","Bayantasha","exchange_rate_unofficial","2021-01-01","382.76","387.14","378.38","381","NGN"
"","Nigeria","Yobe","Biriri","exchange_rate_unofficial","2021-01-01","382.76","387.14","378.38","381","NGN"
"","Nigeria","Yobe","Bursari","exchange_rate_unofficial","2021-01-01","382.76","387.14","378.38","381","NGN"
"","Nigeria","Yobe","Damagum","exchange_rate_unofficial","2021-01-01","382.76","387.14","378.38","381","NGN"
"","Nigeria","Yobe","Damaturu","exchange_rate_unofficial","2021-01-01","382.76","387.14","378.38","381","NGN"
"","Nigeria","Yobe","Damaturu (Sunday Market)","exchange_rate_unofficial","2021-01-01","382.76","387.14","378.38","381","NGN"
"","Nigeria","Yobe","Geidam","exchange_rate_unofficial","2021-01-01","382.76","387.14","378.38","381","NGN"
"","Nigeria","Yobe","Gujba (Buni Yadi)","exchange_rate_unofficial","2021-01-01","382.76","387.14","378.38","381","NGN"
"","Nigeria","Yobe","Gulani (Tettaba)","exchange_rate_unofficial","2021-01-01","382.76","387.14","378.38","381","NGN"
"","Nigeria","Yobe","Jakusko","exchange_rate_unofficial","2021-01-01","382.76","387.14","378.38","381","NGN"
"","Nigeria","Yobe","Machina Central","exchange_rate_unofficial","2021-01-01","382.76","387.14","378.38","381","NGN"
"","Nigeria","Yobe","Nangere","exchange_rate_unofficial","2021-01-01","382.76","387.14","378.38","381","NGN"
"","Nigeria","Yobe","Ngelzarma","exchange_rate_unofficial","2021-01-01","382.76","387.14","378.38","381","NGN"
"","Nigeria","Yobe","Nguru","exchange_rate_unofficial","2021-01-01","382.76","387.14","378.38","381","NGN"
"","Nigeria","Yobe","Potiskum","exchange_rate_unofficial","2021-01-01","382.76","387.14","378.38","381","NGN"
"","Nigeria","Yobe","Yunusari","exchange_rate_unofficial","2021-01-01","382.76","387.14","378.38","381","NGN"
"","Nigeria","Yobe","Yusufari","exchange_rate_unofficial","2021-01-01","382.76","387.14","378.38","381","NGN"
"","Nigeria","Zamfara","Kaura Namoda","exchange_rate_unofficial","2021-01-01","382.76","387.14","378.38","381","NGN"
"","Nigeria","Abia","Aba","exchange_rate_unofficial","2021-02-01","381.34","385.51","377.18","381","NGN"
"","Nigeria","Adamawa","Gombi","exchange_rate_unofficial","2021-02-01","381.34","385.51","377.18","381","NGN"
"","Nigeria","Adamawa","Jimeta Grain","exchange_rate_unofficial","2021-02-01","381.34","385.51","377.18","381","NGN"
"","Nigeria","Adamawa","Madagali","exchange_rate_unofficial","2021-02-01","381.34","385.51","377.18","381","NGN"
"","Nigeria","Adamawa","Michika","exchange_rate_unofficial","2021-02-01","381.34","385.51","377.18","381","NGN"
"","Nigeria","Adamawa","Mubi","exchange_rate_unofficial","2021-02-01","381.34","385.51","377.18","381","NGN"
"","Nigeria","Adamawa","Mubi North","exchange_rate_unofficial","2021-02-01","381.34","385.51","377.18","381","NGN"
"","Nigeria","Adamawa","Ngalang","exchange_rate_unofficial","2021-02-01","381.34","385.51","377.18","381","NGN"
"","Nigeria","Borno","Abba Gamaram","exchange_rate_unofficial","2021-02-01","381.34","385.51","377.18","381","NGN"
"","Nigeria","Borno","Baga Road","exchange_rate_unofficial","2021-02-01","381.34","385.51","377.18","381","NGN"
"","Nigeria","Borno","Bama","exchange_rate_unofficial","2021-02-01","381.34","385.51","377.18","381","NGN"
"","Nigeria","Borno","Banki","exchange_rate_unofficial","2021-02-01","381.34","385.51","377.18","381","NGN"
"","Nigeria","Borno","Biu","exchange_rate_unofficial","2021-02-01","381.34","385.51","377.18","381","NGN"
"","Nigeria","Borno","Bolori Stores","exchange_rate_unofficial","2021-02-01","381.34","385.51","377.18","381","NGN"
"","Nigeria","Borno","Budum","exchange_rate_unofficial","2021-02-01","381.34","385.51","377.18","381","NGN"
"","Nigeria","Borno","Bullunkutu","exchange_rate_unofficial","2021-02-01","381.34","385.51","377.18","381","NGN"
"","Nigeria","Borno","Custom","exchange_rate_unofficial","2021-02-01","381.34","385.51","377.18","381","NGN"
"","Nigeria","Borno","Damassack (CBM)","exchange_rate_unofficial","2021-02-01","381.34","385.51","377.18","381","NGN"
"","Nigeria","Borno","Damboa","exchange_rate_unofficial","2021-02-01","381.34","385.51","377.18","381","NGN"
"","Nigeria","Borno","Dikwa Central","exchange_rate_unofficial","2021-02-01","381.34","385.51","377.18","381","NGN"
"","Nigeria","Borno","Gajiram","exchange_rate_unofficial","2021-02-01","381.34","385.51","377.18","381","NGN"
"","Nigeria","Borno","Gamboru","exchange_rate_unofficial","2021-02-01","381.34","385.51","377.18","381","NGN"
"","Nigeria","Borno","Gwoza Central","exchange_rate_unofficial","2021-02-01","381.34","385.51","377.18","381","NGN"
"","Nigeria","Borno","Kashuwan Shanu","exchange_rate_unofficial","2021-02-01","381.34","385.51","377.18","381","NGN"
"","Nigeria","Borno","Konduga","exchange_rate_unofficial","2021-02-01","381.34","385.51","377.18","381","NGN"
"","Nigeria","Borno","Kusawam Shanu","exchange_rate_unofficial","2021-02-01","381.34","385.51","377.18","381","NGN"
"","Nigeria","Borno","Mafa","exchange_rate_unofficial","2021-02-01","381.34","385.51","377.18","381","NGN"
"","Nigeria","Borno","Magumeri Central","exchange_rate_unofficial","2021-02-01","381.34","385.51","377.18","381","NGN"
"","Nigeria","Borno","Maiduguri","exchange_rate_unofficial","2021-02-01","381.34","385.51","377.18","381","NGN"
"","Nigeria","Borno","Monday","exchange_rate_unofficial","2021-02-01","381.34","385.51","377.18","381","NGN"
"","Nigeria","Borno","Monguno","exchange_rate_unofficial","2021-02-01","381.34","385.51","377.18","381","NGN"
"","Nigeria","Borno","Ngala","exchange_rate_unofficial","2021-02-01","381.34","385.51","377.18","381","NGN"
"","Nigeria","Borno","Pulka","exchange_rate_unofficial","2021-02-01","381.34","385.51","377.18","381","NGN"
"","Nigeria","Borno","Rann","exchange_rate_unofficial","2021-02-01","381.34","385.51","377.18","381","NGN"
"","Nigeria","Borno","Shani Main Market","exchange_rate_unofficial","2021-02-01","381.34","385.51","377.18","381","NGN"
"","Nigeria","Borno","Tashan Bama","exchange_rate_unofficial","2021-02-01","381.34","385.51","377.18","381","NGN"
"","Nigeria","Geopolitical Zone","North Central","exchange_rate_unofficial","2021-02-01","381.34","385.51","377.18","381","NGN"
"","Nigeria","Geopolitical Zone","North West","exchange_rate_unofficial","2021-02-01","381.34","385.51","377.18","381","NGN"
"","Nigeria","Geopolitical Zone","South East","exchange_rate_unofficial","2021-02-01","381.34","385.51","377.18","381","NGN"
"","Nigeria","Geopolitical Zone","South South","exchange_rate_unofficial","2021-02-01","381.34","385.51","377.18","381","NGN"
"","Nigeria","Geopolitical Zone","South West","exchange_rate_unofficial","2021-02-01","381.34","385.51","377.18","381","NGN"
"","Nigeria","Gombe","Gombe","exchange_rate_unofficial","2021-02-01","381.34","385.51","377.18","381","NGN"
"","Nigeria","Jigawa","Gujungu","exchange_rate_unofficial","2021-02-01","381.34","385.51","377.18","381","NGN"
"","Nigeria","Kaduna","Giwa","exchange_rate_unofficial","2021-02-01","381.34","385.51","377.18","381","NGN"
"","Nigeria","Kaduna","Saminaka","exchange_rate_unofficial","2021-02-01","381.34","385.51","377.18","381","NGN"
"","Nigeria","Kano","Dawanau","exchange_rate_unofficial","2021-02-01","381.34","385.51","377.18","381","NGN"
"","Nigeria","Kano State (1)","Kano","exchange_rate_unofficial","2021-02-01","381.34","385.51","377.18","381","NGN"
"","Nigeria","Katsina","Dandume","exchange_rate_unofficial","2021-02-01","381.34","385.51","377.18","381","NGN"
"","Nigeria","Katsina","Mai Adoua (CBM)","exchange_rate_unofficial","2021-02-01","381.34","385.51","377.18","381","NGN"
"","Nigeria","Kebbi","Gwandu","exchange_rate_unofficial","2021-02-01","381.34","385.51","377.18","381","NGN"
"","Nigeria","Lagos","Lagos","exchange_rate_unofficial","2021-02-01","381.34","385.51","377.18","381","NGN"
"","Nigeria","Market Average","Market Average","exchange_rate_unofficial","2021-02-01","381.34","385.51","377.18","381","NGN"
"","Nigeria","National Average","Abuja","exchange_rate_unofficial","2021-02-01","381.34","385.51","377.18","381","NGN"
"","Nigeria","Oyo","Ibadan","exchange_rate_unofficial","2021-02-01","381.34","385.51","377.18","381","NGN"
"","Nigeria","Sokoto","Illela (CBM)","exchange_rate_unofficial","2021-02-01","381.34","385.51","377.18","381","NGN"
"","Nigeria","Yobe","Bade (Gashua)","exchange_rate_unofficial","2021-02-01","381.34","385.51","377.18","381","NGN"
"","Nigeria","Yobe","Bayantasha","exchange_rate_unofficial","2021-02-01","381.34","385.51","377.18","381","NGN"
"","Nigeria","Yobe","Biriri","exchange_rate_unofficial","2021-02-01","381.34","385.51","377.18","381","NGN"
"","Nigeria","Yobe","Bursari","exchange_rate_unofficial","2021-02-01","381.34","385.51","377.18","381","NGN"
"","Nigeria","Yobe","Damagum","exchange_rate_unofficial","2021-02-01","381.34","385.51","377.18","381","NGN"
"","Nigeria","Yobe","Damaturu","exchange_rate_unofficial","2021-02-01","381.34","385.51","377.18","381","NGN"
"","Nigeria","Yobe","Damaturu (Sunday Market)","exchange_rate_unofficial","2021-02-01","381.34","385.51","377.18","381","NGN"
"","Nigeria","Yobe","Geidam","exchange_rate_unofficial","2021-02-01","381.34","385.51","377.18","381","NGN"
"","Nigeria","Yobe","Gujba (Buni Yadi)","exchange_rate_unofficial","2021-02-01","381.34","385.51","377.18","381","NGN"
"","Nigeria","Yobe","Gulani (Tettaba)","exchange_rate_unofficial","2021-02-01","381.34","385.51","377.18","381","NGN"
"","Nigeria","Yobe","Jakusko","exchange_rate_unofficial","2021-02-01","381.34","385.51","377.18","381","NGN"
"","Nigeria","Yobe","Machina Central","exchange_rate_unofficial","2021-02-01","381.34","385.51","377.18","381","NGN"
"","Nigeria","Yobe","Nangere","exchange_rate_unofficial","2021-02-01","381.34","385.51","377.18","381","NGN"
"","Nigeria","Yobe","Ngelzarma","exchange_rate_unofficial","2021-02-01","381.34","385.51","377.18","381","NGN"
"","Nigeria","Yobe","Nguru","exchange_rate_unofficial","2021-02-01","381.34","385.51","377.18","381","NGN"
"","Nigeria","Yobe","Potiskum","exchange_rate_unofficial","2021-02-01","381.34","385.51","377.18","381","NGN"
"","Nigeria","Yobe","Yunusari","exchange_rate_unofficial","2021-02-01","381.34","385.51","377.18","381","NGN"
"","Nigeria","Yobe","Yusufari","exchange_rate_unofficial","2021-02-01","381.34","385.51","377.18","381","NGN"
"","Nigeria","Zamfara","Kaura Namoda","exchange_rate_unofficial","2021-02-01","381.34","385.51","377.18","381","NGN"
"","Nigeria","Abia","Aba","exchange_rate_unofficial","2021-03-01","384.1","388.05","380.16","381","NGN"
"","Nigeria","Adamawa","Gombi","exchange_rate_unofficial","2021-03-01","384.1","388.05","380.16","381","NGN"
"","Nigeria","Adamawa","Jimeta Grain","exchange_rate_unofficial","2021-03-01","384.1","388.05","380.16","381","NGN"
"","Nigeria","Adamawa","Madagali","exchange_rate_unofficial","2021-03-01","384.1","388.05","380.16","381","NGN"
"","Nigeria","Adamawa","Michika","exchange_rate_unofficial","2021-03-01","384.1","388.05","380.16","381","NGN"
"","Nigeria","Adamawa","Mubi","exchange_rate_unofficial","2021-03-01","384.1","388.05","380.16","381","NGN"
"","Nigeria","Adamawa","Mubi North","exchange_rate_unofficial","2021-03-01","384.1","388.05","380.16","381","NGN"
"","Nigeria","Adamawa","Ngalang","exchange_rate_unofficial","2021-03-01","384.1","388.05","380.16","381","NGN"
"","Nigeria","Borno","Abba Gamaram","exchange_rate_unofficial","2021-03-01","384.1","388.05","380.16","381","NGN"
"","Nigeria","Borno","Baga Road","exchange_rate_unofficial","2021-03-01","384.1","388.05","380.16","381","NGN"
"","Nigeria","Borno","Bama","exchange_rate_unofficial","2021-03-01","384.1","388.05","380.16","381","NGN"
"","Nigeria","Borno","Banki","exchange_rate_unofficial","2021-03-01","384.1","388.05","380.16","381","NGN"
"","Nigeria","Borno","Biu","exchange_rate_unofficial","2021-03-01","384.1","388.05","380.16","381","NGN"
"","Nigeria","Borno","Bolori Stores","exchange_rate_unofficial","2021-03-01","384.1","388.05","380.16","381","NGN"
"","Nigeria","Borno","Budum","exchange_rate_unofficial","2021-03-01","384.1","388.05","380.16","381","NGN"
"","Nigeria","Borno","Bullunkutu","exchange_rate_unofficial","2021-03-01","384.1","388.05","380.16","381","NGN"
"","Nigeria","Borno","Custom","exchange_rate_unofficial","2021-03-01","384.1","388.05","380.16","381","NGN"
"","Nigeria","Borno","Damassack (CBM)","exchange_rate_unofficial","2021-03-01","384.1","388.05","380.16","381","NGN"
"","Nigeria","Borno","Damboa","exchange_rate_unofficial","2021-03-01","384.1","388.05","380.16","381","NGN"
"","Nigeria","Borno","Dikwa Central","exchange_rate_unofficial","2021-03-01","384.1","388.05","380.16","381","NGN"
"","Nigeria","Borno","Gajiram","exchange_rate_unofficial","2021-03-01","384.1","388.05","380.16","381","NGN"
"","Nigeria","Borno","Gamboru","exchange_rate_unofficial","2021-03-01","384.1","388.05","380.16","381","NGN"
"","Nigeria","Borno","Gwoza Central","exchange_rate_unofficial","2021-03-01","384.1","388.05","380.16","381","NGN"
"","Nigeria","Borno","Kashuwan Shanu","exchange_rate_unofficial","2021-03-01","384.1","388.05","380.16","381","NGN"
"","Nigeria","Borno","Konduga","exchange_rate_unofficial","2021-03-01","384.1","388.05","380.16","381","NGN"
"","Nigeria","Borno","Kusawam Shanu","exchange_rate_unofficial","2021-03-01","384.1","388.05","380.16","381","NGN"
"","Nigeria","Borno","Mafa","exchange_rate_unofficial","2021-03-01","384.1","388.05","380.16","381","NGN"
"","Nigeria","Borno","Magumeri Central","exchange_rate_unofficial","2021-03-01","384.1","388.05","380.16","381","NGN"
"","Nigeria","Borno","Maiduguri","exchange_rate_unofficial","2021-03-01","384.1","388.05","380.16","381","NGN"
"","Nigeria","Borno","Monday","exchange_rate_unofficial","2021-03-01","384.1","388.05","380.16","381","NGN"
"","Nigeria","Borno","Monguno","exchange_rate_unofficial","2021-03-01","384.1","388.05","380.16","381","NGN"
"","Nigeria","Borno","Ngala","exchange_rate_unofficial","2021-03-01","384.1","388.05","380.16","381","NGN"
"","Nigeria","Borno","Pulka","exchange_rate_unofficial","2021-03-01","384.1","388.05","380.16","381","NGN"
"","Nigeria","Borno","Rann","exchange_rate_unofficial","2021-03-01","384.1","388.05","380.16","381","NGN"
"","Nigeria","Borno","Shani Main Market","exchange_rate_unofficial","2021-03-01","384.1","388.05","380.16","381","NGN"
"","Nigeria","Borno","Tashan Bama","exchange_rate_unofficial","2021-03-01","384.1","388.05","380.16","381","NGN"
"","Nigeria","Geopolitical Zone","North Central","exchange_rate_unofficial","2021-03-01","384.1","388.05","380.16","381","NGN"
"","Nigeria","Geopolitical Zone","North West","exchange_rate_unofficial","2021-03-01","384.1","388.05","380.16","381","NGN"
"","Nigeria","Geopolitical Zone","South East","exchange_rate_unofficial","2021-03-01","384.1","388.05","380.16","381","NGN"
"","Nigeria","Geopolitical Zone","South South","exchange_rate_unofficial","2021-03-01","384.1","388.05","380.16","381","NGN"
"","Nigeria","Geopolitical Zone","South West","exchange_rate_unofficial","2021-03-01","384.1","388.05","380.16","381","NGN"
"","Nigeria","Gombe","Gombe","exchange_rate_unofficial","2021-03-01","384.1","388.05","380.16","381","NGN"
"","Nigeria","Jigawa","Gujungu","exchange_rate_unofficial","2021-03-01","384.1","388.05","380.16","381","NGN"
"","Nigeria","Kaduna","Giwa","exchange_rate_unofficial","2021-03-01","384.1","388.05","380.16","381","NGN"
"","Nigeria","Kaduna","Saminaka","exchange_rate_unofficial","2021-03-01","384.1","388.05","380.16","381","NGN"
"","Nigeria","Kano","Dawanau","exchange_rate_unofficial","2021-03-01","384.1","388.05","380.16","381","NGN"
"","Nigeria","Kano State (1)","Kano","exchange_rate_unofficial","2021-03-01","384.1","388.05","380.16","381","NGN"
"","Nigeria","Katsina","Dandume","exchange_rate_unofficial","2021-03-01","384.1","388.05","380.16","381","NGN"
"","Nigeria","Katsina","Mai Adoua (CBM)","exchange_rate_unofficial","2021-03-01","384.1","388.05","380.16","381","NGN"
"","Nigeria","Kebbi","Gwandu","exchange_rate_unofficial","2021-03-01","384.1","388.05","380.16","381","NGN"
"","Nigeria","Lagos","Lagos","exchange_rate_unofficial","2021-03-01","384.1","388.05","380.16","381","NGN"
"","Nigeria","Market Average","Market Average","exchange_rate_unofficial","2021-03-01","384.1","388.05","380.16","381","NGN"
"","Nigeria","National Average","Abuja","exchange_rate_unofficial","2021-03-01","384.1","388.05","380.16","381","NGN"
"","Nigeria","Oyo","Ibadan","exchange_rate_unofficial","2021-03-01","384.1","388.05","380.16","381","NGN"
"","Nigeria","Sokoto","Illela (CBM)","exchange_rate_unofficial","2021-03-01","384.1","388.05","380.16","381","NGN"
"","Nigeria","Yobe","Bade (Gashua)","exchange_rate_unofficial","2021-03-01","384.1","388.05","380.16","381","NGN"
"","Nigeria","Yobe","Bayantasha","exchange_rate_unofficial","2021-03-01","384.1","388.05","380.16","381","NGN"
"","Nigeria","Yobe","Biriri","exchange_rate_unofficial","2021-03-01","384.1","388.05","380.16","381","NGN"
"","Nigeria","Yobe","Bursari","exchange_rate_unofficial","2021-03-01","384.1","388.05","380.16","381","NGN"
"","Nigeria","Yobe","Damagum","exchange_rate_unofficial","2021-03-01","384.1","388.05","380.16","381","NGN"
"","Nigeria","Yobe","Damaturu","exchange_rate_unofficial","2021-03-01","384.1","388.05","380.16","381","NGN"
"","Nigeria","Yobe","Damaturu (Sunday Market)","exchange_rate_unofficial","2021-03-01","384.1","388.05","380.16","381","NGN"
"","Nigeria","Yobe","Geidam","exchange_rate_unofficial","2021-03-01","384.1","388.05","380.16","381","NGN"
"","Nigeria","Yobe","Gujba (Buni Yadi)","exchange_rate_unofficial","2021-03-01","384.1","388.05","380.16","381","NGN"
"","Nigeria","Yobe","Gulani (Tettaba)","exchange_rate_unofficial","2021-03-01","384.1","388.05","380.16","381","NGN"
"","Nigeria","Yobe","Jakusko","exchange_rate_unofficial","2021-03-01","384.1","388.05","380.16","381","NGN"
"","Nigeria","Yobe","Machina Central","exchange_rate_unofficial","2021-03-01","384.1","388.05","380.16","381","NGN"
"","Nigeria","Yobe","Nangere","exchange_rate_unofficial","2021-03-01","384.1","388.05","380.16","381","NGN"
"","Nigeria","Yobe","Ngelzarma","exchange_rate_unofficial","2021-03-01","384.1","388.05","380.16","381","NGN"
"","Nigeria","Yobe","Nguru","exchange_rate_unofficial","2021-03-01","384.1","388.05","380.16","381","NGN"
"","Nigeria","Yobe","Potiskum","exchange_rate_unofficial","2021-03-01","384.1","388.05","380.16","381","NGN"
"","Nigeria","Yobe","Yunusari","exchange_rate_unofficial","2021-03-01","384.1","388.05","380.16","381","NGN"
"","Nigeria","Yobe","Yusufari","exchange_rate_unofficial","2021-03-01","384.1","388.05","380.16","381","NGN"
"","Nigeria","Zamfara","Kaura Namoda","exchange_rate_unofficial","2021-03-01","384.1","388.05","380.16","381","NGN"
"","Nigeria","Abia","Aba","exchange_rate_unofficial","2021-04-01","381.01","384.78","377.23","381","NGN"
"","Nigeria","Adamawa","Gombi","exchange_rate_unofficial","2021-04-01","381.01","384.78","377.23","381","NGN"
"","Nigeria","Adamawa","Jimeta Grain","exchange_rate_unofficial","2021-04-01","381.01","384.78","377.23","381","NGN"
"","Nigeria","Adamawa","Madagali","exchange_rate_unofficial","2021-04-01","381.01","384.78","377.23","381","NGN"
"","Nigeria","Adamawa","Michika","exchange_rate_unofficial","2021-04-01","381.01","384.78","377.23","381","NGN"
"","Nigeria","Adamawa","Mubi","exchange_rate_unofficial","2021-04-01","381.01","384.78","377.23","381","NGN"
"","Nigeria","Adamawa","Mubi North","exchange_rate_unofficial","2021-04-01","381.01","384.78","377.23","381","NGN"
"","Nigeria","Adamawa","Ngalang","exchange_rate_unofficial","2021-04-01","381.01","384.78","377.23","381","NGN"
"","Nigeria","Borno","Abba Gamaram","exchange_rate_unofficial","2021-04-01","381.01","384.78","377.23","381","NGN"
"","Nigeria","Borno","Baga Road","exchange_rate_unofficial","2021-04-01","381.01","384.78","377.23","381","NGN"
"","Nigeria","Borno","Bama","exchange_rate_unofficial","2021-04-01","381.01","384.78","377.23","381","NGN"
"","Nigeria","Borno","Banki","exchange_rate_unofficial","2021-04-01","381.01","384.78","377.23","381","NGN"
"","Nigeria","Borno","Biu","exchange_rate_unofficial","2021-04-01","381.01","384.78","377.23","381","NGN"
"","Nigeria","Borno","Bolori Stores","exchange_rate_unofficial","2021-04-01","381.01","384.78","377.23","381","NGN"
"","Nigeria","Borno","Budum","exchange_rate_unofficial","2021-04-01","381.01","384.78","377.23","381","NGN"
"","Nigeria","Borno","Bullunkutu","exchange_rate_unofficial","2021-04-01","381.01","384.78","377.23","381","NGN"
"","Nigeria","Borno","Custom","exchange_rate_unofficial","2021-04-01","381.01","384.78","377.23","381","NGN"
"","Nigeria","Borno","Damassack (CBM)","exchange_rate_unofficial","2021-04-01","381.01","384.78","377.23","381","NGN"
"","Nigeria","Borno","Damboa","exchange_rate_unofficial","2021-04-01","381.01","384.78","377.23","381","NGN"
"","Nigeria","Borno","Dikwa Central","exchange_rate_unofficial","2021-04-01","381.01","384.78","377.23","381","NGN"
"","Nigeria","Borno","Gajiram","exchange_rate_unofficial","2021-04-01","381.01","384.78","377.23","381","NGN"
"","Nigeria","Borno","Gamboru","exchange_rate_unofficial","2021-04-01","381.01","384.78","377.23","381","NGN"
"","Nigeria","Borno","Gwoza Central","exchange_rate_unofficial","2021-04-01","381.01","384.78","377.23","381","NGN"
"","Nigeria","Borno","Kashuwan Shanu","exchange_rate_unofficial","2021-04-01","381.01","384.78","377.23","381","NGN"
"","Nigeria","Borno","Konduga","exchange_rate_unofficial","2021-04-01","381.01","384.78","377.23","381","NGN"
"","Nigeria","Borno","Kusawam Shanu","exchange_rate_unofficial","2021-04-01","381.01","384.78","377.23","381","NGN"
"","Nigeria","Borno","Mafa","exchange_rate_unofficial","2021-04-01","381.01","384.78","377.23","381","NGN"
"","Nigeria","Borno","Magumeri Central","exchange_rate_unofficial","2021-04-01","381.01","384.78","377.23","381","NGN"
"","Nigeria","Borno","Maiduguri","exchange_rate_unofficial","2021-04-01","381.01","384.78","377.23","381","NGN"
"","Nigeria","Borno","Monday","exchange_rate_unofficial","2021-04-01","381.01","384.78","377.23","381","NGN"
"","Nigeria","Borno","Monguno","exchange_rate_unofficial","2021-04-01","381.01","384.78","377.23","381","NGN"
"","Nigeria","Borno","Ngala","exchange_rate_unofficial","2021-04-01","381.01","384.78","377.23","381","NGN"
"","Nigeria","Borno","Pulka","exchange_rate_unofficial","2021-04-01","381.01","384.78","377.23","381","NGN"
"","Nigeria","Borno","Rann","exchange_rate_unofficial","2021-04-01","381.01","384.78","377.23","381","NGN"
"","Nigeria","Borno","Shani Main Market","exchange_rate_unofficial","2021-04-01","381.01","384.78","377.23","381","NGN"
"","Nigeria","Borno","Tashan Bama","exchange_rate_unofficial","2021-04-01","381.01","384.78","377.23","381","NGN"
"","Nigeria","Geopolitical Zone","North Central","exchange_rate_unofficial","2021-04-01","381.01","384.78","377.23","381","NGN"
"","Nigeria","Geopolitical Zone","North West","exchange_rate_unofficial","2021-04-01","381.01","384.78","377.23","381","NGN"
"","Nigeria","Geopolitical Zone","South East","exchange_rate_unofficial","2021-04-01","381.01","384.78","377.23","381","NGN"
"","Nigeria","Geopolitical Zone","South South","exchange_rate_unofficial","2021-04-01","381.01","384.78","377.23","381","NGN"
"","Nigeria","Geopolitical Zone","South West","exchange_rate_unofficial","2021-04-01","381.01","384.78","377.23","381","NGN"
"","Nigeria","Gombe","Gombe","exchange_rate_unofficial","2021-04-01","381.01","384.78","377.23","381","NGN"
"","Nigeria","Jigawa","Gujungu","exchange_rate_unofficial","2021-04-01","381.01","384.78","377.23","381","NGN"
"","Nigeria","Kaduna","Giwa","exchange_rate_unofficial","2021-04-01","381.01","384.78","377.23","381","NGN"
"","Nigeria","Kaduna","Saminaka","exchange_rate_unofficial","2021-04-01","381.01","384.78","377.23","381","NGN"
"","Nigeria","Kano","Dawanau","exchange_rate_unofficial","2021-04-01","381.01","384.78","377.23","381","NGN"
"","Nigeria","Kano State (1)","Kano","exchange_rate_unofficial","2021-04-01","381.01","384.78","377.23","381","NGN"
"","Nigeria","Katsina","Dandume","exchange_rate_unofficial","2021-04-01","381.01","384.78","377.23","381","NGN"
"","Nigeria","Katsina","Mai Adoua (CBM)","exchange_rate_unofficial","2021-04-01","381.01","384.78","377.23","381","NGN"
"","Nigeria","Kebbi","Gwandu","exchange_rate_unofficial","2021-04-01","381.01","384.78","377.23","381","NGN"
"","Nigeria","Lagos","Lagos","exchange_rate_unofficial","2021-04-01","381.01","384.78","377.23","381","NGN"
"","Nigeria","Market Average","Market Average","exchange_rate_unofficial","2021-04-01","381.01","384.78","377.23","381","NGN"
"","Nigeria","National Average","Abuja","exchange_rate_unofficial","2021-04-01","381.01","384.78","377.23","381","NGN"
"","Nigeria","Oyo","Ibadan","exchange_rate_unofficial","2021-04-01","381.01","384.78","377.23","381","NGN"
"","Nigeria","Sokoto","Illela (CBM)","exchange_rate_unofficial","2021-04-01","381.01","384.78","377.23","381","NGN"
"","Nigeria","Yobe","Bade (Gashua)","exchange_rate_unofficial","2021-04-01","381.01","384.78","377.23","381","NGN"
"","Nigeria","Yobe","Bayantasha","exchange_rate_unofficial","2021-04-01","381.01","384.78","377.23","381","NGN"
"","Nigeria","Yobe","Biriri","exchange_rate_unofficial","2021-04-01","381.01","384.78","377.23","381","NGN"
"","Nigeria","Yobe","Bursari","exchange_rate_unofficial","2021-04-01","381.01","384.78","377.23","381","NGN"
"","Nigeria","Yobe","Damagum","exchange_rate_unofficial","2021-04-01","381.01","384.78","377.23","381","NGN"
"","Nigeria","Yobe","Damaturu","exchange_rate_unofficial","2021-04-01","381.01","384.78","377.23","381","NGN"
"","Nigeria","Yobe","Damaturu (Sunday Market)","exchange_rate_unofficial","2021-04-01","381.01","384.78","377.23","381","NGN"
"","Nigeria","Yobe","Geidam","exchange_rate_unofficial","2021-04-01","381.01","384.78","377.23","381","NGN"
"","Nigeria","Yobe","Gujba (Buni Yadi)","exchange_rate_unofficial","2021-04-01","381.01","384.78","377.23","381","NGN"
"","Nigeria","Yobe","Gulani (Tettaba)","exchange_rate_unofficial","2021-04-01","381.01","384.78","377.23","381","NGN"
"","Nigeria","Yobe","Jakusko","exchange_rate_unofficial","2021-04-01","381.01","384.78","377.23","381","NGN"
"","Nigeria","Yobe","Machina Central","exchange_rate_unofficial","2021-04-01","381.01","384.78","377.23","381","NGN"
"","Nigeria","Yobe","Nangere","exchange_rate_unofficial","2021-04-01","381.01","384.78","377.23","381","NGN"
"","Nigeria","Yobe","Ngelzarma","exchange_rate_unofficial","2021-04-01","381.01","384.78","377.23","381","NGN"
"","Nigeria","Yobe","Nguru","exchange_rate_unofficial","2021-04-01","381.01","384.78","377.23","381","NGN"
"","Nigeria","Yobe","Potiskum","exchange_rate_unofficial","2021-04-01","381.01","384.78","377.23","381","NGN"
"","Nigeria","Yobe","Yunusari","exchange_rate_unofficial","2021-04-01","381.01","384.78","377.23","381","NGN"
"","Nigeria","Yobe","Yusufari","exchange_rate_unofficial","2021-04-01","381.01","384.78","377.23","381","NGN"
"","Nigeria","Zamfara","Kaura Namoda","exchange_rate_unofficial","2021-04-01","381.01","384.78","377.23","381","NGN"
"","Nigeria","Abia","Aba","exchange_rate_unofficial","2021-05-01","384.19","410","380.6","410","NGN"
"","Nigeria","Adamawa","Gombi","exchange_rate_unofficial","2021-05-01","384.19","410","380.6","410","NGN"
"","Nigeria","Adamawa","Jimeta Grain","exchange_rate_unofficial","2021-05-01","384.19","410","380.6","410","NGN"
"","Nigeria","Adamawa","Madagali","exchange_rate_unofficial","2021-05-01","384.19","410","380.6","410","NGN"
"","Nigeria","Adamawa","Michika","exchange_rate_unofficial","2021-05-01","384.19","410","380.6","410","NGN"
"","Nigeria","Adamawa","Mubi","exchange_rate_unofficial","2021-05-01","384.19","410","380.6","410","NGN"
"","Nigeria","Adamawa","Mubi North","exchange_rate_unofficial","2021-05-01","384.19","410","380.6","410","NGN"
"","Nigeria","Adamawa","Ngalang","exchange_rate_unofficial","2021-05-01","384.19","410","380.6","410","NGN"
"","Nigeria","Borno","Abba Gamaram","exchange_rate_unofficial","2021-05-01","384.19","410","380.6","410","NGN"
"","Nigeria","Borno","Baga Road","exchange_rate_unofficial","2021-05-01","384.19","410","380.6","410","NGN"
"","Nigeria","Borno","Bama","exchange_rate_unofficial","2021-05-01","384.19","410","380.6","410","NGN"
"","Nigeria","Borno","Banki","exchange_rate_unofficial","2021-05-01","384.19","410","380.6","410","NGN"
"","Nigeria","Borno","Biu","exchange_rate_unofficial","2021-05-01","384.19","410","380.6","410","NGN"
"","Nigeria","Borno","Bolori Stores","exchange_rate_unofficial","2021-05-01","384.19","410","380.6","410","NGN"
"","Nigeria","Borno","Budum","exchange_rate_unofficial","2021-05-01","384.19","410","380.6","410","NGN"
"","Nigeria","Borno","Bullunkutu","exchange_rate_unofficial","2021-05-01","384.19","410","380.6","410","NGN"
"","Nigeria","Borno","Custom","exchange_rate_unofficial","2021-05-01","384.19","410","380.6","410","NGN"
"","Nigeria","Borno","Damassack (CBM)","exchange_rate_unofficial","2021-05-01","384.19","410","380.6","410","NGN"
"","Nigeria","Borno","Damboa","exchange_rate_unofficial","2021-05-01","384.19","410","380.6","410","NGN"
"","Nigeria","Borno","Dikwa Central","exchange_rate_unofficial","2021-05-01","384.19","410","380.6","410","NGN"
"","Nigeria","Borno","Gajiram","exchange_rate_unofficial","2021-05-01","384.19","410","380.6","410","NGN"
"","Nigeria","Borno","Gamboru","exchange_rate_unofficial","2021-05-01","384.19","410","380.6","410","NGN"
"","Nigeria","Borno","Gwoza Central","exchange_rate_unofficial","2021-05-01","384.19","410","380.6","410","NGN"
"","Nigeria","Borno","Kashuwan Shanu","exchange_rate_unofficial","2021-05-01","384.19","410","380.6","410","NGN"
"","Nigeria","Borno","Konduga","exchange_rate_unofficial","2021-05-01","384.19","410","380.6","410","NGN"
"","Nigeria","Borno","Kusawam Shanu","exchange_rate_unofficial","2021-05-01","384.19","410","380.6","410","NGN"
"","Nigeria","Borno","Mafa","exchange_rate_unofficial","2021-05-01","384.19","410","380.6","410","NGN"
"","Nigeria","Borno","Magumeri Central","exchange_rate_unofficial","2021-05-01","384.19","410","380.6","410","NGN"
"","Nigeria","Borno","Maiduguri","exchange_rate_unofficial","2021-05-01","384.19","410","380.6","410","NGN"
"","Nigeria","Borno","Monday","exchange_rate_unofficial","2021-05-01","384.19","410","380.6","410","NGN"
"","Nigeria","Borno","Monguno","exchange_rate_unofficial","2021-05-01","384.19","410","380.6","410","NGN"
"","Nigeria","Borno","Ngala","exchange_rate_unofficial","2021-05-01","384.19","410","380.6","410","NGN"
"","Nigeria","Borno","Pulka","exchange_rate_unofficial","2021-05-01","384.19","410","380.6","410","NGN"
"","Nigeria","Borno","Rann","exchange_rate_unofficial","2021-05-01","384.19","410","380.6","410","NGN"
"","Nigeria","Borno","Shani Main Market","exchange_rate_unofficial","2021-05-01","384.19","410","380.6","410","NGN"
"","Nigeria","Borno","Tashan Bama","exchange_rate_unofficial","2021-05-01","384.19","410","380.6","410","NGN"
"","Nigeria","Geopolitical Zone","North Central","exchange_rate_unofficial","2021-05-01","384.19","410","380.6","410","NGN"
"","Nigeria","Geopolitical Zone","North West","exchange_rate_unofficial","2021-05-01","384.19","410","380.6","410","NGN"
"","Nigeria","Geopolitical Zone","South East","exchange_rate_unofficial","2021-05-01","384.19","410","380.6","410","NGN"
"","Nigeria","Geopolitical Zone","South South","exchange_rate_unofficial","2021-05-01","384.19","410","380.6","410","NGN"
"","Nigeria","Geopolitical Zone","South West","exchange_rate_unofficial","2021-05-01","384.19","410","380.6","410","NGN"
"","Nigeria","Gombe","Gombe","exchange_rate_unofficial","2021-05-01","384.19","410","380.6","410","NGN"
"","Nigeria","Jigawa","Gujungu","exchange_rate_unofficial","2021-05-01","384.19","410","380.6","410","NGN"
"","Nigeria","Kaduna","Giwa","exchange_rate_unofficial","2021-05-01","384.19","410","380.6","410","NGN"
"","Nigeria","Kaduna","Saminaka","exchange_rate_unofficial","2021-05-01","384.19","410","380.6","410","NGN"
"","Nigeria","Kano","Dawanau","exchange_rate_unofficial","2021-05-01","384.19","410","380.6","410","NGN"
"","Nigeria","Kano State (1)","Kano","exchange_rate_unofficial","2021-05-01","384.19","410","380.6","410","NGN"
"","Nigeria","Katsina","Dandume","exchange_rate_unofficial","2021-05-01","384.19","410","380.6","410","NGN"
"","Nigeria","Katsina","Mai Adoua (CBM)","exchange_rate_unofficial","2021-05-01","384.19","410","380.6","410","NGN"
"","Nigeria","Kebbi","Gwandu","exchange_rate_unofficial","2021-05-01","384.19","410","380.6","410","NGN"
"","Nigeria","Lagos","Lagos","exchange_rate_unofficial","2021-05-01","384.19","410","380.6","410","NGN"
"","Nigeria","Market Average","Market Average","exchange_rate_unofficial","2021-05-01","384.19","410","380.6","410","NGN"
"","Nigeria","National Average","Abuja","exchange_rate_unofficial","2021-05-01","384.19","410","380.6","410","NGN"
"","Nigeria","Oyo","Ibadan","exchange_rate_unofficial","2021-05-01","384.19","410","380.6","410","NGN"
"","Nigeria","Sokoto","Illela (CBM)","exchange_rate_unofficial","2021-05-01","384.19","410","380.6","410","NGN"
"","Nigeria","Yobe","Bade (Gashua)","exchange_rate_unofficial","2021-05-01","384.19","410","380.6","410","NGN"
"","Nigeria","Yobe","Bayantasha","exchange_rate_unofficial","2021-05-01","384.19","410","380.6","410","NGN"
"","Nigeria","Yobe","Biriri","exchange_rate_unofficial","2021-05-01","384.19","410","380.6","410","NGN"
"","Nigeria","Yobe","Bursari","exchange_rate_unofficial","2021-05-01","384.19","410","380.6","410","NGN"
"","Nigeria","Yobe","Damagum","exchange_rate_unofficial","2021-05-01","384.19","410","380.6","410","NGN"
"","Nigeria","Yobe","Damaturu","exchange_rate_unofficial","2021-05-01","384.19","410","380.6","410","NGN"
"","Nigeria","Yobe","Damaturu (Sunday Market)","exchange_rate_unofficial","2021-05-01","384.19","410","380.6","410","NGN"
"","Nigeria","Yobe","Geidam","exchange_rate_unofficial","2021-05-01","384.19","410","380.6","410","NGN"
"","Nigeria","Yobe","Gujba (Buni Yadi)","exchange_rate_unofficial","2021-05-01","384.19","410","380.6","410","NGN"
"","Nigeria","Yobe","Gulani (Tettaba)","exchange_rate_unofficial","2021-05-01","384.19","410","380.6","410","NGN"
"","Nigeria","Yobe","Jakusko","exchange_rate_unofficial","2021-05-01","384.19","410","380.6","410","NGN"
"","Nigeria","Yobe","Machina Central","exchange_rate_unofficial","2021-05-01","384.19","410","380.6","410","NGN"
"","Nigeria","Yobe","Nangere","exchange_rate_unofficial","2021-05-01","384.19","410","380.6","410","NGN"
"","Nigeria","Yobe","Ngelzarma","exchange_rate_unofficial","2021-05-01","384.19","410","380.6","410","NGN"
"","Nigeria","Yobe","Nguru","exchange_rate_unofficial","2021-05-01","384.19","410","380.6","410","NGN"
"","Nigeria","Yobe","Potiskum","exchange_rate_unofficial","2021-05-01","384.19","410","380.6","410","NGN"
"","Nigeria","Yobe","Yunusari","exchange_rate_unofficial","2021-05-01","384.19","410","380.6","410","NGN"
"","Nigeria","Yobe","Yusufari","exchange_rate_unofficial","2021-05-01","384.19","410","380.6","410","NGN"
"","Nigeria","Zamfara","Kaura Namoda","exchange_rate_unofficial","2021-05-01","384.19","410","380.6","410","NGN"
"","Nigeria","Abia","Aba","exchange_rate_unofficial","2021-06-01","419.75","425.82","410.15","410.15","NGN"
"","Nigeria","Adamawa","Gombi","exchange_rate_unofficial","2021-06-01","419.75","425.82","410.15","410.15","NGN"
"","Nigeria","Adamawa","Jimeta Grain","exchange_rate_unofficial","2021-06-01","419.75","425.82","410.15","410.15","NGN"
"","Nigeria","Adamawa","Madagali","exchange_rate_unofficial","2021-06-01","419.75","425.82","410.15","410.15","NGN"
"","Nigeria","Adamawa","Michika","exchange_rate_unofficial","2021-06-01","419.75","425.82","410.15","410.15","NGN"
"","Nigeria","Adamawa","Mubi","exchange_rate_unofficial","2021-06-01","419.75","425.82","410.15","410.15","NGN"
"","Nigeria","Adamawa","Mubi North","exchange_rate_unofficial","2021-06-01","419.75","425.82","410.15","410.15","NGN"
"","Nigeria","Adamawa","Ngalang","exchange_rate_unofficial","2021-06-01","419.75","425.82","410.15","410.15","NGN"
"","Nigeria","Borno","Abba Gamaram","exchange_rate_unofficial","2021-06-01","419.75","425.82","410.15","410.15","NGN"
"","Nigeria","Borno","Baga Road","exchange_rate_unofficial","2021-06-01","419.75","425.82","410.15","410.15","NGN"
"","Nigeria","Borno","Bama","exchange_rate_unofficial","2021-06-01","419.75","425.82","410.15","410.15","NGN"
"","Nigeria","Borno","Banki","exchange_rate_unofficial","2021-06-01","419.75","425.82","410.15","410.15","NGN"
"","Nigeria","Borno","Biu","exchange_rate_unofficial","2021-06-01","419.75","425.82","410.15","410.15","NGN"
"","Nigeria","Borno","Bolori Stores","exchange_rate_unofficial","2021-06-01","419.75","425.82","410.15","410.15","NGN"
"","Nigeria","Borno","Budum","exchange_rate_unofficial","2021-06-01","419.75","425.82","410.15","410.15","NGN"
"","Nigeria","Borno","Bullunkutu","exchange_rate_unofficial","2021-06-01","419.75","425.82","410.15","410.15","NGN"
"","Nigeria","Borno","Custom","exchange_rate_unofficial","2021-06-01","419.75","425.82","410.15","410.15","NGN"
"","Nigeria","Borno","Damassack (CBM)","exchange_rate_unofficial","2021-06-01","419.75","425.82","410.15","410.15","NGN"
"","Nigeria","Borno","Damboa","exchange_rate_unofficial","2021-06-01","419.75","425.82","410.15","410.15","NGN"
"","Nigeria","Borno","Dikwa Central","exchange_rate_unofficial","2021-06-01","419.75","425.82","410.15","410.15","NGN"
"","Nigeria","Borno","Gajiram","exchange_rate_unofficial","2021-06-01","419.75","425.82","410.15","410.15","NGN"
"","Nigeria","Borno","Gamboru","exchange_rate_unofficial","2021-06-01","419.75","425.82","410.15","410.15","NGN"
"","Nigeria","Borno","Gwoza Central","exchange_rate_unofficial","2021-06-01","419.75","425.82","410.15","410.15","NGN"
"","Nigeria","Borno","Kashuwan Shanu","exchange_rate_unofficial","2021-06-01","419.75","425.82","410.15","410.15","NGN"
"","Nigeria","Borno","Konduga","exchange_rate_unofficial","2021-06-01","419.75","425.82","410.15","410.15","NGN"
"","Nigeria","Borno","Kusawam Shanu","exchange_rate_unofficial","2021-06-01","419.75","425.82","410.15","410.15","NGN"
"","Nigeria","Borno","Mafa","exchange_rate_unofficial","2021-06-01","419.75","425.82","410.15","410.15","NGN"
"","Nigeria","Borno","Magumeri Central","exchange_rate_unofficial","2021-06-01","419.75","425.82","410.15","410.15","NGN"
"","Nigeria","Borno","Maiduguri","exchange_rate_unofficial","2021-06-01","419.75","425.82","410.15","410.15","NGN"
"","Nigeria","Borno","Monday","exchange_rate_unofficial","2021-06-01","419.75","425.82","410.15","410.15","NGN"
"","Nigeria","Borno","Monguno","exchange_rate_unofficial","2021-06-01","419.75","425.82","410.15","410.15","NGN"
"","Nigeria","Borno","Ngala","exchange_rate_unofficial","2021-06-01","419.75","425.82","410.15","410.15","NGN"
"","Nigeria","Borno","Pulka","exchange_rate_unofficial","2021-06-01","419.75","425.82","410.15","410.15","NGN"
"","Nigeria","Borno","Rann","exchange_rate_unofficial","2021-06-01","419.75","425.82","410.15","410.15","NGN"
"","Nigeria","Borno","Shani Main Market","exchange_rate_unofficial","2021-06-01","419.75","425.82","410.15","410.15","NGN"
"","Nigeria","Borno","Tashan Bama","exchange_rate_unofficial","2021-06-01","419.75","425.82","410.15","410.15","NGN"
"","Nigeria","Geopolitical Zone","North Central","exchange_rate_unofficial","2021-06-01","419.75","425.82","410.15","410.15","NGN"
"","Nigeria","Geopolitical Zone","North West","exchange_rate_unofficial","2021-06-01","419.75","425.82","410.15","410.15","NGN"
"","Nigeria","Geopolitical Zone","South East","exchange_rate_unofficial","2021-06-01","419.75","425.82","410.15","410.15","NGN"
"","Nigeria","Geopolitical Zone","South South","exchange_rate_unofficial","2021-06-01","419.75","425.82","410.15","410.15","NGN"
"","Nigeria","Geopolitical Zone","South West","exchange_rate_unofficial","2021-06-01","419.75","425.82","410.15","410.15","NGN"
"","Nigeria","Gombe","Gombe","exchange_rate_unofficial","2021-06-01","419.75","425.82","410.15","410.15","NGN"
"","Nigeria","Jigawa","Gujungu","exchange_rate_unofficial","2021-06-01","419.75","425.82","410.15","410.15","NGN"
"","Nigeria","Kaduna","Giwa","exchange_rate_unofficial","2021-06-01","419.75","425.82","410.15","410.15","NGN"
"","Nigeria","Kaduna","Saminaka","exchange_rate_unofficial","2021-06-01","419.75","425.82","410.15","410.15","NGN"
"","Nigeria","Kano","Dawanau","exchange_rate_unofficial","2021-06-01","419.75","425.82","410.15","410.15","NGN"
"","Nigeria","Kano State (1)","Kano","exchange_rate_unofficial","2021-06-01","419.75","425.82","410.15","410.15","NGN"
"","Nigeria","Katsina","Dandume","exchange_rate_unofficial","2021-06-01","419.75","425.82","410.15","410.15","NGN"
"","Nigeria","Katsina","Mai Adoua (CBM)","exchange_rate_unofficial","2021-06-01","419.75","425.82","410.15","410.15","NGN"
"","Nigeria","Kebbi","Gwandu","exchange_rate_unofficial","2021-06-01","419.75","425.82","410.15","410.15","NGN"
"","Nigeria","Lagos","Lagos","exchange_rate_unofficial","2021-06-01","419.75","425.82","410.15","410.15","NGN"
"","Nigeria","Market Average","Market Average","exchange_rate_unofficial","2021-06-01","419.75","425.82","410.15","410.15","NGN"
"","Nigeria","National Average","Abuja","exchange_rate_unofficial","2021-06-01","419.75","425.82","410.15","410.15","NGN"
"","Nigeria","Oyo","Ibadan","exchange_rate_unofficial","2021-06-01","419.75","425.82","410.15","410.15","NGN"
"","Nigeria","Sokoto","Illela (CBM)","exchange_rate_unofficial","2021-06-01","419.75","425.82","410.15","410.15","NGN"
"","Nigeria","Yobe","Bade (Gashua)","exchange_rate_unofficial","2021-06-01","419.75","425.82","410.15","410.15","NGN"
"","Nigeria","Yobe","Bayantasha","exchange_rate_unofficial","2021-06-01","419.75","425.82","410.15","410.15","NGN"
"","Nigeria","Yobe","Biriri","exchange_rate_unofficial","2021-06-01","419.75","425.82","410.15","410.15","NGN"
"","Nigeria","Yobe","Bursari","exchange_rate_unofficial","2021-06-01","419.75","425.82","410.15","410.15","NGN"
"","Nigeria","Yobe","Damagum","exchange_rate_unofficial","2021-06-01","419.75","425.82","410.15","410.15","NGN"
"","Nigeria","Yobe","Damaturu","exchange_rate_unofficial","2021-06-01","419.75","425.82","410.15","410.15","NGN"
"","Nigeria","Yobe","Damaturu (Sunday Market)","exchange_rate_unofficial","2021-06-01","419.75","425.82","410.15","410.15","NGN"
"","Nigeria","Yobe","Geidam","exchange_rate_unofficial","2021-06-01","419.75","425.82","410.15","410.15","NGN"
"","Nigeria","Yobe","Gujba (Buni Yadi)","exchange_rate_unofficial","2021-06-01","419.75","425.82","410.15","410.15","NGN"
"","Nigeria","Yobe","Gulani (Tettaba)","exchange_rate_unofficial","2021-06-01","419.75","425.82","410.15","410.15","NGN"
"","Nigeria","Yobe","Jakusko","exchange_rate_unofficial","2021-06-01","419.75","425.82","410.15","410.15","NGN"
"","Nigeria","Yobe","Machina Central","exchange_rate_unofficial","2021-06-01","419.75","425.82","410.15","410.15","NGN"
"","Nigeria","Yobe","Nangere","exchange_rate_unofficial","2021-06-01","419.75","425.82","410.15","410.15","NGN"
"","Nigeria","Yobe","Ngelzarma","exchange_rate_unofficial","2021-06-01","419.75","425.82","410.15","410.15","NGN"
"","Nigeria","Yobe","Nguru","exchange_rate_unofficial","2021-06-01","419.75","425.82","410.15","410.15","NGN"
"","Nigeria","Yobe","Potiskum","exchange_rate_unofficial","2021-06-01","419.75","425.82","410.15","410.15","NGN"
"","Nigeria","Yobe","Yunusari","exchange_rate_unofficial","2021-06-01","419.75","425.82","410.15","410.15","NGN"
"","Nigeria","Yobe","Yusufari","exchange_rate_unofficial","2021-06-01","419.75","425.82","410.15","410.15","NGN"
"","Nigeria","Zamfara","Kaura Namoda","exchange_rate_unofficial","2021-06-01","419.75","425.82","410.15","410.15","NGN"
"","Nigeria","Abia","Aba","exchange_rate_unofficial","2021-07-01","410.12","416.06","404.18","410.1","NGN"
"","Nigeria","Adamawa","Gombi","exchange_rate_unofficial","2021-07-01","410.12","416.06","404.18","410.1","NGN"
"","Nigeria","Adamawa","Jimeta Grain","exchange_rate_unofficial","2021-07-01","410.12","416.06","404.18","410.1","NGN"
"","Nigeria","Adamawa","Madagali","exchange_rate_unofficial","2021-07-01","410.12","416.06","404.18","410.1","NGN"
"","Nigeria","Adamawa","Michika","exchange_rate_unofficial","2021-07-01","410.12","416.06","404.18","410.1","NGN"
"","Nigeria","Adamawa","Mubi","exchange_rate_unofficial","2021-07-01","410.12","416.06","404.18","410.1","NGN"
"","Nigeria","Adamawa","Mubi North","exchange_rate_unofficial","2021-07-01","410.12","416.06","404.18","410.1","NGN"
"","Nigeria","Adamawa","Ngalang","exchange_rate_unofficial","2021-07-01","410.12","416.06","404.18","410.1","NGN"
"","Nigeria","Borno","Abba Gamaram","exchange_rate_unofficial","2021-07-01","410.12","416.06","404.18","410.1","NGN"
"","Nigeria","Borno","Baga Road","exchange_rate_unofficial","2021-07-01","410.12","416.06","404.18","410.1","NGN"
"","Nigeria","Borno","Bama","exchange_rate_unofficial","2021-07-01","410.12","416.06","404.18","410.1","NGN"
"","Nigeria","Borno","Banki","exchange_rate_unofficial","2021-07-01","410.12","416.06","404.18","410.1","NGN"
"","Nigeria","Borno","Biu","exchange_rate_unofficial","2021-07-01","410.12","416.06","404.18","410.1","NGN"
"","Nigeria","Borno","Bolori Stores","exchange_rate_unofficial","2021-07-01","410.12","416.06","404.18","410.1","NGN"
"","Nigeria","Borno","Budum","exchange_rate_unofficial","2021-07-01","410.12","416.06","404.18","410.1","NGN"
"","Nigeria","Borno","Bullunkutu","exchange_rate_unofficial","2021-07-01","410.12","416.06","404.18","410.1","NGN"
"","Nigeria","Borno","Custom","exchange_rate_unofficial","2021-07-01","410.12","416.06","404.18","410.1","NGN"
"","Nigeria","Borno","Damassack (CBM)","exchange_rate_unofficial","2021-07-01","410.12","416.06","404.18","410.1","NGN"
"","Nigeria","Borno","Damboa","exchange_rate_unofficial","2021-07-01","410.12","416.06","404.18","410.1","NGN"
"","Nigeria","Borno","Dikwa Central","exchange_rate_unofficial","2021-07-01","410.12","416.06","404.18","410.1","NGN"
"","Nigeria","Borno","Gajiram","exchange_rate_unofficial","2021-07-01","410.12","416.06","404.18","410.1","NGN"
"","Nigeria","Borno","Gamboru","exchange_rate_unofficial","2021-07-01","410.12","416.06","404.18","410.1","NGN"
"","Nigeria","Borno","Gwoza Central","exchange_rate_unofficial","2021-07-01","410.12","416.06","404.18","410.1","NGN"
"","Nigeria","Borno","Kashuwan Shanu","exchange_rate_unofficial","2021-07-01","410.12","416.06","404.18","410.1","NGN"
"","Nigeria","Borno","Konduga","exchange_rate_unofficial","2021-07-01","410.12","416.06","404.18","410.1","NGN"
"","Nigeria","Borno","Kusawam Shanu","exchange_rate_unofficial","2021-07-01","410.12","416.06","404.18","410.1","NGN"
"","Nigeria","Borno","Mafa","exchange_rate_unofficial","2021-07-01","410.12","416.06","404.18","410.1","NGN"
"","Nigeria","Borno","Magumeri Central","exchange_rate_unofficial","2021-07-01","410.12","416.06","404.18","410.1","NGN"
"","Nigeria","Borno","Maiduguri","exchange_rate_unofficial","2021-07-01","410.12","416.06","404.18","410.1","NGN"
"","Nigeria","Borno","Monday","exchange_rate_unofficial","2021-07-01","410.12","416.06","404.18","410.1","NGN"
"","Nigeria","Borno","Monguno","exchange_rate_unofficial","2021-07-01","410.12","416.06","404.18","410.1","NGN"
"","Nigeria","Borno","Ngala","exchange_rate_unofficial","2021-07-01","410.12","416.06","404.18","410.1","NGN"
"","Nigeria","Borno","Pulka","exchange_rate_unofficial","2021-07-01","410.12","416.06","404.18","410.1","NGN"
"","Nigeria","Borno","Rann","exchange_rate_unofficial","2021-07-01","410.12","416.06","404.18","410.1","NGN"
"","Nigeria","Borno","Shani Main Market","exchange_rate_unofficial","2021-07-01","410.12","416.06","404.18","410.1","NGN"
"","Nigeria","Borno","Tashan Bama","exchange_rate_unofficial","2021-07-01","410.12","416.06","404.18","410.1","NGN"
"","Nigeria","Geopolitical Zone","North Central","exchange_rate_unofficial","2021-07-01","410.12","416.06","404.18","410.1","NGN"
"","Nigeria","Geopolitical Zone","North West","exchange_rate_unofficial","2021-07-01","410.12","416.06","404.18","410.1","NGN"
"","Nigeria","Geopolitical Zone","South East","exchange_rate_unofficial","2021-07-01","410.12","416.06","404.18","410.1","NGN"
"","Nigeria","Geopolitical Zone","South South","exchange_rate_unofficial","2021-07-01","410.12","416.06","404.18","410.1","NGN"
"","Nigeria","Geopolitical Zone","South West","exchange_rate_unofficial","2021-07-01","410.12","416.06","404.18","410.1","NGN"
"","Nigeria","Gombe","Gombe","exchange_rate_unofficial","2021-07-01","410.12","416.06","404.18","410.1","NGN"
"","Nigeria","Jigawa","Gujungu","exchange_rate_unofficial","2021-07-01","410.12","416.06","404.18","410.1","NGN"
"","Nigeria","Kaduna","Giwa","exchange_rate_unofficial","2021-07-01","410.12","416.06","404.18","410.1","NGN"
"","Nigeria","Kaduna","Saminaka","exchange_rate_unofficial","2021-07-01","410.12","416.06","404.18","410.1","NGN"
"","Nigeria","Kano","Dawanau","exchange_rate_unofficial","2021-07-01","410.12","416.06","404.18","410.1","NGN"
"","Nigeria","Kano State (1)","Kano","exchange_rate_unofficial","2021-07-01","410.12","416.06","404.18","410.1","NGN"
"","Nigeria","Katsina","Dandume","exchange_rate_unofficial","2021-07-01","410.12","416.06","404.18","410.1","NGN"
"","Nigeria","Katsina","Mai Adoua (CBM)","exchange_rate_unofficial","2021-07-01","410.12","416.06","404.18","410.1","NGN"
"","Nigeria","Kebbi","Gwandu","exchange_rate_unofficial","2021-07-01","410.12","416.06","404.18","410.1","NGN"
"","Nigeria","Lagos","Lagos","exchange_rate_unofficial","2021-07-01","410.12","416.06","404.18","410.1","NGN"
"","Nigeria","Market Average","Market Average","exchange_rate_unofficial","2021-07-01","410.12","416.06","404.18","410.1","NGN"
"","Nigeria","National Average","Abuja","exchange_rate_unofficial","2021-07-01","410.12","416.06","404.18","410.1","NGN"
"","Nigeria","Oyo","Ibadan","exchange_rate_unofficial","2021-07-01","410.12","416.06","404.18","410.1","NGN"
"","Nigeria","Sokoto","Illela (CBM)","exchange_rate_unofficial","2021-07-01","410.12","416.06","404.18","410.1","NGN"
"","Nigeria","Yobe","Bade (Gashua)","exchange_rate_unofficial","2021-07-01","410.12","416.06","404.18","410.1","NGN"
"","Nigeria","Yobe","Bayantasha","exchange_rate_unofficial","2021-07-01","410.12","416.06","404.18","410.1","NGN"
"","Nigeria","Yobe","Biriri","exchange_rate_unofficial","2021-07-01","410.12","416.06","404.18","410.1","NGN"
"","Nigeria","Yobe","Bursari","exchange_rate_unofficial","2021-07-01","410.12","416.06","404.18","410.1","NGN"
"","Nigeria","Yobe","Damagum","exchange_rate_unofficial","2021-07-01","410.12","416.06","404.18","410.1","NGN"
"","Nigeria","Yobe","Damaturu","exchange_rate_unofficial","2021-07-01","410.12","416.06","404.18","410.1","NGN"
"","Nigeria","Yobe","Damaturu (Sunday Market)","exchange_rate_unofficial","2021-07-01","410.12","416.06","404.18","410.1","NGN"
"","Nigeria","Yobe","Geidam","exchange_rate_unofficial","2021-07-01","410.12","416.06","404.18","410.1","NGN"
"","Nigeria","Yobe","Gujba (Buni Yadi)","exchange_rate_unofficial","2021-07-01","410.12","416.06","404.18","410.1","NGN"
"","Nigeria","Yobe","Gulani (Tettaba)","exchange_rate_unofficial","2021-07-01","410.12","416.06","404.18","410.1","NGN"
"","Nigeria","Yobe","Jakusko","exchange_rate_unofficial","2021-07-01","410.12","416.06","404.18","410.1","NGN"
"","Nigeria","Yobe","Machina Central","exchange_rate_unofficial","2021-07-01","410.12","416.06","404.18","410.1","NGN"
"","Nigeria","Yobe","Nangere","exchange_rate_unofficial","2021-07-01","410.12","416.06","404.18","410.1","NGN"
"","Nigeria","Yobe","Ngelzarma","exchange_rate_unofficial","2021-07-01","410.12","416.06","404.18","410.1","NGN"
"","Nigeria","Yobe","Nguru","exchange_rate_unofficial","2021-07-01","410.12","416.06","404.18","410.1","NGN"
"","Nigeria","Yobe","Potiskum","exchange_rate_unofficial","2021-07-01","410.12","416.06","404.18","410.1","NGN"
"","Nigeria","Yobe","Yunusari","exchange_rate_unofficial","2021-07-01","410.12","416.06","404.18","410.1","NGN"
"","Nigeria","Yobe","Yusufari","exchange_rate_unofficial","2021-07-01","410.12","416.06","404.18","410.1","NGN"
"","Nigeria","Zamfara","Kaura Namoda","exchange_rate_unofficial","2021-07-01","410.12","416.06","404.18","410.1","NGN"
"","Nigeria","Abia","Aba","exchange_rate_unofficial","2021-08-01","411.6","417.16","406.04","411","NGN"
"","Nigeria","Adamawa","Gombi","exchange_rate_unofficial","2021-08-01","411.6","417.16","406.04","411","NGN"
"","Nigeria","Adamawa","Jimeta Grain","exchange_rate_unofficial","2021-08-01","411.6","417.16","406.04","411","NGN"
"","Nigeria","Adamawa","Madagali","exchange_rate_unofficial","2021-08-01","411.6","417.16","406.04","411","NGN"
"","Nigeria","Adamawa","Michika","exchange_rate_unofficial","2021-08-01","411.6","417.16","406.04","411","NGN"
"","Nigeria","Adamawa","Mubi","exchange_rate_unofficial","2021-08-01","411.6","417.16","406.04","411","NGN"
"","Nigeria","Adamawa","Mubi North","exchange_rate_unofficial","2021-08-01","411.6","417.16","406.04","411","NGN"
"","Nigeria","Adamawa","Ngalang","exchange_rate_unofficial","2021-08-01","411.6","417.16","406.04","411","NGN"
"","Nigeria","Borno","Abba Gamaram","exchange_rate_unofficial","2021-08-01","411.6","417.16","406.04","411","NGN"
"","Nigeria","Borno","Baga Road","exchange_rate_unofficial","2021-08-01","411.6","417.16","406.04","411","NGN"
"","Nigeria","Borno","Bama","exchange_rate_unofficial","2021-08-01","411.6","417.16","406.04","411","NGN"
"","Nigeria","Borno","Banki","exchange_rate_unofficial","2021-08-01","411.6","417.16","406.04","411","NGN"
"","Nigeria","Borno","Biu","exchange_rate_unofficial","2021-08-01","411.6","417.16","406.04","411","NGN"
"","Nigeria","Borno","Bolori Stores","exchange_rate_unofficial","2021-08-01","411.6","417.16","406.04","411","NGN"
"","Nigeria","Borno","Budum","exchange_rate_unofficial","2021-08-01","411.6","417.16","406.04","411","NGN"
"","Nigeria","Borno","Bullunkutu","exchange_rate_unofficial","2021-08-01","411.6","417.16","406.04","411","NGN"
"","Nigeria","Borno","Custom","exchange_rate_unofficial","2021-08-01","411.6","417.16","406.04","411","NGN"
"","Nigeria","Borno","Damassack (CBM)","exchange_rate_unofficial","2021-08-01","411.6","417.16","406.04","411","NGN"
"","Nigeria","Borno","Damboa","exchange_rate_unofficial","2021-08-01","411.6","417.16","406.04","411","NGN"
"","Nigeria","Borno","Dikwa Central","exchange_rate_unofficial","2021-08-01","411.6","417.16","406.04","411","NGN"
"","Nigeria","Borno","Gajiram","exchange_rate_unofficial","2021-08-01","411.6","417.16","406.04","411","NGN"
"","Nigeria","Borno","Gamboru","exchange_rate_unofficial","2021-08-01","411.6","417.16","406.04","411","NGN"
"","Nigeria","Borno","Gwoza Central","exchange_rate_unofficial","2021-08-01","411.6","417.16","406.04","411","NGN"
"","Nigeria","Borno","Kashuwan Shanu","exchange_rate_unofficial","2021-08-01","411.6","417.16","406.04","411","NGN"
"","Nigeria","Borno","Konduga","exchange_rate_unofficial","2021-08-01","411.6","417.16","406.04","411","NGN"
"","Nigeria","Borno","Kusawam Shanu","exchange_rate_unofficial","2021-08-01","411.6","417.16","406.04","411","NGN"
"","Nigeria","Borno","Mafa","exchange_rate_unofficial","2021-08-01","411.6","417.16","406.04","411","NGN"
"","Nigeria","Borno","Magumeri Central","exchange_rate_unofficial","2021-08-01","411.6","417.16","406.04","411","NGN"
"","Nigeria","Borno","Maiduguri","exchange_rate_unofficial","2021-08-01","411.6","417.16","406.04","411","NGN"
"","Nigeria","Borno","Monday","exchange_rate_unofficial","2021-08-01","411.6","417.16","406.04","411","NGN"
"","Nigeria","Borno","Monguno","exchange_rate_unofficial","2021-08-01","411.6","417.16","406.04","411","NGN"
"","Nigeria","Borno","Ngala","exchange_rate_unofficial","2021-08-01","411.6","417.16","406.04","411","NGN"
"","Nigeria","Borno","Pulka","exchange_rate_unofficial","2021-08-01","411.6","417.16","406.04","411","NGN"
"","Nigeria","Borno","Rann","exchange_rate_unofficial","2021-08-01","411.6","417.16","406.04","411","NGN"
"","Nigeria","Borno","Shani Main Market","exchange_rate_unofficial","2021-08-01","411.6","417.16","406.04","411","NGN"
"","Nigeria","Borno","Tashan Bama","exchange_rate_unofficial","2021-08-01","411.6","417.16","406.04","411","NGN"
"","Nigeria","Geopolitical Zone","North Central","exchange_rate_unofficial","2021-08-01","411.6","417.16","406.04","411","NGN"
"","Nigeria","Geopolitical Zone","North West","exchange_rate_unofficial","2021-08-01","411.6","417.16","406.04","411","NGN"
"","Nigeria","Geopolitical Zone","South East","exchange_rate_unofficial","2021-08-01","411.6","417.16","406.04","411","NGN"
"","Nigeria","Geopolitical Zone","South South","exchange_rate_unofficial","2021-08-01","411.6","417.16","406.04","411","NGN"
"","Nigeria","Geopolitical Zone","South West","exchange_rate_unofficial","2021-08-01","411.6","417.16","406.04","411","NGN"
"","Nigeria","Gombe","Gombe","exchange_rate_unofficial","2021-08-01","411.6","417.16","406.04","411","NGN"
"","Nigeria","Jigawa","Gujungu","exchange_rate_unofficial","2021-08-01","411.6","417.16","406.04","411","NGN"
"","Nigeria","Kaduna","Giwa","exchange_rate_unofficial","2021-08-01","411.6","417.16","406.04","411","NGN"
"","Nigeria","Kaduna","Saminaka","exchange_rate_unofficial","2021-08-01","411.6","417.16","406.04","411","NGN"
"","Nigeria","Kano","Dawanau","exchange_rate_unofficial","2021-08-01","411.6","417.16","406.04","411","NGN"
"","Nigeria","Kano State (1)","Kano","exchange_rate_unofficial","2021-08-01","411.6","417.16","406.04","411","NGN"
"","Nigeria","Katsina","Dandume","exchange_rate_unofficial","2021-08-01","411.6","417.16","406.04","411","NGN"
"","Nigeria","Katsina","Mai Adoua (CBM)","exchange_rate_unofficial","2021-08-01","411.6","417.16","406.04","411","NGN"
"","Nigeria","Kebbi","Gwandu","exchange_rate_unofficial","2021-08-01","411.6","417.16","406.04","411","NGN"
"","Nigeria","Lagos","Lagos","exchange_rate_unofficial","2021-08-01","411.6","417.16","406.04","411","NGN"
"","Nigeria","Market Average","Market Average","exchange_rate_unofficial","2021-08-01","411.6","417.16","406.04","411","NGN"
"","Nigeria","National Average","Abuja","exchange_rate_unofficial","2021-08-01","411.6","417.16","406.04","411","NGN"
"","Nigeria","Oyo","Ibadan","exchange_rate_unofficial","2021-08-01","411.6","417.16","406.04","411","NGN"
"","Nigeria","Sokoto","Illela (CBM)","exchange_rate_unofficial","2021-08-01","411.6","417.16","406.04","411","NGN"
"","Nigeria","Yobe","Bade (Gashua)","exchange_rate_unofficial","2021-08-01","411.6","417.16","406.04","411","NGN"
"","Nigeria","Yobe","Bayantasha","exchange_rate_unofficial","2021-08-01","411.6","417.16","406.04","411","NGN"
"","Nigeria","Yobe","Biriri","exchange_rate_unofficial","2021-08-01","411.6","417.16","406.04","411","NGN"
"","Nigeria","Yobe","Bursari","exchange_rate_unofficial","2021-08-01","411.6","417.16","406.04","411","NGN"
"","Nigeria","Yobe","Damagum","exchange_rate_unofficial","2021-08-01","411.6","417.16","406.04","411","NGN"
"","Nigeria","Yobe","Damaturu","exchange_rate_unofficial","2021-08-01","411.6","417.16","406.04","411","NGN"
"","Nigeria","Yobe","Damaturu (Sunday Market)","exchange_rate_unofficial","2021-08-01","411.6","417.16","406.04","411","NGN"
"","Nigeria","Yobe","Geidam","exchange_rate_unofficial","2021-08-01","411.6","417.16","406.04","411","NGN"
"","Nigeria","Yobe","Gujba (Buni Yadi)","exchange_rate_unofficial","2021-08-01","411.6","417.16","406.04","411","NGN"
"","Nigeria","Yobe","Gulani (Tettaba)","exchange_rate_unofficial","2021-08-01","411.6","417.16","406.04","411","NGN"
"","Nigeria","Yobe","Jakusko","exchange_rate_unofficial","2021-08-01","411.6","417.16","406.04","411","NGN"
"","Nigeria","Yobe","Machina Central","exchange_rate_unofficial","2021-08-01","411.6","417.16","406.04","411","NGN"
"","Nigeria","Yobe","Nangere","exchange_rate_unofficial","2021-08-01","411.6","417.16","406.04","411","NGN"
"","Nigeria","Yobe","Ngelzarma","exchange_rate_unofficial","2021-08-01","411.6","417.16","406.04","411","NGN"
"","Nigeria","Yobe","Nguru","exchange_rate_unofficial","2021-08-01","411.6","417.16","406.04","411","NGN"
"","Nigeria","Yobe","Potiskum","exchange_rate_unofficial","2021-08-01","411.6","417.16","406.04","411","NGN"
"","Nigeria","Yobe","Yunusari","exchange_rate_unofficial","2021-08-01","411.6","417.16","406.04","411","NGN"
"","Nigeria","Yobe","Yusufari","exchange_rate_unofficial","2021-08-01","411.6","417.16","406.04","411","NGN"
"","Nigeria","Zamfara","Kaura Namoda","exchange_rate_unofficial","2021-08-01","411.6","417.16","406.04","411","NGN"
"","Nigeria","Abia","Aba","exchange_rate_unofficial","2021-09-01","413.73","418.97","408.5","411","NGN"
"","Nigeria","Adamawa","Gombi","exchange_rate_unofficial","2021-09-01","413.73","418.97","408.5","411","NGN"
"","Nigeria","Adamawa","Jimeta Grain","exchange_rate_unofficial","2021-09-01","413.73","418.97","408.5","411","NGN"
"","Nigeria","Adamawa","Madagali","exchange_rate_unofficial","2021-09-01","413.73","418.97","408.5","411","NGN"
"","Nigeria","Adamawa","Michika","exchange_rate_unofficial","2021-09-01","413.73","418.97","408.5","411","NGN"
"","Nigeria","Adamawa","Mubi","exchange_rate_unofficial","2021-09-01","413.73","418.97","408.5","411","NGN"
"","Nigeria","Adamawa","Mubi North","exchange_rate_unofficial","2021-09-01","413.73","418.97","408.5","411","NGN"
"","Nigeria","Adamawa","Ngalang","exchange_rate_unofficial","2021-09-01","413.73","418.97","408.5","411","NGN"
"","Nigeria","Borno","Abba Gamaram","exchange_rate_unofficial","2021-09-01","413.73","418.97","408.5","411","NGN"
"","Nigeria","Borno","Baga Road","exchange_rate_unofficial","2021-09-01","413.73","418.97","408.5","411","NGN"
"","Nigeria","Borno","Bama","exchange_rate_unofficial","2021-09-01","413.73","418.97","408.5","411","NGN"
"","Nigeria","Borno","Banki","exchange_rate_unofficial","2021-09-01","413.73","418.97","408.5","411","NGN"
"","Nigeria","Borno","Biu","exchange_rate_unofficial","2021-09-01","413.73","418.97","408.5","411","NGN"
"","Nigeria","Borno","Bolori Stores","exchange_rate_unofficial","2021-09-01","413.73","418.97","408.5","411","NGN"
"","Nigeria","Borno","Budum","exchange_rate_unofficial","2021-09-01","413.73","418.97","408.5","411","NGN"
"","Nigeria","Borno","Bullunkutu","exchange_rate_unofficial","2021-09-01","413.73","418.97","408.5","411","NGN"
"","Nigeria","Borno","Custom","exchange_rate_unofficial","2021-09-01","413.73","418.97","408.5","411","NGN"
"","Nigeria","Borno","Damassack (CBM)","exchange_rate_unofficial","2021-09-01","413.73","418.97","408.5","411","NGN"
"","Nigeria","Borno","Damboa","exchange_rate_unofficial","2021-09-01","413.73","418.97","408.5","411","NGN"
"","Nigeria","Borno","Dikwa Central","exchange_rate_unofficial","2021-09-01","413.73","418.97","408.5","411","NGN"
"","Nigeria","Borno","Gajiram","exchange_rate_unofficial","2021-09-01","413.73","418.97","408.5","411","NGN"
"","Nigeria","Borno","Gamboru","exchange_rate_unofficial","2021-09-01","413.73","418.97","408.5","411","NGN"
"","Nigeria","Borno","Gwoza Central","exchange_rate_unofficial","2021-09-01","413.73","418.97","408.5","411","NGN"
"","Nigeria","Borno","Kashuwan Shanu","exchange_rate_unofficial","2021-09-01","413.73","418.97","408.5","411","NGN"
"","Nigeria","Borno","Konduga","exchange_rate_unofficial","2021-09-01","413.73","418.97","408.5","411","NGN"
"","Nigeria","Borno","Kusawam Shanu","exchange_rate_unofficial","2021-09-01","413.73","418.97","408.5","411","NGN"
"","Nigeria","Borno","Mafa","exchange_rate_unofficial","2021-09-01","413.73","418.97","408.5","411","NGN"
"","Nigeria","Borno","Magumeri Central","exchange_rate_unofficial","2021-09-01","413.73","418.97","408.5","411","NGN"
"","Nigeria","Borno","Maiduguri","exchange_rate_unofficial","2021-09-01","413.73","418.97","408.5","411","NGN"
"","Nigeria","Borno","Monday","exchange_rate_unofficial","2021-09-01","413.73","418.97","408.5","411","NGN"
"","Nigeria","Borno","Monguno","exchange_rate_unofficial","2021-09-01","413.73","418.97","408.5","411","NGN"
"","Nigeria","Borno","Ngala","exchange_rate_unofficial","2021-09-01","413.73","418.97","408.5","411","NGN"
"","Nigeria","Borno","Pulka","exchange_rate_unofficial","2021-09-01","413.73","418.97","408.5","411","NGN"
"","Nigeria","Borno","Rann","exchange_rate_unofficial","2021-09-01","413.73","418.97","408.5","411","NGN"
"","Nigeria","Borno","Shani Main Market","exchange_rate_unofficial","2021-09-01","413.73","418.97","408.5","411","NGN"
"","Nigeria","Borno","Tashan Bama","exchange_rate_unofficial","2021-09-01","413.73","418.97","408.5","411","NGN"
"","Nigeria","Geopolitical Zone","North Central","exchange_rate_unofficial","2021-09-01","413.73","418.97","408.5","411","NGN"
"","Nigeria","Geopolitical Zone","North West","exchange_rate_unofficial","2021-09-01","413.73","418.97","408.5","411","NGN"
"","Nigeria","Geopolitical Zone","South East","exchange_rate_unofficial","2021-09-01","413.73","418.97","408.5","411","NGN"
"","Nigeria","Geopolitical Zone","South South","exchange_rate_unofficial","2021-09-01","413.73","418.97","408.5","411","NGN"
"","Nigeria","Geopolitical Zone","South West","exchange_rate_unofficial","2021-09-01","413.73","418.97","408.5","411","NGN"
"","Nigeria","Gombe","Gombe","exchange_rate_unofficial","2021-09-01","413.73","418.97","408.5","411","NGN"
"","Nigeria","Jigawa","Gujungu","exchange_rate_unofficial","2021-09-01","413.73","418.97","408.5","411","NGN"
"","Nigeria","Kaduna","Giwa","exchange_rate_unofficial","2021-09-01","413.73","418.97","408.5","411","NGN"
"","Nigeria","Kaduna","Saminaka","exchange_rate_unofficial","2021-09-01","413.73","418.97","408.5","411","NGN"
"","Nigeria","Kano","Dawanau","exchange_rate_unofficial","2021-09-01","413.73","418.97","408.5","411","NGN"
"","Nigeria","Kano State (1)","Kano","exchange_rate_unofficial","2021-09-01","413.73","418.97","408.5","411","NGN"
"","Nigeria","Katsina","Dandume","exchange_rate_unofficial","2021-09-01","413.73","418.97","408.5","411","NGN"
"","Nigeria","Katsina","Mai Adoua (CBM)","exchange_rate_unofficial","2021-09-01","413.73","418.97","408.5","411","NGN"
"","Nigeria","Kebbi","Gwandu","exchange_rate_unofficial","2021-09-01","413.73","418.97","408.5","411","NGN"
"","Nigeria","Lagos","Lagos","exchange_rate_unofficial","2021-09-01","413.73","418.97","408.5","411","NGN"
"","Nigeria","Market Average","Market Average","exchange_rate_unofficial","2021-09-01","413.73","418.97","408.5","411","NGN"
"","Nigeria","National Average","Abuja","exchange_rate_unofficial","2021-09-01","413.73","418.97","408.5","411","NGN"
"","Nigeria","Oyo","Ibadan","exchange_rate_unofficial","2021-09-01","413.73","418.97","408.5","411","NGN"
"","Nigeria","Sokoto","Illela (CBM)","exchange_rate_unofficial","2021-09-01","413.73","418.97","408.5","411","NGN"
"","Nigeria","Yobe","Bade (Gashua)","exchange_rate_unofficial","2021-09-01","413.73","418.97","408.5","411","NGN"
"","Nigeria","Yobe","Bayantasha","exchange_rate_unofficial","2021-09-01","413.73","418.97","408.5","411","NGN"
"","Nigeria","Yobe","Biriri","exchange_rate_unofficial","2021-09-01","413.73","418.97","408.5","411","NGN"
"","Nigeria","Yobe","Bursari","exchange_rate_unofficial","2021-09-01","413.73","418.97","408.5","411","NGN"
"","Nigeria","Yobe","Damagum","exchange_rate_unofficial","2021-09-01","413.73","418.97","408.5","411","NGN"
"","Nigeria","Yobe","Damaturu","exchange_rate_unofficial","2021-09-01","413.73","418.97","408.5","411","NGN"
"","Nigeria","Yobe","Damaturu (Sunday Market)","exchange_rate_unofficial","2021-09-01","413.73","418.97","408.5","411","NGN"
"","Nigeria","Yobe","Geidam","exchange_rate_unofficial","2021-09-01","413.73","418.97","408.5","411","NGN"
"","Nigeria","Yobe","Gujba (Buni Yadi)","exchange_rate_unofficial","2021-09-01","413.73","418.97","408.5","411","NGN"
"","Nigeria","Yobe","Gulani (Tettaba)","exchange_rate_unofficial","2021-09-01","413.73","418.97","408.5","411","NGN"
"","Nigeria","Yobe","Jakusko","exchange_rate_unofficial","2021-09-01","413.73","418.97","408.5","411","NGN"
"","Nigeria","Yobe","Machina Central","exchange_rate_unofficial","2021-09-01","413.73","418.97","408.5","411","NGN"
"","Nigeria","Yobe","Nangere","exchange_rate_unofficial","2021-09-01","413.73","418.97","408.5","411","NGN"
"","Nigeria","Yobe","Ngelzarma","exchange_rate_unofficial","2021-09-01","413.73","418.97","408.5","411","NGN"
"","Nigeria","Yobe","Nguru","exchange_rate_unofficial","2021-09-01","413.73","418.97","408.5","411","NGN"
"","Nigeria","Yobe","Potiskum","exchange_rate_unofficial","2021-09-01","413.73","418.97","408.5","411","NGN"
"","Nigeria","Yobe","Yunusari","exchange_rate_unofficial","2021-09-01","413.73","418.97","408.5","411","NGN"
"","Nigeria","Yobe","Yusufari","exchange_rate_unofficial","2021-09-01","413.73","418.97","408.5","411","NGN"
"","Nigeria","Zamfara","Kaura Namoda","exchange_rate_unofficial","2021-09-01","413.73","418.97","408.5","411","NGN"
"","Nigeria","Abia","Aba","exchange_rate_unofficial","2021-10-01","411.69","416.63","406.74","411.5","NGN"
"","Nigeria","Adamawa","Gombi","exchange_rate_unofficial","2021-10-01","411.69","416.63","406.74","411.5","NGN"
"","Nigeria","Adamawa","Jimeta Grain","exchange_rate_unofficial","2021-10-01","411.69","416.63","406.74","411.5","NGN"
"","Nigeria","Adamawa","Madagali","exchange_rate_unofficial","2021-10-01","411.69","416.63","406.74","411.5","NGN"
"","Nigeria","Adamawa","Michika","exchange_rate_unofficial","2021-10-01","411.69","416.63","406.74","411.5","NGN"
"","Nigeria","Adamawa","Mubi","exchange_rate_unofficial","2021-10-01","411.69","416.63","406.74","411.5","NGN"
"","Nigeria","Adamawa","Mubi North","exchange_rate_unofficial","2021-10-01","411.69","416.63","406.74","411.5","NGN"
"","Nigeria","Adamawa","Ngalang","exchange_rate_unofficial","2021-10-01","411.69","416.63","406.74","411.5","NGN"
"","Nigeria","Borno","Abba Gamaram","exchange_rate_unofficial","2021-10-01","411.69","416.63","406.74","411.5","NGN"
"","Nigeria","Borno","Baga Road","exchange_rate_unofficial","2021-10-01","411.69","416.63","406.74","411.5","NGN"
"","Nigeria","Borno","Bama","exchange_rate_unofficial","2021-10-01","411.69","416.63","406.74","411.5","NGN"
"","Nigeria","Borno","Banki","exchange_rate_unofficial","2021-10-01","411.69","416.63","406.74","411.5","NGN"
"","Nigeria","Borno","Biu","exchange_rate_unofficial","2021-10-01","411.69","416.63","406.74","411.5","NGN"
"","Nigeria","Borno","Bolori Stores","exchange_rate_unofficial","2021-10-01","411.69","416.63","406.74","411.5","NGN"
"","Nigeria","Borno","Budum","exchange_rate_unofficial","2021-10-01","411.69","416.63","406.74","411.5","NGN"
"","Nigeria","Borno","Bullunkutu","exchange_rate_unofficial","2021-10-01","411.69","416.63","406.74","411.5","NGN"
"","Nigeria","Borno","Custom","exchange_rate_unofficial","2021-10-01","411.69","416.63","406.74","411.5","NGN"
"","Nigeria","Borno","Damassack (CBM)","exchange_rate_unofficial","2021-10-01","411.69","416.63","406.74","411.5","NGN"
"","Nigeria","Borno","Damboa","exchange_rate_unofficial","2021-10-01","411.69","416.63","406.74","411.5","NGN"
"","Nigeria","Borno","Dikwa Central","exchange_rate_unofficial","2021-10-01","411.69","416.63","406.74","411.5","NGN"
"","Nigeria","Borno","Gajiram","exchange_rate_unofficial","2021-10-01","411.69","416.63","406.74","411.5","NGN"
"","Nigeria","Borno","Gamboru","exchange_rate_unofficial","2021-10-01","411.69","416.63","406.74","411.5","NGN"
"","Nigeria","Borno","Gwoza Central","exchange_rate_unofficial","2021-10-01","411.69","416.63","406.74","411.5","NGN"
"","Nigeria","Borno","Kashuwan Shanu","exchange_rate_unofficial","2021-10-01","411.69","416.63","406.74","411.5","NGN"
"","Nigeria","Borno","Konduga","exchange_rate_unofficial","2021-10-01","411.69","416.63","406.74","411.5","NGN"
"","Nigeria","Borno","Kusawam Shanu","exchange_rate_unofficial","2021-10-01","411.69","416.63","406.74","411.5","NGN"
"","Nigeria","Borno","Mafa","exchange_rate_unofficial","2021-10-01","411.69","416.63","406.74","411.5","NGN"
"","Nigeria","Borno","Magumeri Central","exchange_rate_unofficial","2021-10-01","411.69","416.63","406.74","411.5","NGN"
"","Nigeria","Borno","Maiduguri","exchange_rate_unofficial","2021-10-01","411.69","416.63","406.74","411.5","NGN"
"","Nigeria","Borno","Monday","exchange_rate_unofficial","2021-10-01","411.69","416.63","406.74","411.5","NGN"
"","Nigeria","Borno","Monguno","exchange_rate_unofficial","2021-10-01","411.69","416.63","406.74","411.5","NGN"
"","Nigeria","Borno","Ngala","exchange_rate_unofficial","2021-10-01","411.69","416.63","406.74","411.5","NGN"
"","Nigeria","Borno","Pulka","exchange_rate_unofficial","2021-10-01","411.69","416.63","406.74","411.5","NGN"
"","Nigeria","Borno","Rann","exchange_rate_unofficial","2021-10-01","411.69","416.63","406.74","411.5","NGN"
"","Nigeria","Borno","Shani Main Market","exchange_rate_unofficial","2021-10-01","411.69","416.63","406.74","411.5","NGN"
"","Nigeria","Borno","Tashan Bama","exchange_rate_unofficial","2021-10-01","411.69","416.63","406.74","411.5","NGN"
"","Nigeria","Geopolitical Zone","North Central","exchange_rate_unofficial","2021-10-01","411.69","416.63","406.74","411.5","NGN"
"","Nigeria","Geopolitical Zone","North West","exchange_rate_unofficial","2021-10-01","411.69","416.63","406.74","411.5","NGN"
"","Nigeria","Geopolitical Zone","South East","exchange_rate_unofficial","2021-10-01","411.69","416.63","406.74","411.5","NGN"
"","Nigeria","Geopolitical Zone","South South","exchange_rate_unofficial","2021-10-01","411.69","416.63","406.74","411.5","NGN"
"","Nigeria","Geopolitical Zone","South West","exchange_rate_unofficial","2021-10-01","411.69","416.63","406.74","411.5","NGN"
"","Nigeria","Gombe","Gombe","exchange_rate_unofficial","2021-10-01","411.69","416.63","406.74","411.5","NGN"
"","Nigeria","Jigawa","Gujungu","exchange_rate_unofficial","2021-10-01","411.69","416.63","406.74","411.5","NGN"
"","Nigeria","Kaduna","Giwa","exchange_rate_unofficial","2021-10-01","411.69","416.63","406.74","411.5","NGN"
"","Nigeria","Kaduna","Saminaka","exchange_rate_unofficial","2021-10-01","411.69","416.63","406.74","411.5","NGN"
"","Nigeria","Kano","Dawanau","exchange_rate_unofficial","2021-10-01","411.69","416.63","406.74","411.5","NGN"
"","Nigeria","Kano State (1)","Kano","exchange_rate_unofficial","2021-10-01","411.69","416.63","406.74","411.5","NGN"
"","Nigeria","Katsina","Dandume","exchange_rate_unofficial","2021-10-01","411.69","416.63","406.74","411.5","NGN"
"","Nigeria","Katsina","Mai Adoua (CBM)","exchange_rate_unofficial","2021-10-01","411.69","416.63","406.74","411.5","NGN"
"","Nigeria","Kebbi","Gwandu","exchange_rate_unofficial","2021-10-01","411.69","416.63","406.74","411.5","NGN"
"","Nigeria","Lagos","Lagos","exchange_rate_unofficial","2021-10-01","411.69","416.63","406.74","411.5","NGN"
"","Nigeria","Market Average","Market Average","exchange_rate_unofficial","2021-10-01","411.69","416.63","406.74","411.5","NGN"
"","Nigeria","National Average","Abuja","exchange_rate_unofficial","2021-10-01","411.69","416.63","406.74","411.5","NGN"
"","Nigeria","Oyo","Ibadan","exchange_rate_unofficial","2021-10-01","411.69","416.63","406.74","411.5","NGN"
"","Nigeria","Sokoto","Illela (CBM)","exchange_rate_unofficial","2021-10-01","411.69","416.63","406.74","411.5","NGN"
"","Nigeria","Yobe","Bade (Gashua)","exchange_rate_unofficial","2021-10-01","411.69","416.63","406.74","411.5","NGN"
"","Nigeria","Yobe","Bayantasha","exchange_rate_unofficial","2021-10-01","411.69","416.63","406.74","411.5","NGN"
"","Nigeria","Yobe","Biriri","exchange_rate_unofficial","2021-10-01","411.69","416.63","406.74","411.5","NGN"
"","Nigeria","Yobe","Bursari","exchange_rate_unofficial","2021-10-01","411.69","416.63","406.74","411.5","NGN"
"","Nigeria","Yobe","Damagum","exchange_rate_unofficial","2021-10-01","411.69","416.63","406.74","411.5","NGN"
"","Nigeria","Yobe","Damaturu","exchange_rate_unofficial","2021-10-01","411.69","416.63","406.74","411.5","NGN"
"","Nigeria","Yobe","Damaturu (Sunday Market)","exchange_rate_unofficial","2021-10-01","411.69","416.63","406.74","411.5","NGN"
"","Nigeria","Yobe","Geidam","exchange_rate_unofficial","2021-10-01","411.69","416.63","406.74","411.5","NGN"
"","Nigeria","Yobe","Gujba (Buni Yadi)","exchange_rate_unofficial","2021-10-01","411.69","416.63","406.74","411.5","NGN"
"","Nigeria","Yobe","Gulani (Tettaba)","exchange_rate_unofficial","2021-10-01","411.69","416.63","406.74","411.5","NGN"
"","Nigeria","Yobe","Jakusko","exchange_rate_unofficial","2021-10-01","411.69","416.63","406.74","411.5","NGN"
"","Nigeria","Yobe","Machina Central","exchange_rate_unofficial","2021-10-01","411.69","416.63","406.74","411.5","NGN"
"","Nigeria","Yobe","Nangere","exchange_rate_unofficial","2021-10-01","411.69","416.63","406.74","411.5","NGN"
"","Nigeria","Yobe","Ngelzarma","exchange_rate_unofficial","2021-10-01","411.69","416.63","406.74","411.5","NGN"
"","Nigeria","Yobe","Nguru","exchange_rate_unofficial","2021-10-01","411.69","416.63","406.74","411.5","NGN"
"","Nigeria","Yobe","Potiskum","exchange_rate_unofficial","2021-10-01","411.69","416.63","406.74","411.5","NGN"
"","Nigeria","Yobe","Yunusari","exchange_rate_unofficial","2021-10-01","411.69","416.63","406.74","411.5","NGN"
"","Nigeria","Yobe","Yusufari","exchange_rate_unofficial","2021-10-01","411.69","416.63","406.74","411.5","NGN"
"","Nigeria","Zamfara","Kaura Namoda","exchange_rate_unofficial","2021-10-01","411.69","416.63","406.74","411.5","NGN"
"","Nigeria","Abia","Aba","exchange_rate_unofficial","2021-11-01","414.37","419.03","409.7","411.74","NGN"
"","Nigeria","Adamawa","Gombi","exchange_rate_unofficial","2021-11-01","414.37","419.03","409.7","411.74","NGN"
"","Nigeria","Adamawa","Jimeta Grain","exchange_rate_unofficial","2021-11-01","414.37","419.03","409.7","411.74","NGN"
"","Nigeria","Adamawa","Madagali","exchange_rate_unofficial","2021-11-01","414.37","419.03","409.7","411.74","NGN"
"","Nigeria","Adamawa","Michika","exchange_rate_unofficial","2021-11-01","414.37","419.03","409.7","411.74","NGN"
"","Nigeria","Adamawa","Mubi","exchange_rate_unofficial","2021-11-01","414.37","419.03","409.7","411.74","NGN"
"","Nigeria","Adamawa","Mubi North","exchange_rate_unofficial","2021-11-01","414.37","419.03","409.7","411.74","NGN"
"","Nigeria","Adamawa","Ngalang","exchange_rate_unofficial","2021-11-01","414.37","419.03","409.7","411.74","NGN"
"","Nigeria","Borno","Abba Gamaram","exchange_rate_unofficial","2021-11-01","414.37","419.03","409.7","411.74","NGN"
"","Nigeria","Borno","Baga Road","exchange_rate_unofficial","2021-11-01","414.37","419.03","409.7","411.74","NGN"
"","Nigeria","Borno","Bama","exchange_rate_unofficial","2021-11-01","414.37","419.03","409.7","411.74","NGN"
"","Nigeria","Borno","Banki","exchange_rate_unofficial","2021-11-01","414.37","419.03","409.7","411.74","NGN"
"","Nigeria","Borno","Biu","exchange_rate_unofficial","2021-11-01","414.37","419.03","409.7","411.74","NGN"
"","Nigeria","Borno","Bolori Stores","exchange_rate_unofficial","2021-11-01","414.37","419.03","409.7","411.74","NGN"
"","Nigeria","Borno","Budum","exchange_rate_unofficial","2021-11-01","414.37","419.03","409.7","411.74","NGN"
"","Nigeria","Borno","Bullunkutu","exchange_rate_unofficial","2021-11-01","414.37","419.03","409.7","411.74","NGN"
"","Nigeria","Borno","Custom","exchange_rate_unofficial","2021-11-01","414.37","419.03","409.7","411.74","NGN"
"","Nigeria","Borno","Damassack (CBM)","exchange_rate_unofficial","2021-11-01","414.37","419.03","409.7","411.74","NGN"
"","Nigeria","Borno","Damboa","exchange_rate_unofficial","2021-11-01","414.37","419.03","409.7","411.74","NGN"
"","Nigeria","Borno","Dikwa Central","exchange_rate_unofficial","2021-11-01","414.37","419.03","409.7","411.74","NGN"
"","Nigeria","Borno","Gajiram","exchange_rate_unofficial","2021-11-01","414.37","419.03","409.7","411.74","NGN"
"","Nigeria","Borno","Gamboru","exchange_rate_unofficial","2021-11-01","414.37","419.03","409.7","411.74","NGN"
"","Nigeria","Borno","Gwoza Central","exchange_rate_unofficial","2021-11-01","414.37","419.03","409.7","411.74","NGN"
"","Nigeria","Borno","Kashuwan Shanu","exchange_rate_unofficial","2021-11-01","414.37","419.03","409.7","411.74","NGN"
"","Nigeria","Borno","Konduga","exchange_rate_unofficial","2021-11-01","414.37","419.03","409.7","411.74","NGN"
"","Nigeria","Borno","Kusawam Shanu","exchange_rate_unofficial","2021-11-01","414.37","419.03","409.7","411.74","NGN"
"","Nigeria","Borno","Mafa","exchange_rate_unofficial","2021-11-01","414.37","419.03","409.7","411.74","NGN"
"","Nigeria","Borno","Magumeri Central","exchange_rate_unofficial","2021-11-01","414.37","419.03","409.7","411.74","NGN"
"","Nigeria","Borno","Maiduguri","exchange_rate_unofficial","2021-11-01","414.37","419.03","409.7","411.74","NGN"
"","Nigeria","Borno","Monday","exchange_rate_unofficial","2021-11-01","414.37","419.03","409.7","411.74","NGN"
"","Nigeria","Borno","Monguno","exchange_rate_unofficial","2021-11-01","414.37","419.03","409.7","411.74","NGN"
"","Nigeria","Borno","Ngala","exchange_rate_unofficial","2021-11-01","414.37","419.03","409.7","411.74","NGN"
"","Nigeria","Borno","Pulka","exchange_rate_unofficial","2021-11-01","414.37","419.03","409.7","411.74","NGN"
"","Nigeria","Borno","Rann","exchange_rate_unofficial","2021-11-01","414.37","419.03","409.7","411.74","NGN"
"","Nigeria","Borno","Shani Main Market","exchange_rate_unofficial","2021-11-01","414.37","419.03","409.7","411.74","NGN"
"","Nigeria","Borno","Tashan Bama","exchange_rate_unofficial","2021-11-01","414.37","419.03","409.7","411.74","NGN"
"","Nigeria","Geopolitical Zone","North Central","exchange_rate_unofficial","2021-11-01","414.37","419.03","409.7","411.74","NGN"
"","Nigeria","Geopolitical Zone","North West","exchange_rate_unofficial","2021-11-01","414.37","419.03","409.7","411.74","NGN"
"","Nigeria","Geopolitical Zone","South East","exchange_rate_unofficial","2021-11-01","414.37","419.03","409.7","411.74","NGN"
"","Nigeria","Geopolitical Zone","South South","exchange_rate_unofficial","2021-11-01","414.37","419.03","409.7","411.74","NGN"
"","Nigeria","Geopolitical Zone","South West","exchange_rate_unofficial","2021-11-01","414.37","419.03","409.7","411.74","NGN"
"","Nigeria","Gombe","Gombe","exchange_rate_unofficial","2021-11-01","414.37","419.03","409.7","411.74","NGN"
"","Nigeria","Jigawa","Gujungu","exchange_rate_unofficial","2021-11-01","414.37","419.03","409.7","411.74","NGN"
"","Nigeria","Kaduna","Giwa","exchange_rate_unofficial","2021-11-01","414.37","419.03","409.7","411.74","NGN"
"","Nigeria","Kaduna","Saminaka","exchange_rate_unofficial","2021-11-01","414.37","419.03","409.7","411.74","NGN"
"","Nigeria","Kano","Dawanau","exchange_rate_unofficial","2021-11-01","414.37","419.03","409.7","411.74","NGN"
"","Nigeria","Kano State (1)","Kano","exchange_rate_unofficial","2021-11-01","414.37","419.03","409.7","411.74","NGN"
"","Nigeria","Katsina","Dandume","exchange_rate_unofficial","2021-11-01","414.37","419.03","409.7","411.74","NGN"
"","Nigeria","Katsina","Mai Adoua (CBM)","exchange_rate_unofficial","2021-11-01","414.37","419.03","409.7","411.74","NGN"
"","Nigeria","Kebbi","Gwandu","exchange_rate_unofficial","2021-11-01","414.37","419.03","409.7","411.74","NGN"
"","Nigeria","Lagos","Lagos","exchange_rate_unofficial","2021-11-01","414.37","419.03","409.7","411.74","NGN"
"","Nigeria","Market Average","Market Average","exchange_rate_unofficial","2021-11-01","414.37","419.03","409.7","411.74","NGN"
"","Nigeria","National Average","Abuja","exchange_rate_unofficial","2021-11-01","414.37","419.03","409.7","411.74","NGN"
"","Nigeria","Oyo","Ibadan","exchange_rate_unofficial","2021-11-01","414.37","419.03","409.7","411.74","NGN"
"","Nigeria","Sokoto","Illela (CBM)","exchange_rate_unofficial","2021-11-01","414.37","419.03","409.7","411.74","NGN"
"","Nigeria","Yobe","Bade (Gashua)","exchange_rate_unofficial","2021-11-01","414.37","419.03","409.7","411.74","NGN"
"","Nigeria","Yobe","Bayantasha","exchange_rate_unofficial","2021-11-01","414.37","419.03","409.7","411.74","NGN"
"","Nigeria","Yobe","Biriri","exchange_rate_unofficial","2021-11-01","414.37","419.03","409.7","411.74","NGN"
"","Nigeria","Yobe","Bursari","exchange_rate_unofficial","2021-11-01","414.37","419.03","409.7","411.74","NGN"
"","Nigeria","Yobe","Damagum","exchange_rate_unofficial","2021-11-01","414.37","419.03","409.7","411.74","NGN"
"","Nigeria","Yobe","Damaturu","exchange_rate_unofficial","2021-11-01","414.37","419.03","409.7","411.74","NGN"
"","Nigeria","Yobe","Damaturu (Sunday Market)","exchange_rate_unofficial","2021-11-01","414.37","419.03","409.7","411.74","NGN"
"","Nigeria","Yobe","Geidam","exchange_rate_unofficial","2021-11-01","414.37","419.03","409.7","411.74","NGN"
"","Nigeria","Yobe","Gujba (Buni Yadi)","exchange_rate_unofficial","2021-11-01","414.37","419.03","409.7","411.74","NGN"
"","Nigeria","Yobe","Gulani (Tettaba)","exchange_rate_unofficial","2021-11-01","414.37","419.03","409.7","411.74","NGN"
"","Nigeria","Yobe","Jakusko","exchange_rate_unofficial","2021-11-01","414.37","419.03","409.7","411.74","NGN"
"","Nigeria","Yobe","Machina Central","exchange_rate_unofficial","2021-11-01","414.37","419.03","409.7","411.74","NGN"
"","Nigeria","Yobe","Nangere","exchange_rate_unofficial","2021-11-01","414.37","419.03","409.7","411.74","NGN"
"","Nigeria","Yobe","Ngelzarma","exchange_rate_unofficial","2021-11-01","414.37","419.03","409.7","411.74","NGN"
"","Nigeria","Yobe","Nguru","exchange_rate_unofficial","2021-11-01","414.37","419.03","409.7","411.74","NGN"
"","Nigeria","Yobe","Potiskum","exchange_rate_unofficial","2021-11-01","414.37","419.03","409.7","411.74","NGN"
"","Nigeria","Yobe","Yunusari","exchange_rate_unofficial","2021-11-01","414.37","419.03","409.7","411.74","NGN"
"","Nigeria","Yobe","Yusufari","exchange_rate_unofficial","2021-11-01","414.37","419.03","409.7","411.74","NGN"
"","Nigeria","Zamfara","Kaura Namoda","exchange_rate_unofficial","2021-11-01","414.37","419.03","409.7","411.74","NGN"
"","Nigeria","Abia","Aba","exchange_rate_unofficial","2021-12-01","412.44","416.87","408","414.34","NGN"
"","Nigeria","Adamawa","Gombi","exchange_rate_unofficial","2021-12-01","412.44","416.87","408","414.34","NGN"
"","Nigeria","Adamawa","Jimeta Grain","exchange_rate_unofficial","2021-12-01","412.44","416.87","408","414.34","NGN"
"","Nigeria","Adamawa","Madagali","exchange_rate_unofficial","2021-12-01","412.44","416.87","408","414.34","NGN"
"","Nigeria","Adamawa","Michika","exchange_rate_unofficial","2021-12-01","412.44","416.87","408","414.34","NGN"
"","Nigeria","Adamawa","Mubi","exchange_rate_unofficial","2021-12-01","412.44","416.87","408","414.34","NGN"
"","Nigeria","Adamawa","Mubi North","exchange_rate_unofficial","2021-12-01","412.44","416.87","408","414.34","NGN"
"","Nigeria","Adamawa","Ngalang","exchange_rate_unofficial","2021-12-01","412.44","416.87","408","414.34","NGN"
"","Nigeria","Borno","Abba Gamaram","exchange_rate_unofficial","2021-12-01","412.44","416.87","408","414.34","NGN"
"","Nigeria","Borno","Baga Road","exchange_rate_unofficial","2021-12-01","412.44","416.87","408","414.34","NGN"
"","Nigeria","Borno","Bama","exchange_rate_unofficial","2021-12-01","412.44","416.87","408","414.34","NGN"
"","Nigeria","Borno","Banki","exchange_rate_unofficial","2021-12-01","412.44","416.87","408","414.34","NGN"
"","Nigeria","Borno","Biu","exchange_rate_unofficial","2021-12-01","412.44","416.87","408","414.34","NGN"
"","Nigeria","Borno","Bolori Stores","exchange_rate_unofficial","2021-12-01","412.44","416.87","408","414.34","NGN"
"","Nigeria","Borno","Budum","exchange_rate_unofficial","2021-12-01","412.44","416.87","408","414.34","NGN"
"","Nigeria","Borno","Bullunkutu","exchange_rate_unofficial","2021-12-01","412.44","416.87","408","414.34","NGN"
"","Nigeria","Borno","Custom","exchange_rate_unofficial","2021-12-01","412.44","416.87","408","414.34","NGN"
"","Nigeria","Borno","Damassack (CBM)","exchange_rate_unofficial","2021-12-01","412.44","416.87","408","414.34","NGN"
"","Nigeria","Borno","Damboa","exchange_rate_unofficial","2021-12-01","412.44","416.87","408","414.34","NGN"
"","Nigeria","Borno","Dikwa Central","exchange_rate_unofficial","2021-12-01","412.44","416.87","408","414.34","NGN"
"","Nigeria","Borno","Gajiram","exchange_rate_unofficial","2021-12-01","412.44","416.87","408","414.34","NGN"
"","Nigeria","Borno","Gamboru","exchange_rate_unofficial","2021-12-01","412.44","416.87","408","414.34","NGN"
"","Nigeria","Borno","Gwoza Central","exchange_rate_unofficial","2021-12-01","412.44","416.87","408","414.34","NGN"
"","Nigeria","Borno","Kashuwan Shanu","exchange_rate_unofficial","2021-12-01","412.44","416.87","408","414.34","NGN"
"","Nigeria","Borno","Konduga","exchange_rate_unofficial","2021-12-01","412.44","416.87","408","414.34","NGN"
"","Nigeria","Borno","Kusawam Shanu","exchange_rate_unofficial","2021-12-01","412.44","416.87","408","414.34","NGN"
"","Nigeria","Borno","Mafa","exchange_rate_unofficial","2021-12-01","412.44","416.87","408","414.34","NGN"
"","Nigeria","Borno","Magumeri Central","exchange_rate_unofficial","2021-12-01","412.44","416.87","408","414.34","NGN"
"","Nigeria","Borno","Maiduguri","exchange_rate_unofficial","2021-12-01","412.44","416.87","408","414.34","NGN"
"","Nigeria","Borno","Monday","exchange_rate_unofficial","2021-12-01","412.44","416.87","408","414.34","NGN"
"","Nigeria","Borno","Monguno","exchange_rate_unofficial","2021-12-01","412.44","416.87","408","414.34","NGN"
"","Nigeria","Borno","Ngala","exchange_rate_unofficial","2021-12-01","412.44","416.87","408","414.34","NGN"
"","Nigeria","Borno","Pulka","exchange_rate_unofficial","2021-12-01","412.44","416.87","408","414.34","NGN"
"","Nigeria","Borno","Rann","exchange_rate_unofficial","2021-12-01","412.44","416.87","408","414.34","NGN"
"","Nigeria","Borno","Shani Main Market","exchange_rate_unofficial","2021-12-01","412.44","416.87","408","414.34","NGN"
"","Nigeria","Borno","Tashan Bama","exchange_rate_unofficial","2021-12-01","412.44","416.87","408","414.34","NGN"
"","Nigeria","Geopolitical Zone","North Central","exchange_rate_unofficial","2021-12-01","412.44","416.87","408","414.34","NGN"
"","Nigeria","Geopolitical Zone","North West","exchange_rate_unofficial","2021-12-01","412.44","416.87","408","414.34","NGN"
"","Nigeria","Geopolitical Zone","South East","exchange_rate_unofficial","2021-12-01","412.44","416.87","408","414.34","NGN"
"","Nigeria","Geopolitical Zone","South South","exchange_rate_unofficial","2021-12-01","412.44","416.87","408","414.34","NGN"
"","Nigeria","Geopolitical Zone","South West","exchange_rate_unofficial","2021-12-01","412.44","416.87","408","414.34","NGN"
"","Nigeria","Gombe","Gombe","exchange_rate_unofficial","2021-12-01","412.44","416.87","408","414.34","NGN"
"","Nigeria","Jigawa","Gujungu","exchange_rate_unofficial","2021-12-01","412.44","416.87","408","414.34","NGN"
"","Nigeria","Kaduna","Giwa","exchange_rate_unofficial","2021-12-01","412.44","416.87","408","414.34","NGN"
"","Nigeria","Kaduna","Saminaka","exchange_rate_unofficial","2021-12-01","412.44","416.87","408","414.34","NGN"
"","Nigeria","Kano","Dawanau","exchange_rate_unofficial","2021-12-01","412.44","416.87","408","414.34","NGN"
"","Nigeria","Kano State (1)","Kano","exchange_rate_unofficial","2021-12-01","412.44","416.87","408","414.34","NGN"
"","Nigeria","Katsina","Dandume","exchange_rate_unofficial","2021-12-01","412.44","416.87","408","414.34","NGN"
"","Nigeria","Katsina","Mai Adoua (CBM)","exchange_rate_unofficial","2021-12-01","412.44","416.87","408","414.34","NGN"
"","Nigeria","Kebbi","Gwandu","exchange_rate_unofficial","2021-12-01","412.44","416.87","408","414.34","NGN"
"","Nigeria","Lagos","Lagos","exchange_rate_unofficial","2021-12-01","412.44","416.87","408","414.34","NGN"
"","Nigeria","Market Average","Market Average","exchange_rate_unofficial","2021-12-01","412.44","416.87","408","414.34","NGN"
"","Nigeria","National Average","Abuja","exchange_rate_unofficial","2021-12-01","412.44","416.87","408","414.34","NGN"
"","Nigeria","Oyo","Ibadan","exchange_rate_unofficial","2021-12-01","412.44","416.87","408","414.34","NGN"
"","Nigeria","Sokoto","Illela (CBM)","exchange_rate_unofficial","2021-12-01","412.44","416.87","408","414.34","NGN"
"","Nigeria","Yobe","Bade (Gashua)","exchange_rate_unofficial","2021-12-01","412.44","416.87","408","414.34","NGN"
"","Nigeria","Yobe","Bayantasha","exchange_rate_unofficial","2021-12-01","412.44","416.87","408","414.34","NGN"
"","Nigeria","Yobe","Biriri","exchange_rate_unofficial","2021-12-01","412.44","416.87","408","414.34","NGN"
"","Nigeria","Yobe","Bursari","exchange_rate_unofficial","2021-12-01","412.44","416.87","408","414.34","NGN"
"","Nigeria","Yobe","Damagum","exchange_rate_unofficial","2021-12-01","412.44","416.87","408","414.34","NGN"
"","Nigeria","Yobe","Damaturu","exchange_rate_unofficial","2021-12-01","412.44","416.87","408","414.34","NGN"
"","Nigeria","Yobe","Damaturu (Sunday Market)","exchange_rate_unofficial","2021-12-01","412.44","416.87","408","414.34","NGN"
"","Nigeria","Yobe","Geidam","exchange_rate_unofficial","2021-12-01","412.44","416.87","408","414.34","NGN"
"","Nigeria","Yobe","Gujba (Buni Yadi)","exchange_rate_unofficial","2021-12-01","412.44","416.87","408","414.34","NGN"
"","Nigeria","Yobe","Gulani (Tettaba)","exchange_rate_unofficial","2021-12-01","412.44","416.87","408","414.34","NGN"
"","Nigeria","Yobe","Jakusko","exchange_rate_unofficial","2021-12-01","412.44","416.87","408","414.34","NGN"
"","Nigeria","Yobe","Machina Central","exchange_rate_unofficial","2021-12-01","412.44","416.87","408","414.34","NGN"
"","Nigeria","Yobe","Nangere","exchange_rate_unofficial","2021-12-01","412.44","416.87","408","414.34","NGN"
"","Nigeria","Yobe","Ngelzarma","exchange_rate_unofficial","2021-12-01","412.44","416.87","408","414.34","NGN"
"","Nigeria","Yobe","Nguru","exchange_rate_unofficial","2021-12-01","412.44","416.87","408","414.34","NGN"
"","Nigeria","Yobe","Potiskum","exchange_rate_unofficial","2021-12-01","412.44","416.87","408","414.34","NGN"
"","Nigeria","Yobe","Yunusari","exchange_rate_unofficial","2021-12-01","412.44","416.87","408","414.34","NGN"
"","Nigeria","Yobe","Yusufari","exchange_rate_unofficial","2021-12-01","412.44","416.87","408","414.34","NGN"
"","Nigeria","Zamfara","Kaura Namoda","exchange_rate_unofficial","2021-12-01","412.44","416.87","408","414.34","NGN"
"","Nigeria","Abia","Aba","exchange_rate_unofficial","2022-01-01","417.9","422.14","413.66","415.96","NGN"
"","Nigeria","Adamawa","Gombi","exchange_rate_unofficial","2022-01-01","417.9","422.14","413.66","415.96","NGN"
"","Nigeria","Adamawa","Jimeta Grain","exchange_rate_unofficial","2022-01-01","417.9","422.14","413.66","415.96","NGN"
"","Nigeria","Adamawa","Madagali","exchange_rate_unofficial","2022-01-01","417.9","422.14","413.66","415.96","NGN"
"","Nigeria","Adamawa","Michika","exchange_rate_unofficial","2022-01-01","417.9","422.14","413.66","415.96","NGN"
"","Nigeria","Adamawa","Mubi","exchange_rate_unofficial","2022-01-01","417.9","422.14","413.66","415.96","NGN"
"","Nigeria","Adamawa","Mubi North","exchange_rate_unofficial","2022-01-01","417.9","422.14","413.66","415.96","NGN"
"","Nigeria","Adamawa","Ngalang","exchange_rate_unofficial","2022-01-01","417.9","422.14","413.66","415.96","NGN"
"","Nigeria","Borno","Abba Gamaram","exchange_rate_unofficial","2022-01-01","417.9","422.14","413.66","415.96","NGN"
"","Nigeria","Borno","Baga Road","exchange_rate_unofficial","2022-01-01","417.9","422.14","413.66","415.96","NGN"
"","Nigeria","Borno","Bama","exchange_rate_unofficial","2022-01-01","417.9","422.14","413.66","415.96","NGN"
"","Nigeria","Borno","Banki","exchange_rate_unofficial","2022-01-01","417.9","422.14","413.66","415.96","NGN"
"","Nigeria","Borno","Biu","exchange_rate_unofficial","2022-01-01","417.9","422.14","413.66","415.96","NGN"
"","Nigeria","Borno","Bolori Stores","exchange_rate_unofficial","2022-01-01","417.9","422.14","413.66","415.96","NGN"
"","Nigeria","Borno","Budum","exchange_rate_unofficial","2022-01-01","417.9","422.14","413.66","415.96","NGN"
"","Nigeria","Borno","Bullunkutu","exchange_rate_unofficial","2022-01-01","417.9","422.14","413.66","415.96","NGN"
"","Nigeria","Borno","Custom","exchange_rate_unofficial","2022-01-01","417.9","422.14","413.66","415.96","NGN"
"","Nigeria","Borno","Damassack (CBM)","exchange_rate_unofficial","2022-01-01","417.9","422.14","413.66","415.96","NGN"
"","Nigeria","Borno","Damboa","exchange_rate_unofficial","2022-01-01","417.9","422.14","413.66","415.96","NGN"
"","Nigeria","Borno","Dikwa Central","exchange_rate_unofficial","2022-01-01","417.9","422.14","413.66","415.96","NGN"
"","Nigeria","Borno","Gajiram","exchange_rate_unofficial","2022-01-01","417.9","422.14","413.66","415.96","NGN"
"","Nigeria","Borno","Gamboru","exchange_rate_unofficial","2022-01-01","417.9","422.14","413.66","415.96","NGN"
"","Nigeria","Borno","Gwoza Central","exchange_rate_unofficial","2022-01-01","417.9","422.14","413.66","415.96","NGN"
"","Nigeria","Borno","Kashuwan Shanu","exchange_rate_unofficial","2022-01-01","417.9","422.14","413.66","415.96","NGN"
"","Nigeria","Borno","Konduga","exchange_rate_unofficial","2022-01-01","417.9","422.14","413.66","415.96","NGN"
"","Nigeria","Borno","Kusawam Shanu","exchange_rate_unofficial","2022-01-01","417.9","422.14","413.66","415.96","NGN"
"","Nigeria","Borno","Mafa","exchange_rate_unofficial","2022-01-01","417.9","422.14","413.66","415.96","NGN"
"","Nigeria","Borno","Magumeri Central","exchange_rate_unofficial","2022-01-01","417.9","422.14","413.66","415.96","NGN"
"","Nigeria","Borno","Maiduguri","exchange_rate_unofficial","2022-01-01","417.9","422.14","413.66","415.96","NGN"
"","Nigeria","Borno","Monday","exchange_rate_unofficial","2022-01-01","417.9","422.14","413.66","415.96","NGN"
"","Nigeria","Borno","Monguno","exchange_rate_unofficial","2022-01-01","417.9","422.14","413.66","415.96","NGN"
"","Nigeria","Borno","Ngala","exchange_rate_unofficial","2022-01-01","417.9","422.14","413.66","415.96","NGN"
"","Nigeria","Borno","Pulka","exchange_rate_unofficial","2022-01-01","417.9","422.14","413.66","415.96","NGN"
"","Nigeria","Borno","Rann","exchange_rate_unofficial","2022-01-01","417.9","422.14","413.66","415.96","NGN"
"","Nigeria","Borno","Shani Main Market","exchange_rate_unofficial","2022-01-01","417.9","422.14","413.66","415.96","NGN"
"","Nigeria","Borno","Tashan Bama","exchange_rate_unofficial","2022-01-01","417.9","422.14","413.66","415.96","NGN"
"","Nigeria","Geopolitical Zone","North Central","exchange_rate_unofficial","2022-01-01","417.9","422.14","413.66","415.96","NGN"
"","Nigeria","Geopolitical Zone","North West","exchange_rate_unofficial","2022-01-01","417.9","422.14","413.66","415.96","NGN"
"","Nigeria","Geopolitical Zone","South East","exchange_rate_unofficial","2022-01-01","417.9","422.14","413.66","415.96","NGN"
"","Nigeria","Geopolitical Zone","South South","exchange_rate_unofficial","2022-01-01","417.9","422.14","413.66","415.96","NGN"
"","Nigeria","Geopolitical Zone","South West","exchange_rate_unofficial","2022-01-01","417.9","422.14","413.66","415.96","NGN"
"","Nigeria","Gombe","Gombe","exchange_rate_unofficial","2022-01-01","417.9","422.14","413.66","415.96","NGN"
"","Nigeria","Jigawa","Gujungu","exchange_rate_unofficial","2022-01-01","417.9","422.14","413.66","415.96","NGN"
"","Nigeria","Kaduna","Giwa","exchange_rate_unofficial","2022-01-01","417.9","422.14","413.66","415.96","NGN"
"","Nigeria","Kaduna","Saminaka","exchange_rate_unofficial","2022-01-01","417.9","422.14","413.66","415.96","NGN"
"","Nigeria","Kano","Dawanau","exchange_rate_unofficial","2022-01-01","417.9","422.14","413.66","415.96","NGN"
"","Nigeria","Kano State (1)","Kano","exchange_rate_unofficial","2022-01-01","417.9","422.14","413.66","415.96","NGN"
"","Nigeria","Katsina","Dandume","exchange_rate_unofficial","2022-01-01","417.9","422.14","413.66","415.96","NGN"
"","Nigeria","Katsina","Mai Adoua (CBM)","exchange_rate_unofficial","2022-01-01","417.9","422.14","413.66","415.96","NGN"
"","Nigeria","Kebbi","Gwandu","exchange_rate_unofficial","2022-01-01","417.9","422.14","413.66","415.96","NGN"
"","Nigeria","Lagos","Lagos","exchange_rate_unofficial","2022-01-01","417.9","422.14","413.66","415.96","NGN"
"","Nigeria","Market Average","Market Average","exchange_rate_unofficial","2022-01-01","417.9","422.14","413.66","415.96","NGN"
"","Nigeria","National Average","Abuja","exchange_rate_unofficial","2022-01-01","417.9","422.14","413.66","415.96","NGN"
"","Nigeria","Oyo","Ibadan","exchange_rate_unofficial","2022-01-01","417.9","422.14","413.66","415.96","NGN"
"","Nigeria","Sokoto","Illela (CBM)","exchange_rate_unofficial","2022-01-01","417.9","422.14","413.66","415.96","NGN"
"","Nigeria","Yobe","Bade (Gashua)","exchange_rate_unofficial","2022-01-01","417.9","422.14","413.66","415.96","NGN"
"","Nigeria","Yobe","Bayantasha","exchange_rate_unofficial","2022-01-01","417.9","422.14","413.66","415.96","NGN"
"","Nigeria","Yobe","Biriri","exchange_rate_unofficial","2022-01-01","417.9","422.14","413.66","415.96","NGN"
"","Nigeria","Yobe","Bursari","exchange_rate_unofficial","2022-01-01","417.9","422.14","413.66","415.96","NGN"
"","Nigeria","Yobe","Damagum","exchange_rate_unofficial","2022-01-01","417.9","422.14","413.66","415.96","NGN"
"","Nigeria","Yobe","Damaturu","exchange_rate_unofficial","2022-01-01","417.9","422.14","413.66","415.96","NGN"
"","Nigeria","Yobe","Damaturu (Sunday Market)","exchange_rate_unofficial","2022-01-01","417.9","422.14","413.66","415.96","NGN"
"","Nigeria","Yobe","Geidam","exchange_rate_unofficial","2022-01-01","417.9","422.14","413.66","415.96","NGN"
"","Nigeria","Yobe","Gujba (Buni Yadi)","exchange_rate_unofficial","2022-01-01","417.9","422.14","413.66","415.96","NGN"
"","Nigeria","Yobe","Gulani (Tettaba)","exchange_rate_unofficial","2022-01-01","417.9","422.14","413.66","415.96","NGN"
"","Nigeria","Yobe","Jakusko","exchange_rate_unofficial","2022-01-01","417.9","422.14","413.66","415.96","NGN"
"","Nigeria","Yobe","Machina Central","exchange_rate_unofficial","2022-01-01","417.9","422.14","413.66","415.96","NGN"
"","Nigeria","Yobe","Nangere","exchange_rate_unofficial","2022-01-01","417.9","422.14","413.66","415.96","NGN"
"","Nigeria","Yobe","Ngelzarma","exchange_rate_unofficial","2022-01-01","417.9","422.14","413.66","415.96","NGN"
"","Nigeria","Yobe","Nguru","exchange_rate_unofficial","2022-01-01","417.9","422.14","413.66","415.96","NGN"
"","Nigeria","Yobe","Potiskum","exchange_rate_unofficial","2022-01-01","417.9","422.14","413.66","415.96","NGN"
"","Nigeria","Yobe","Yunusari","exchange_rate_unofficial","2022-01-01","417.9","422.14","413.66","415.96","NGN"
"","Nigeria","Yobe","Yusufari","exchange_rate_unofficial","2022-01-01","417.9","422.14","413.66","415.96","NGN"
"","Nigeria","Zamfara","Kaura Namoda","exchange_rate_unofficial","2022-01-01","417.9","422.14","413.66","415.96","NGN"
"","Nigeria","Abia","Aba","exchange_rate_unofficial","2022-02-01","416.87","420.93","412.81","416.95","NGN"
"","Nigeria","Adamawa","Gombi","exchange_rate_unofficial","2022-02-01","416.87","420.93","412.81","416.95","NGN"
"","Nigeria","Adamawa","Jimeta Grain","exchange_rate_unofficial","2022-02-01","416.87","420.93","412.81","416.95","NGN"
"","Nigeria","Adamawa","Madagali","exchange_rate_unofficial","2022-02-01","416.87","420.93","412.81","416.95","NGN"
"","Nigeria","Adamawa","Michika","exchange_rate_unofficial","2022-02-01","416.87","420.93","412.81","416.95","NGN"
"","Nigeria","Adamawa","Mubi","exchange_rate_unofficial","2022-02-01","416.87","420.93","412.81","416.95","NGN"
"","Nigeria","Adamawa","Mubi North","exchange_rate_unofficial","2022-02-01","416.87","420.93","412.81","416.95","NGN"
"","Nigeria","Adamawa","Ngalang","exchange_rate_unofficial","2022-02-01","416.87","420.93","412.81","416.95","NGN"
"","Nigeria","Borno","Abba Gamaram","exchange_rate_unofficial","2022-02-01","416.87","420.93","412.81","416.95","NGN"
"","Nigeria","Borno","Baga Road","exchange_rate_unofficial","2022-02-01","416.87","420.93","412.81","416.95","NGN"
"","Nigeria","Borno","Bama","exchange_rate_unofficial","2022-02-01","416.87","420.93","412.81","416.95","NGN"
"","Nigeria","Borno","Banki","exchange_rate_unofficial","2022-02-01","416.87","420.93","412.81","416.95","NGN"
"","Nigeria","Borno","Biu","exchange_rate_unofficial","2022-02-01","416.87","420.93","412.81","416.95","NGN"
"","Nigeria","Borno","Bolori Stores","exchange_rate_unofficial","2022-02-01","416.87","420.93","412.81","416.95","NGN"
"","Nigeria","Borno","Budum","exchange_rate_unofficial","2022-02-01","416.87","420.93","412.81","416.95","NGN"
"","Nigeria","Borno","Bullunkutu","exchange_rate_unofficial","2022-02-01","416.87","420.93","412.81","416.95","NGN"
"","Nigeria","Borno","Custom","exchange_rate_unofficial","2022-02-01","416.87","420.93","412.81","416.95","NGN"
"","Nigeria","Borno","Damassack (CBM)","exchange_rate_unofficial","2022-02-01","416.87","420.93","412.81","416.95","NGN"
"","Nigeria","Borno","Damboa","exchange_rate_unofficial","2022-02-01","416.87","420.93","412.81","416.95","NGN"
"","Nigeria","Borno","Dikwa Central","exchange_rate_unofficial","2022-02-01","416.87","420.93","412.81","416.95","NGN"
"","Nigeria","Borno","Gajiram","exchange_rate_unofficial","2022-02-01","416.87","420.93","412.81","416.95","NGN"
"","Nigeria","Borno","Gamboru","exchange_rate_unofficial","2022-02-01","416.87","420.93","412.81","416.95","NGN"
"","Nigeria","Borno","Gwoza Central","exchange_rate_unofficial","2022-02-01","416.87","420.93","412.81","416.95","NGN"
"","Nigeria","Borno","Kashuwan Shanu","exchange_rate_unofficial","2022-02-01","416.87","420.93","412.81","416.95","NGN"
"","Nigeria","Borno","Konduga","exchange_rate_unofficial","2022-02-01","416.87","420.93","412.81","416.95","NGN"
"","Nigeria","Borno","Kusawam Shanu","exchange_rate_unofficial","2022-02-01","416.87","420.93","412.81","416.95","NGN"
"","Nigeria","Borno","Mafa","exchange_rate_unofficial","2022-02-01","416.87","420.93","412.81","416.95","NGN"
"","Nigeria","Borno","Magumeri Central","exchange_rate_unofficial","2022-02-01","416.87","420.93","412.81","416.95","NGN"
"","Nigeria","Borno","Maiduguri","exchange_rate_unofficial","2022-02-01","416.87","420.93","412.81","416.95","NGN"
"","Nigeria","Borno","Monday","exchange_rate_unofficial","2022-02-01","416.87","420.93","412.81","416.95","NGN"
"","Nigeria","Borno","Monguno","exchange_rate_unofficial","2022-02-01","416.87","420.93","412.81","416.95","NGN"
"","Nigeria","Borno","Ngala","exchange_rate_unofficial","2022-02-01","416.87","420.93","412.81","416.95","NGN"
"","Nigeria","Borno","Pulka","exchange_rate_unofficial","2022-02-01","416.87","420.93","412.81","416.95","NGN"
"","Nigeria","Borno","Rann","exchange_rate_unofficial","2022-02-01","416.87","420.93","412.81","416.95","NGN"
"","Nigeria","Borno","Shani Main Market","exchange_rate_unofficial","2022-02-01","416.87","420.93","412.81","416.95","NGN"
"","Nigeria","Borno","Tashan Bama","exchange_rate_unofficial","2022-02-01","416.87","420.93","412.81","416.95","NGN"
"","Nigeria","Geopolitical Zone","North Central","exchange_rate_unofficial","2022-02-01","416.87","420.93","412.81","416.95","NGN"
"","Nigeria","Geopolitical Zone","North West","exchange_rate_unofficial","2022-02-01","416.87","420.93","412.81","416.95","NGN"
"","Nigeria","Geopolitical Zone","South East","exchange_rate_unofficial","2022-02-01","416.87","420.93","412.81","416.95","NGN"
"","Nigeria","Geopolitical Zone","South South","exchange_rate_unofficial","2022-02-01","416.87","420.93","412.81","416.95","NGN"
"","Nigeria","Geopolitical Zone","South West","exchange_rate_unofficial","2022-02-01","416.87","420.93","412.81","416.95","NGN"
"","Nigeria","Gombe","Gombe","exchange_rate_unofficial","2022-02-01","416.87","420.93","412.81","416.95","NGN"
"","Nigeria","Jigawa","Gujungu","exchange_rate_unofficial","2022-02-01","416.87","420.93","412.81","416.95","NGN"
"","Nigeria","Kaduna","Giwa","exchange_rate_unofficial","2022-02-01","416.87","420.93","412.81","416.95","NGN"
"","Nigeria","Kaduna","Saminaka","exchange_rate_unofficial","2022-02-01","416.87","420.93","412.81","416.95","NGN"
"","Nigeria","Kano","Dawanau","exchange_rate_unofficial","2022-02-01","416.87","420.93","412.81","416.95","NGN"
"","Nigeria","Kano State (1)","Kano","exchange_rate_unofficial","2022-02-01","416.87","420.93","412.81","416.95","NGN"
"","Nigeria","Katsina","Dandume","exchange_rate_unofficial","2022-02-01","416.87","420.93","412.81","416.95","NGN"
"","Nigeria","Katsina","Mai Adoua (CBM)","exchange_rate_unofficial","2022-02-01","416.87","420.93","412.81","416.95","NGN"
"","Nigeria","Kebbi","Gwandu","exchange_rate_unofficial","2022-02-01","416.87","420.93","412.81","416.95","NGN"
"","Nigeria","Lagos","Lagos","exchange_rate_unofficial","2022-02-01","416.87","420.93","412.81","416.95","NGN"
"","Nigeria","Market Average","Market Average","exchange_rate_unofficial","2022-02-01","416.87","420.93","412.81","416.95","NGN"
"","Nigeria","National Average","Abuja","exchange_rate_unofficial","2022-02-01","416.87","420.93","412.81","416.95","NGN"
"","Nigeria","Oyo","Ibadan","exchange_rate_unofficial","2022-02-01","416.87","420.93","412.81","416.95","NGN"
"","Nigeria","Sokoto","Illela (CBM)","exchange_rate_unofficial","2022-02-01","416.87","420.93","412.81","416.95","NGN"
"","Nigeria","Yobe","Bade (Gashua)","exchange_rate_unofficial","2022-02-01","416.87","420.93","412.81","416.95","NGN"
"","Nigeria","Yobe","Bayantasha","exchange_rate_unofficial","2022-02-01","416.87","420.93","412.81","416.95","NGN"
"","Nigeria","Yobe","Biriri","exchange_rate_unofficial","2022-02-01","416.87","420.93","412.81","416.95","NGN"
"","Nigeria","Yobe","Bursari","exchange_rate_unofficial","2022-02-01","416.87","420.93","412.81","416.95","NGN"
"","Nigeria","Yobe","Damagum","exchange_rate_unofficial","2022-02-01","416.87","420.93","412.81","416.95","NGN"
"","Nigeria","Yobe","Damaturu","exchange_rate_unofficial","2022-02-01","416.87","420.93","412.81","416.95","NGN"
"","Nigeria","Yobe","Damaturu (Sunday Market)","exchange_rate_unofficial","2022-02-01","416.87","420.93","412.81","416.95","NGN"
"","Nigeria","Yobe","Geidam","exchange_rate_unofficial","2022-02-01","416.87","420.93","412.81","416.95","NGN"
"","Nigeria","Yobe","Gujba (Buni Yadi)","exchange_rate_unofficial","2022-02-01","416.87","420.93","412.81","416.95","NGN"
"","Nigeria","Yobe","Gulani (Tettaba)","exchange_rate_unofficial","2022-02-01","416.87","420.93","412.81","416.95","NGN"
"","Nigeria","Yobe","Jakusko","exchange_rate_unofficial","2022-02-01","416.87","420.93","412.81","416.95","NGN"
"","Nigeria","Yobe","Machina Central","exchange_rate_unofficial","2022-02-01","416.87","420.93","412.81","416.95","NGN"
"","Nigeria","Yobe","Nangere","exchange_rate_unofficial","2022-02-01","416.87","420.93","412.81","416.95","NGN"
"","Nigeria","Yobe","Ngelzarma","exchange_rate_unofficial","2022-02-01","416.87","420.93","412.81","416.95","NGN"
"","Nigeria","Yobe","Nguru","exchange_rate_unofficial","2022-02-01","416.87","420.93","412.81","416.95","NGN"
"","Nigeria","Yobe","Potiskum","exchange_rate_unofficial","2022-02-01","416.87","420.93","412.81","416.95","NGN"
"","Nigeria","Yobe","Yunusari","exchange_rate_unofficial","2022-02-01","416.87","420.93","412.81","416.95","NGN"
"","Nigeria","Yobe","Yusufari","exchange_rate_unofficial","2022-02-01","416.87","420.93","412.81","416.95","NGN"
"","Nigeria","Zamfara","Kaura Namoda","exchange_rate_unofficial","2022-02-01","416.87","420.93","412.81","416.95","NGN"
"","Nigeria","Abia","Aba","exchange_rate_unofficial","2022-03-01","419.96","423.83","415.72","415.72","NGN"
"","Nigeria","Adamawa","Gombi","exchange_rate_unofficial","2022-03-01","419.96","423.83","415.72","415.72","NGN"
"","Nigeria","Adamawa","Jimeta Grain","exchange_rate_unofficial","2022-03-01","419.96","423.83","415.72","415.72","NGN"
"","Nigeria","Adamawa","Madagali","exchange_rate_unofficial","2022-03-01","419.96","423.83","415.72","415.72","NGN"
"","Nigeria","Adamawa","Michika","exchange_rate_unofficial","2022-03-01","419.96","423.83","415.72","415.72","NGN"
"","Nigeria","Adamawa","Mubi","exchange_rate_unofficial","2022-03-01","419.96","423.83","415.72","415.72","NGN"
"","Nigeria","Adamawa","Mubi North","exchange_rate_unofficial","2022-03-01","419.96","423.83","415.72","415.72","NGN"
"","Nigeria","Adamawa","Ngalang","exchange_rate_unofficial","2022-03-01","419.96","423.83","415.72","415.72","NGN"
"","Nigeria","Borno","Abba Gamaram","exchange_rate_unofficial","2022-03-01","419.96","423.83","415.72","415.72","NGN"
"","Nigeria","Borno","Baga Road","exchange_rate_unofficial","2022-03-01","419.96","423.83","415.72","415.72","NGN"
"","Nigeria","Borno","Bama","exchange_rate_unofficial","2022-03-01","419.96","423.83","415.72","415.72","NGN"
"","Nigeria","Borno","Banki","exchange_rate_unofficial","2022-03-01","419.96","423.83","415.72","415.72","NGN"
"","Nigeria","Borno","Biu","exchange_rate_unofficial","2022-03-01","419.96","423.83","415.72","415.72","NGN"
"","Nigeria","Borno","Bolori Stores","exchange_rate_unofficial","2022-03-01","419.96","423.83","415.72","415.72","NGN"
"","Nigeria","Borno","Budum","exchange_rate_unofficial","2022-03-01","419.96","423.83","415.72","415.72","NGN"
"","Nigeria","Borno","Bullunkutu","exchange_rate_unofficial","2022-03-01","419.96","423.83","415.72","415.72","NGN"
"","Nigeria","Borno","Custom","exchange_rate_unofficial","2022-03-01","419.96","423.83","415.72","415.72","NGN"
"","Nigeria","Borno","Damassack (CBM)","exchange_rate_unofficial","2022-03-01","419.96","423.83","415.72","415.72","NGN"
"","Nigeria","Borno","Damboa","exchange_rate_unofficial","2022-03-01","419.96","423.83","415.72","415.72","NGN"
"","Nigeria","Borno","Dikwa Central","exchange_rate_unofficial","2022-03-01","419.96","423.83","415.72","415.72","NGN"
"","Nigeria","Borno","Gajiram","exchange_rate_unofficial","2022-03-01","419.96","423.83","415.72","415.72","NGN"
"","Nigeria","Borno","Gamboru","exchange_rate_unofficial","2022-03-01","419.96","423.83","415.72","415.72","NGN"
"","Nigeria","Borno","Gwoza Central","exchange_rate_unofficial","2022-03-01","419.96","423.83","415.72","415.72","NGN"
"","Nigeria","Borno","Kashuwan Shanu","exchange_rate_unofficial","2022-03-01","419.96","423.83","415.72","415.72","NGN"
"","Nigeria","Borno","Konduga","exchange_rate_unofficial","2022-03-01","419.96","423.83","415.72","415.72","NGN"
"","Nigeria","Borno","Kusawam Shanu","exchange_rate_unofficial","2022-03-01","419.96","423.83","415.72","415.72","NGN"
"","Nigeria","Borno","Mafa","exchange_rate_unofficial","2022-03-01","419.96","423.83","415.72","415.72","NGN"
"","Nigeria","Borno","Magumeri Central","exchange_rate_unofficial","2022-03-01","419.96","423.83","415.72","415.72","NGN"
"","Nigeria","Borno","Maiduguri","exchange_rate_unofficial","2022-03-01","419.96","423.83","415.72","415.72","NGN"
"","Nigeria","Borno","Monday","exchange_rate_unofficial","2022-03-01","419.96","423.83","415.72","415.72","NGN"
"","Nigeria","Borno","Monguno","exchange_rate_unofficial","2022-03-01","419.96","423.83","415.72","415.72","NGN"
"","Nigeria","Borno","Ngala","exchange_rate_unofficial","2022-03-01","419.96","423.83","415.72","415.72","NGN"
"","Nigeria","Borno","Pulka","exchange_rate_unofficial","2022-03-01","419.96","423.83","415.72","415.72","NGN"
"","Nigeria","Borno","Rann","exchange_rate_unofficial","2022-03-01","419.96","423.83","415.72","415.72","NGN"
"","Nigeria","Borno","Shani Main Market","exchange_rate_unofficial","2022-03-01","419.96","423.83","415.72","415.72","NGN"
"","Nigeria","Borno","Tashan Bama","exchange_rate_unofficial","2022-03-01","419.96","423.83","415.72","415.72","NGN"
"","Nigeria","Geopolitical Zone","North Central","exchange_rate_unofficial","2022-03-01","419.96","423.83","415.72","415.72","NGN"
"","Nigeria","Geopolitical Zone","North West","exchange_rate_unofficial","2022-03-01","419.96","423.83","415.72","415.72","NGN"
"","Nigeria","Geopolitical Zone","South East","exchange_rate_unofficial","2022-03-01","419.96","423.83","415.72","415.72","NGN"
"","Nigeria","Geopolitical Zone","South South","exchange_rate_unofficial","2022-03-01","419.96","423.83","415.72","415.72","NGN"
"","Nigeria","Geopolitical Zone","South West","exchange_rate_unofficial","2022-03-01","419.96","423.83","415.72","415.72","NGN"
"","Nigeria","Gombe","Gombe","exchange_rate_unofficial","2022-03-01","419.96","423.83","415.72","415.72","NGN"
"","Nigeria","Jigawa","Gujungu","exchange_rate_unofficial","2022-03-01","419.96","423.83","415.72","415.72","NGN"
"","Nigeria","Kaduna","Giwa","exchange_rate_unofficial","2022-03-01","419.96","423.83","415.72","415.72","NGN"
"","Nigeria","Kaduna","Saminaka","exchange_rate_unofficial","2022-03-01","419.96","423.83","415.72","415.72","NGN"
"","Nigeria","Kano","Dawanau","exchange_rate_unofficial","2022-03-01","419.96","423.83","415.72","415.72","NGN"
"","Nigeria","Kano State (1)","Kano","exchange_rate_unofficial","2022-03-01","419.96","423.83","415.72","415.72","NGN"
"","Nigeria","Katsina","Dandume","exchange_rate_unofficial","2022-03-01","419.96","423.83","415.72","415.72","NGN"
"","Nigeria","Katsina","Mai Adoua (CBM)","exchange_rate_unofficial","2022-03-01","419.96","423.83","415.72","415.72","NGN"
"","Nigeria","Kebbi","Gwandu","exchange_rate_unofficial","2022-03-01","419.96","423.83","415.72","415.72","NGN"
"","Nigeria","Lagos","Lagos","exchange_rate_unofficial","2022-03-01","419.96","423.83","415.72","415.72","NGN"
"","Nigeria","Market Average","Market Average","exchange_rate_unofficial","2022-03-01","419.96","423.83","415.72","415.72","NGN"
"","Nigeria","National Average","Abuja","exchange_rate_unofficial","2022-03-01","419.96","423.83","415.72","415.72","NGN"
"","Nigeria","Oyo","Ibadan","exchange_rate_unofficial","2022-03-01","419.96","423.83","415.72","415.72","NGN"
"","Nigeria","Sokoto","Illela (CBM)","exchange_rate_unofficial","2022-03-01","419.96","423.83","415.72","415.72","NGN"
"","Nigeria","Yobe","Bade (Gashua)","exchange_rate_unofficial","2022-03-01","419.96","423.83","415.72","415.72","NGN"
"","Nigeria","Yobe","Bayantasha","exchange_rate_unofficial","2022-03-01","419.96","423.83","415.72","415.72","NGN"
"","Nigeria","Yobe","Biriri","exchange_rate_unofficial","2022-03-01","419.96","423.83","415.72","415.72","NGN"
"","Nigeria","Yobe","Bursari","exchange_rate_unofficial","2022-03-01","419.96","423.83","415.72","415.72","NGN"
"","Nigeria","Yobe","Damagum","exchange_rate_unofficial","2022-03-01","419.96","423.83","415.72","415.72","NGN"
"","Nigeria","Yobe","Damaturu","exchange_rate_unofficial","2022-03-01","419.96","423.83","415.72","415.72","NGN"
"","Nigeria","Yobe","Damaturu (Sunday Market)","exchange_rate_unofficial","2022-03-01","419.96","423.83","415.72","415.72","NGN"
"","Nigeria","Yobe","Geidam","exchange_rate_unofficial","2022-03-01","419.96","423.83","415.72","415.72","NGN"
"","Nigeria","Yobe","Gujba (Buni Yadi)","exchange_rate_unofficial","2022-03-01","419.96","423.83","415.72","415.72","NGN"
"","Nigeria","Yobe","Gulani (Tettaba)","exchange_rate_unofficial","2022-03-01","419.96","423.83","415.72","415.72","NGN"
"","Nigeria","Yobe","Jakusko","exchange_rate_unofficial","2022-03-01","419.96","423.83","415.72","415.72","NGN"
"","Nigeria","Yobe","Machina Central","exchange_rate_unofficial","2022-03-01","419.96","423.83","415.72","415.72","NGN"
"","Nigeria","Yobe","Nangere","exchange_rate_unofficial","2022-03-01","419.96","423.83","415.72","415.72","NGN"
"","Nigeria","Yobe","Ngelzarma","exchange_rate_unofficial","2022-03-01","419.96","423.83","415.72","415.72","NGN"
"","Nigeria","Yobe","Nguru","exchange_rate_unofficial","2022-03-01","419.96","423.83","415.72","415.72","NGN"
"","Nigeria","Yobe","Potiskum","exchange_rate_unofficial","2022-03-01","419.96","423.83","415.72","415.72","NGN"
"","Nigeria","Yobe","Yunusari","exchange_rate_unofficial","2022-03-01","419.96","423.83","415.72","415.72","NGN"
"","Nigeria","Yobe","Yusufari","exchange_rate_unofficial","2022-03-01","419.96","423.83","415.72","415.72","NGN"
"","Nigeria","Zamfara","Kaura Namoda","exchange_rate_unofficial","2022-03-01","419.96","423.83","415.72","415.72","NGN"
"","Nigeria","Abia","Aba","exchange_rate_unofficial","2022-04-01","415.9","419.67","412.14","415.53","NGN"
"","Nigeria","Adamawa","Gombi","exchange_rate_unofficial","2022-04-01","415.9","419.67","412.14","415.53","NGN"
"","Nigeria","Adamawa","Jimeta Grain","exchange_rate_unofficial","2022-04-01","415.9","419.67","412.14","415.53","NGN"
"","Nigeria","Adamawa","Madagali","exchange_rate_unofficial","2022-04-01","415.9","419.67","412.14","415.53","NGN"
"","Nigeria","Adamawa","Michika","exchange_rate_unofficial","2022-04-01","415.9","419.67","412.14","415.53","NGN"
"","Nigeria","Adamawa","Mubi","exchange_rate_unofficial","2022-04-01","415.9","419.67","412.14","415.53","NGN"
"","Nigeria","Adamawa","Mubi North","exchange_rate_unofficial","2022-04-01","415.9","419.67","412.14","415.53","NGN"
"","Nigeria","Adamawa","Ngalang","exchange_rate_unofficial","2022-04-01","415.9","419.67","412.14","415.53","NGN"
"","Nigeria","Borno","Abba Gamaram","exchange_rate_unofficial","2022-04-01","415.9","419.67","412.14","415.53","NGN"
"","Nigeria","Borno","Baga Road","exchange_rate_unofficial","2022-04-01","415.9","419.67","412.14","415.53","NGN"
"","Nigeria","Borno","Bama","exchange_rate_unofficial","2022-04-01","415.9","419.67","412.14","415.53","NGN"
"","Nigeria","Borno","Banki","exchange_rate_unofficial","2022-04-01","415.9","419.67","412.14","415.53","NGN"
"","Nigeria","Borno","Biu","exchange_rate_unofficial","2022-04-01","415.9","419.67","412.14","415.53","NGN"
"","Nigeria","Borno","Bolori Stores","exchange_rate_unofficial","2022-04-01","415.9","419.67","412.14","415.53","NGN"
"","Nigeria","Borno","Budum","exchange_rate_unofficial","2022-04-01","415.9","419.67","412.14","415.53","NGN"
"","Nigeria","Borno","Bullunkutu","exchange_rate_unofficial","2022-04-01","415.9","419.67","412.14","415.53","NGN"
"","Nigeria","Borno","Custom","exchange_rate_unofficial","2022-04-01","415.9","419.67","412.14","415.53","NGN"
"","Nigeria","Borno","Damassack (CBM)","exchange_rate_unofficial","2022-04-01","415.9","419.67","412.14","415.53","NGN"
"","Nigeria","Borno","Damboa","exchange_rate_unofficial","2022-04-01","415.9","419.67","412.14","415.53","NGN"
"","Nigeria","Borno","Dikwa Central","exchange_rate_unofficial","2022-04-01","415.9","419.67","412.14","415.53","NGN"
"","Nigeria","Borno","Gajiram","exchange_rate_unofficial","2022-04-01","415.9","419.67","412.14","415.53","NGN"
"","Nigeria","Borno","Gamboru","exchange_rate_unofficial","2022-04-01","415.9","419.67","412.14","415.53","NGN"
"","Nigeria","Borno","Gwoza Central","exchange_rate_unofficial","2022-04-01","415.9","419.67","412.14","415.53","NGN"
"","Nigeria","Borno","Kashuwan Shanu","exchange_rate_unofficial","2022-04-01","415.9","419.67","412.14","415.53","NGN"
"","Nigeria","Borno","Konduga","exchange_rate_unofficial","2022-04-01","415.9","419.67","412.14","415.53","NGN"
"","Nigeria","Borno","Kusawam Shanu","exchange_rate_unofficial","2022-04-01","415.9","419.67","412.14","415.53","NGN"
"","Nigeria","Borno","Mafa","exchange_rate_unofficial","2022-04-01","415.9","419.67","412.14","415.53","NGN"
"","Nigeria","Borno","Magumeri Central","exchange_rate_unofficial","2022-04-01","415.9","419.67","412.14","415.53","NGN"
"","Nigeria","Borno","Maiduguri","exchange_rate_unofficial","2022-04-01","415.9","419.67","412.14","415.53","NGN"
"","Nigeria","Borno","Monday","exchange_rate_unofficial","2022-04-01","415.9","419.67","412.14","415.53","NGN"
"","Nigeria","Borno","Monguno","exchange_rate_unofficial","2022-04-01","415.9","419.67","412.14","415.53","NGN"
"","Nigeria","Borno","Ngala","exchange_rate_unofficial","2022-04-01","415.9","419.67","412.14","415.53","NGN"
"","Nigeria","Borno","Pulka","exchange_rate_unofficial","2022-04-01","415.9","419.67","412.14","415.53","NGN"
"","Nigeria","Borno","Rann","exchange_rate_unofficial","2022-04-01","415.9","419.67","412.14","415.53","NGN"
"","Nigeria","Borno","Shani Main Market","exchange_rate_unofficial","2022-04-01","415.9","419.67","412.14","415.53","NGN"
"","Nigeria","Borno","Tashan Bama","exchange_rate_unofficial","2022-04-01","415.9","419.67","412.14","415.53","NGN"
"","Nigeria","Geopolitical Zone","North Central","exchange_rate_unofficial","2022-04-01","415.9","419.67","412.14","415.53","NGN"
"","Nigeria","Geopolitical Zone","North West","exchange_rate_unofficial","2022-04-01","415.9","419.67","412.14","415.53","NGN"
"","Nigeria","Geopolitical Zone","South East","exchange_rate_unofficial","2022-04-01","415.9","419.67","412.14","415.53","NGN"
"","Nigeria","Geopolitical Zone","South South","exchange_rate_unofficial","2022-04-01","415.9","419.67","412.14","415.53","NGN"
"","Nigeria","Geopolitical Zone","South West","exchange_rate_unofficial","2022-04-01","415.9","419.67","412.14","415.53","NGN"
"","Nigeria","Gombe","Gombe","exchange_rate_unofficial","2022-04-01","415.9","419.67","412.14","415.53","NGN"
"","Nigeria","Jigawa","Gujungu","exchange_rate_unofficial","2022-04-01","415.9","419.67","412.14","415.53","NGN"
"","Nigeria","Kaduna","Giwa","exchange_rate_unofficial","2022-04-01","415.9","419.67","412.14","415.53","NGN"
"","Nigeria","Kaduna","Saminaka","exchange_rate_unofficial","2022-04-01","415.9","419.67","412.14","415.53","NGN"
"","Nigeria","Kano","Dawanau","exchange_rate_unofficial","2022-04-01","415.9","419.67","412.14","415.53","NGN"
"","Nigeria","Kano State (1)","Kano","exchange_rate_unofficial","2022-04-01","415.9","419.67","412.14","415.53","NGN"
"","Nigeria","Katsina","Dandume","exchange_rate_unofficial","2022-04-01","415.9","419.67","412.14","415.53","NGN"
"","Nigeria","Katsina","Mai Adoua (CBM)","exchange_rate_unofficial","2022-04-01","415.9","419.67","412.14","415.53","NGN"
"","Nigeria","Kebbi","Gwandu","exchange_rate_unofficial","2022-04-01","415.9","419.67","412.14","415.53","NGN"
"","Nigeria","Lagos","Lagos","exchange_rate_unofficial","2022-04-01","415.9","419.67","412.14","415.53","NGN"
"","Nigeria","Market Average","Market Average","exchange_rate_unofficial","2022-04-01","415.9","419.67","412.14","415.53","NGN"
"","Nigeria","National Average","Abuja","exchange_rate_unofficial","2022-04-01","415.9","419.67","412.14","415.53","NGN"
"","Nigeria","Oyo","Ibadan","exchange_rate_unofficial","2022-04-01","415.9","419.67","412.14","415.53","NGN"
"","Nigeria","Sokoto","Illela (CBM)","exchange_rate_unofficial","2022-04-01","415.9","419.67","412.14","415.53","NGN"
"","Nigeria","Yobe","Bade (Gashua)","exchange_rate_unofficial","2022-04-01","415.9","419.67","412.14","415.53","NGN"
"","Nigeria","Yobe","Bayantasha","exchange_rate_unofficial","2022-04-01","415.9","419.67","412.14","415.53","NGN"
"","Nigeria","Yobe","Biriri","exchange_rate_unofficial","2022-04-01","415.9","419.67","412.14","415.53","NGN"
"","Nigeria","Yobe","Bursari","exchange_rate_unofficial","2022-04-01","415.9","419.67","412.14","415.53","NGN"
"","Nigeria","Yobe","Damagum","exchange_rate_unofficial","2022-04-01","415.9","419.67","412.14","415.53","NGN"
"","Nigeria","Yobe","Damaturu","exchange_rate_unofficial","2022-04-01","415.9","419.67","412.14","415.53","NGN"
"","Nigeria","Yobe","Damaturu (Sunday Market)","exchange_rate_unofficial","2022-04-01","415.9","419.67","412.14","415.53","NGN"
"","Nigeria","Yobe","Geidam","exchange_rate_unofficial","2022-04-01","415.9","419.67","412.14","415.53","NGN"
"","Nigeria","Yobe","Gujba (Buni Yadi)","exchange_rate_unofficial","2022-04-01","415.9","419.67","412.14","415.53","NGN"
"","Nigeria","Yobe","Gulani (Tettaba)","exchange_rate_unofficial","2022-04-01","415.9","419.67","412.14","415.53","NGN"
"","Nigeria","Yobe","Jakusko","exchange_rate_unofficial","2022-04-01","415.9","419.67","412.14","415.53","NGN"
"","Nigeria","Yobe","Machina Central","exchange_rate_unofficial","2022-04-01","415.9","419.67","412.14","415.53","NGN"
"","Nigeria","Yobe","Nangere","exchange_rate_unofficial","2022-04-01","415.9","419.67","412.14","415.53","NGN"
"","Nigeria","Yobe","Ngelzarma","exchange_rate_unofficial","2022-04-01","415.9","419.67","412.14","415.53","NGN"
"","Nigeria","Yobe","Nguru","exchange_rate_unofficial","2022-04-01","415.9","419.67","412.14","415.53","NGN"
"","Nigeria","Yobe","Potiskum","exchange_rate_unofficial","2022-04-01","415.9","419.67","412.14","415.53","NGN"
"","Nigeria","Yobe","Yunusari","exchange_rate_unofficial","2022-04-01","415.9","419.67","412.14","415.53","NGN"
"","Nigeria","Yobe","Yusufari","exchange_rate_unofficial","2022-04-01","415.9","419.67","412.14","415.53","NGN"
"","Nigeria","Zamfara","Kaura Namoda","exchange_rate_unofficial","2022-04-01","415.9","419.67","412.14","415.53","NGN"
"","Nigeria","Abia","Aba","exchange_rate_unofficial","2022-05-01","418.4","422","414.8","415.95","NGN"
"","Nigeria","Adamawa","Gombi","exchange_rate_unofficial","2022-05-01","418.4","422","414.8","415.95","NGN"
"","Nigeria","Adamawa","Jimeta Grain","exchange_rate_unofficial","2022-05-01","418.4","422","414.8","415.95","NGN"
"","Nigeria","Adamawa","Madagali","exchange_rate_unofficial","2022-05-01","418.4","422","414.8","415.95","NGN"
"","Nigeria","Adamawa","Michika","exchange_rate_unofficial","2022-05-01","418.4","422","414.8","415.95","NGN"
"","Nigeria","Adamawa","Mubi","exchange_rate_unofficial","2022-05-01","418.4","422","414.8","415.95","NGN"
"","Nigeria","Adamawa","Mubi North","exchange_rate_unofficial","2022-05-01","418.4","422","414.8","415.95","NGN"
"","Nigeria","Adamawa","Ngalang","exchange_rate_unofficial","2022-05-01","418.4","422","414.8","415.95","NGN"
"","Nigeria","Borno","Abba Gamaram","exchange_rate_unofficial","2022-05-01","418.4","422","414.8","415.95","NGN"
"","Nigeria","Borno","Baga Road","exchange_rate_unofficial","2022-05-01","418.4","422","414.8","415.95","NGN"
"","Nigeria","Borno","Bama","exchange_rate_unofficial","2022-05-01","418.4","422","414.8","415.95","NGN"
"","Nigeria","Borno","Banki","exchange_rate_unofficial","2022-05-01","418.4","422","414.8","415.95","NGN"
"","Nigeria","Borno","Biu","exchange_rate_unofficial","2022-05-01","418.4","422","414.8","415.95","NGN"
"","Nigeria","Borno","Bolori Stores","exchange_rate_unofficial","2022-05-01","418.4","422","414.8","415.95","NGN"
"","Nigeria","Borno","Budum","exchange_rate_unofficial","2022-05-01","418.4","422","414.8","415.95","NGN"
"","Nigeria","Borno","Bullunkutu","exchange_rate_unofficial","2022-05-01","418.4","422","414.8","415.95","NGN"
"","Nigeria","Borno","Custom","exchange_rate_unofficial","2022-05-01","418.4","422","414.8","415.95","NGN"
"","Nigeria","Borno","Damassack (CBM)","exchange_rate_unofficial","2022-05-01","418.4","422","414.8","415.95","NGN"
"","Nigeria","Borno","Damboa","exchange_rate_unofficial","2022-05-01","418.4","422","414.8","415.95","NGN"
"","Nigeria","Borno","Dikwa Central","exchange_rate_unofficial","2022-05-01","418.4","422","414.8","415.95","NGN"
"","Nigeria","Borno","Gajiram","exchange_rate_unofficial","2022-05-01","418.4","422","414.8","415.95","NGN"
"","Nigeria","Borno","Gamboru","exchange_rate_unofficial","2022-05-01","418.4","422","414.8","415.95","NGN"
"","Nigeria","Borno","Gwoza Central","exchange_rate_unofficial","2022-05-01","418.4","422","414.8","415.95","NGN"
"","Nigeria","Borno","Kashuwan Shanu","exchange_rate_unofficial","2022-05-01","418.4","422","414.8","415.95","NGN"
"","Nigeria","Borno","Konduga","exchange_rate_unofficial","2022-05-01","418.4","422","414.8","415.95","NGN"
"","Nigeria","Borno","Kusawam Shanu","exchange_rate_unofficial","2022-05-01","418.4","422","414.8","415.95","NGN"
"","Nigeria","Borno","Mafa","exchange_rate_unofficial","2022-05-01","418.4","422","414.8","415.95","NGN"
"","Nigeria","Borno","Magumeri Central","exchange_rate_unofficial","2022-05-01","418.4","422","414.8","415.95","NGN"
"","Nigeria","Borno","Maiduguri","exchange_rate_unofficial","2022-05-01","418.4","422","414.8","415.95","NGN"
"","Nigeria","Borno","Monday","exchange_rate_unofficial","2022-05-01","418.4","422","414.8","415.95","NGN"
"","Nigeria","Borno","Monguno","exchange_rate_unofficial","2022-05-01","418.4","422","414.8","415.95","NGN"
"","Nigeria","Borno","Ngala","exchange_rate_unofficial","2022-05-01","418.4","422","414.8","415.95","NGN"
"","Nigeria","Borno","Pulka","exchange_rate_unofficial","2022-05-01","418.4","422","414.8","415.95","NGN"
"","Nigeria","Borno","Rann","exchange_rate_unofficial","2022-05-01","418.4","422","414.8","415.95","NGN"
"","Nigeria","Borno","Shani Main Market","exchange_rate_unofficial","2022-05-01","418.4","422","414.8","415.95","NGN"
"","Nigeria","Borno","Tashan Bama","exchange_rate_unofficial","2022-05-01","418.4","422","414.8","415.95","NGN"
"","Nigeria","Geopolitical Zone","North Central","exchange_rate_unofficial","2022-05-01","418.4","422","414.8","415.95","NGN"
"","Nigeria","Geopolitical Zone","North West","exchange_rate_unofficial","2022-05-01","418.4","422","414.8","415.95","NGN"
"","Nigeria","Geopolitical Zone","South East","exchange_rate_unofficial","2022-05-01","418.4","422","414.8","415.95","NGN"
"","Nigeria","Geopolitical Zone","South South","exchange_rate_unofficial","2022-05-01","418.4","422","414.8","415.95","NGN"
"","Nigeria","Geopolitical Zone","South West","exchange_rate_unofficial","2022-05-01","418.4","422","414.8","415.95","NGN"
"","Nigeria","Gombe","Gombe","exchange_rate_unofficial","2022-05-01","418.4","422","414.8","415.95","NGN"
"","Nigeria","Jigawa","Gujungu","exchange_rate_unofficial","2022-05-01","418.4","422","414.8","415.95","NGN"
"","Nigeria","Kaduna","Giwa","exchange_rate_unofficial","2022-05-01","418.4","422","414.8","415.95","NGN"
"","Nigeria","Kaduna","Saminaka","exchange_rate_unofficial","2022-05-01","418.4","422","414.8","415.95","NGN"
"","Nigeria","Kano","Dawanau","exchange_rate_unofficial","2022-05-01","418.4","422","414.8","415.95","NGN"
"","Nigeria","Kano State (1)","Kano","exchange_rate_unofficial","2022-05-01","418.4","422","414.8","415.95","NGN"
"","Nigeria","Katsina","Dandume","exchange_rate_unofficial","2022-05-01","418.4","422","414.8","415.95","NGN"
"","Nigeria","Katsina","Mai Adoua (CBM)","exchange_rate_unofficial","2022-05-01","418.4","422","414.8","415.95","NGN"
"","Nigeria","Kebbi","Gwandu","exchange_rate_unofficial","2022-05-01","418.4","422","414.8","415.95","NGN"
"","Nigeria","Lagos","Lagos","exchange_rate_unofficial","2022-05-01","418.4","422","414.8","415.95","NGN"
"","Nigeria","Market Average","Market Average","exchange_rate_unofficial","2022-05-01","418.4","422","414.8","415.95","NGN"
"","Nigeria","National Average","Abuja","exchange_rate_unofficial","2022-05-01","418.4","422","414.8","415.95","NGN"
"","Nigeria","Oyo","Ibadan","exchange_rate_unofficial","2022-05-01","418.4","422","414.8","415.95","NGN"
"","Nigeria","Sokoto","Illela (CBM)","exchange_rate_unofficial","2022-05-01","418.4","422","414.8","415.95","NGN"
"","Nigeria","Yobe","Bade (Gashua)","exchange_rate_unofficial","2022-05-01","418.4","422","414.8","415.95","NGN"
"","Nigeria","Yobe","Bayantasha","exchange_rate_unofficial","2022-05-01","418.4","422","414.8","415.95","NGN"
"","Nigeria","Yobe","Biriri","exchange_rate_unofficial","2022-05-01","418.4","422","414.8","415.95","NGN"
"","Nigeria","Yobe","Bursari","exchange_rate_unofficial","2022-05-01","418.4","422","414.8","415.95","NGN"
"","Nigeria","Yobe","Damagum","exchange_rate_unofficial","2022-05-01","418.4","422","414.8","415.95","NGN"
"","Nigeria","Yobe","Damaturu","exchange_rate_unofficial","2022-05-01","418.4","422","414.8","415.95","NGN"
"","Nigeria","Yobe","Damaturu (Sunday Market)","exchange_rate_unofficial","2022-05-01","418.4","422","414.8","415.95","NGN"
"","Nigeria","Yobe","Geidam","exchange_rate_unofficial","2022-05-01","418.4","422","414.8","415.95","NGN"
"","Nigeria","Yobe","Gujba (Buni Yadi)","exchange_rate_unofficial","2022-05-01","418.4","422","414.8","415.95","NGN"
"","Nigeria","Yobe","Gulani (Tettaba)","exchange_rate_unofficial","2022-05-01","418.4","422","414.8","415.95","NGN"
"","Nigeria","Yobe","Jakusko","exchange_rate_unofficial","2022-05-01","418.4","422","414.8","415.95","NGN"
"","Nigeria","Yobe","Machina Central","exchange_rate_unofficial","2022-05-01","418.4","422","414.8","415.95","NGN"
"","Nigeria","Yobe","Nangere","exchange_rate_unofficial","2022-05-01","418.4","422","414.8","415.95","NGN"
"","Nigeria","Yobe","Ngelzarma","exchange_rate_unofficial","2022-05-01","418.4","422","414.8","415.95","NGN"
"","Nigeria","Yobe","Nguru","exchange_rate_unofficial","2022-05-01","418.4","422","414.8","415.95","NGN"
"","Nigeria","Yobe","Potiskum","exchange_rate_unofficial","2022-05-01","418.4","422","414.8","415.95","NGN"
"","Nigeria","Yobe","Yunusari","exchange_rate_unofficial","2022-05-01","418.4","422","414.8","415.95","NGN"
"","Nigeria","Yobe","Yusufari","exchange_rate_unofficial","2022-05-01","418.4","422","414.8","415.95","NGN"
"","Nigeria","Zamfara","Kaura Namoda","exchange_rate_unofficial","2022-05-01","418.4","422","414.8","415.95","NGN"
"","Nigeria","Abia","Aba","exchange_rate_unofficial","2022-06-01","416.69","420.18","413.2","415.61","NGN"
"","Nigeria","Adamawa","Gombi","exchange_rate_unofficial","2022-06-01","416.69","420.18","413.2","415.61","NGN"
"","Nigeria","Adamawa","Jimeta Grain","exchange_rate_unofficial","2022-06-01","416.69","420.18","413.2","415.61","NGN"
"","Nigeria","Adamawa","Madagali","exchange_rate_unofficial","2022-06-01","416.69","420.18","413.2","415.61","NGN"
"","Nigeria","Adamawa","Michika","exchange_rate_unofficial","2022-06-01","416.69","420.18","413.2","415.61","NGN"
"","Nigeria","Adamawa","Mubi","exchange_rate_unofficial","2022-06-01","416.69","420.18","413.2","415.61","NGN"
"","Nigeria","Adamawa","Mubi North","exchange_rate_unofficial","2022-06-01","416.69","420.18","413.2","415.61","NGN"
"","Nigeria","Adamawa","Ngalang","exchange_rate_unofficial","2022-06-01","416.69","420.18","413.2","415.61","NGN"
"","Nigeria","Borno","Abba Gamaram","exchange_rate_unofficial","2022-06-01","416.69","420.18","413.2","415.61","NGN"
"","Nigeria","Borno","Baga Road","exchange_rate_unofficial","2022-06-01","416.69","420.18","413.2","415.61","NGN"
"","Nigeria","Borno","Bama","exchange_rate_unofficial","2022-06-01","416.69","420.18","413.2","415.61","NGN"
"","Nigeria","Borno","Banki","exchange_rate_unofficial","2022-06-01","416.69","420.18","413.2","415.61","NGN"
"","Nigeria","Borno","Biu","exchange_rate_unofficial","2022-06-01","416.69","420.18","413.2","415.61","NGN"
"","Nigeria","Borno","Bolori Stores","exchange_rate_unofficial","2022-06-01","416.69","420.18","413.2","415.61","NGN"
"","Nigeria","Borno","Budum","exchange_rate_unofficial","2022-06-01","416.69","420.18","413.2","415.61","NGN"
"","Nigeria","Borno","Bullunkutu","exchange_rate_unofficial","2022-06-01","416.69","420.18","413.2","415.61","NGN"
"","Nigeria","Borno","Custom","exchange_rate_unofficial","2022-06-01","416.69","420.18","413.2","415.61","NGN"
"","Nigeria","Borno","Damassack (CBM)","exchange_rate_unofficial","2022-06-01","416.69","420.18","413.2","415.61","NGN"
"","Nigeria","Borno","Damboa","exchange_rate_unofficial","2022-06-01","416.69","420.18","413.2","415.61","NGN"
"","Nigeria","Borno","Dikwa Central","exchange_rate_unofficial","2022-06-01","416.69","420.18","413.2","415.61","NGN"
"","Nigeria","Borno","Gajiram","exchange_rate_unofficial","2022-06-01","416.69","420.18","413.2","415.61","NGN"
"","Nigeria","Borno","Gamboru","exchange_rate_unofficial","2022-06-01","416.69","420.18","413.2","415.61","NGN"
"","Nigeria","Borno","Gwoza Central","exchange_rate_unofficial","2022-06-01","416.69","420.18","413.2","415.61","NGN"
"","Nigeria","Borno","Kashuwan Shanu","exchange_rate_unofficial","2022-06-01","416.69","420.18","413.2","415.61","NGN"
"","Nigeria","Borno","Konduga","exchange_rate_unofficial","2022-06-01","416.69","420.18","413.2","415.61","NGN"
"","Nigeria","Borno","Kusawam Shanu","exchange_rate_unofficial","2022-06-01","416.69","420.18","413.2","415.61","NGN"
"","Nigeria","Borno","Mafa","exchange_rate_unofficial","2022-06-01","416.69","420.18","413.2","415.61","NGN"
"","Nigeria","Borno","Magumeri Central","exchange_rate_unofficial","2022-06-01","416.69","420.18","413.2","415.61","NGN"
"","Nigeria","Borno","Maiduguri","exchange_rate_unofficial","2022-06-01","416.69","420.18","413.2","415.61","NGN"
"","Nigeria","Borno","Monday","exchange_rate_unofficial","2022-06-01","416.69","420.18","413.2","415.61","NGN"
"","Nigeria","Borno","Monguno","exchange_rate_unofficial","2022-06-01","416.69","420.18","413.2","415.61","NGN"
"","Nigeria","Borno","Ngala","exchange_rate_unofficial","2022-06-01","416.69","420.18","413.2","415.61","NGN"
"","Nigeria","Borno","Pulka","exchange_rate_unofficial","2022-06-01","416.69","420.18","413.2","415.61","NGN"
"","Nigeria","Borno","Rann","exchange_rate_unofficial","2022-06-01","416.69","420.18","413.2","415.61","NGN"
"","Nigeria","Borno","Shani Main Market","exchange_rate_unofficial","2022-06-01","416.69","420.18","413.2","415.61","NGN"
"","Nigeria","Borno","Tashan Bama","exchange_rate_unofficial","2022-06-01","416.69","420.18","413.2","415.61","NGN"
"","Nigeria","Geopolitical Zone","North Central","exchange_rate_unofficial","2022-06-01","416.69","420.18","413.2","415.61","NGN"
"","Nigeria","Geopolitical Zone","North West","exchange_rate_unofficial","2022-06-01","416.69","420.18","413.2","415.61","NGN"
"","Nigeria","Geopolitical Zone","South East","exchange_rate_unofficial","2022-06-01","416.69","420.18","413.2","415.61","NGN"
"","Nigeria","Geopolitical Zone","South South","exchange_rate_unofficial","2022-06-01","416.69","420.18","413.2","415.61","NGN"
"","Nigeria","Geopolitical Zone","South West","exchange_rate_unofficial","2022-06-01","416.69","420.18","413.2","415.61","NGN"
"","Nigeria","Gombe","Gombe","exchange_rate_unofficial","2022-06-01","416.69","420.18","413.2","415.61","NGN"
"","Nigeria","Jigawa","Gujungu","exchange_rate_unofficial","2022-06-01","416.69","420.18","413.2","415.61","NGN"
"","Nigeria","Kaduna","Giwa","exchange_rate_unofficial","2022-06-01","416.69","420.18","413.2","415.61","NGN"
"","Nigeria","Kaduna","Saminaka","exchange_rate_unofficial","2022-06-01","416.69","420.18","413.2","415.61","NGN"
"","Nigeria","Kano","Dawanau","exchange_rate_unofficial","2022-06-01","416.69","420.18","413.2","415.61","NGN"
"","Nigeria","Kano State (1)","Kano","exchange_rate_unofficial","2022-06-01","416.69","420.18","413.2","415.61","NGN"
"","Nigeria","Katsina","Dandume","exchange_rate_unofficial","2022-06-01","416.69","420.18","413.2","415.61","NGN"
"","Nigeria","Katsina","Mai Adoua (CBM)","exchange_rate_unofficial","2022-06-01","416.69","420.18","413.2","415.61","NGN"
"","Nigeria","Kebbi","Gwandu","exchange_rate_unofficial","2022-06-01","416.69","420.18","413.2","415.61","NGN"
"","Nigeria","Lagos","Lagos","exchange_rate_unofficial","2022-06-01","416.69","420.18","413.2","415.61","NGN"
"","Nigeria","Market Average","Market Average","exchange_rate_unofficial","2022-06-01","416.69","420.18","413.2","415.61","NGN"
"","Nigeria","National Average","Abuja","exchange_rate_unofficial","2022-06-01","416.69","420.18","413.2","415.61","NGN"
"","Nigeria","Oyo","Ibadan","exchange_rate_unofficial","2022-06-01","416.69","420.18","413.2","415.61","NGN"
"","Nigeria","Sokoto","Illela (CBM)","exchange_rate_unofficial","2022-06-01","416.69","420.18","413.2","415.61","NGN"
"","Nigeria","Yobe","Bade (Gashua)","exchange_rate_unofficial","2022-06-01","416.69","420.18","413.2","415.61","NGN"
"","Nigeria","Yobe","Bayantasha","exchange_rate_unofficial","2022-06-01","416.69","420.18","413.2","415.61","NGN"
"","Nigeria","Yobe","Biriri","exchange_rate_unofficial","2022-06-01","416.69","420.18","413.2","415.61","NGN"
"","Nigeria","Yobe","Bursari","exchange_rate_unofficial","2022-06-01","416.69","420.18","413.2","415.61","NGN"
"","Nigeria","Yobe","Damagum","exchange_rate_unofficial","2022-06-01","416.69","420.18","413.2","415.61","NGN"
"","Nigeria","Yobe","Damaturu","exchange_rate_unofficial","2022-06-01","416.69","420.18","413.2","415.61","NGN"
"","Nigeria","Yobe","Damaturu (Sunday Market)","exchange_rate_unofficial","2022-06-01","416.69","420.18","413.2","415.61","NGN"
"","Nigeria","Yobe","Geidam","exchange_rate_unofficial","2022-06-01","416.69","420.18","413.2","415.61","NGN"
"","Nigeria","Yobe","Gujba (Buni Yadi)","exchange_rate_unofficial","2022-06-01","416.69","420.18","413.2","415.61","NGN"
"","Nigeria","Yobe","Gulani (Tettaba)","exchange_rate_unofficial","2022-06-01","416.69","420.18","413.2","415.61","NGN"
"","Nigeria","Yobe","Jakusko","exchange_rate_unofficial","2022-06-01","416.69","420.18","413.2","415.61","NGN"
"","Nigeria","Yobe","Machina Central","exchange_rate_unofficial","2022-06-01","416.69","420.18","413.2","415.61","NGN"
"","Nigeria","Yobe","Nangere","exchange_rate_unofficial","2022-06-01","416.69","420.18","413.2","415.61","NGN"
"","Nigeria","Yobe","Ngelzarma","exchange_rate_unofficial","2022-06-01","416.69","420.18","413.2","415.61","NGN"
"","Nigeria","Yobe","Nguru","exchange_rate_unofficial","2022-06-01","416.69","420.18","413.2","415.61","NGN"
"","Nigeria","Yobe","Potiskum","exchange_rate_unofficial","2022-06-01","416.69","420.18","413.2","415.61","NGN"
"","Nigeria","Yobe","Yunusari","exchange_rate_unofficial","2022-06-01","416.69","420.18","413.2","415.61","NGN"
"","Nigeria","Yobe","Yusufari","exchange_rate_unofficial","2022-06-01","416.69","420.18","413.2","415.61","NGN"
"","Nigeria","Zamfara","Kaura Namoda","exchange_rate_unofficial","2022-06-01","416.69","420.18","413.2","415.61","NGN"
"","Nigeria","Abia","Aba","exchange_rate_unofficial","2022-07-01","418.26","421.62","414.9","417.26","NGN"
"","Nigeria","Adamawa","Gombi","exchange_rate_unofficial","2022-07-01","418.26","421.62","414.9","417.26","NGN"
"","Nigeria","Adamawa","Jimeta Grain","exchange_rate_unofficial","2022-07-01","418.26","421.62","414.9","417.26","NGN"
"","Nigeria","Adamawa","Madagali","exchange_rate_unofficial","2022-07-01","418.26","421.62","414.9","417.26","NGN"
"","Nigeria","Adamawa","Michika","exchange_rate_unofficial","2022-07-01","418.26","421.62","414.9","417.26","NGN"
"","Nigeria","Adamawa","Mubi","exchange_rate_unofficial","2022-07-01","418.26","421.62","414.9","417.26","NGN"
"","Nigeria","Adamawa","Mubi North","exchange_rate_unofficial","2022-07-01","418.26","421.62","414.9","417.26","NGN"
"","Nigeria","Adamawa","Ngalang","exchange_rate_unofficial","2022-07-01","418.26","421.62","414.9","417.26","NGN"
"","Nigeria","Borno","Abba Gamaram","exchange_rate_unofficial","2022-07-01","418.26","421.62","414.9","417.26","NGN"
"","Nigeria","Borno","Baga Road","exchange_rate_unofficial","2022-07-01","418.26","421.62","414.9","417.26","NGN"
"","Nigeria","Borno","Bama","exchange_rate_unofficial","2022-07-01","418.26","421.62","414.9","417.26","NGN"
"","Nigeria","Borno","Banki","exchange_rate_unofficial","2022-07-01","418.26","421.62","414.9","417.26","NGN"
"","Nigeria","Borno","Biu","exchange_rate_unofficial","2022-07-01","418.26","421.62","414.9","417.26","NGN"
"","Nigeria","Borno","Bolori Stores","exchange_rate_unofficial","2022-07-01","418.26","421.62","414.9","417.26","NGN"
"","Nigeria","Borno","Budum","exchange_rate_unofficial","2022-07-01","418.26","421.62","414.9","417.26","NGN"
"","Nigeria","Borno","Bullunkutu","exchange_rate_unofficial","2022-07-01","418.26","421.62","414.9","417.26","NGN"
"","Nigeria","Borno","Custom","exchange_rate_unofficial","2022-07-01","418.26","421.62","414.9","417.26","NGN"
"","Nigeria","Borno","Damassack (CBM)","exchange_rate_unofficial","2022-07-01","418.26","421.62","414.9","417.26","NGN"
"","Nigeria","Borno","Damboa","exchange_rate_unofficial","2022-07-01","418.26","421.62","414.9","417.26","NGN"
"","Nigeria","Borno","Dikwa Central","exchange_rate_unofficial","2022-07-01","418.26","421.62","414.9","417.26","NGN"
"","Nigeria","Borno","Gajiram","exchange_rate_unofficial","2022-07-01","418.26","421.62","414.9","417.26","NGN"
"","Nigeria","Borno","Gamboru","exchange_rate_unofficial","2022-07-01","418.26","421.62","414.9","417.26","NGN"
"","Nigeria","Borno","Gwoza Central","exchange_rate_unofficial","2022-07-01","418.26","421.62","414.9","417.26","NGN"
"","Nigeria","Borno","Kashuwan Shanu","exchange_rate_unofficial","2022-07-01","418.26","421.62","414.9","417.26","NGN"
"","Nigeria","Borno","Konduga","exchange_rate_unofficial","2022-07-01","418.26","421.62","414.9","417.26","NGN"
"","Nigeria","Borno","Kusawam Shanu","exchange_rate_unofficial","2022-07-01","418.26","421.62","414.9","417.26","NGN"
"","Nigeria","Borno","Mafa","exchange_rate_unofficial","2022-07-01","418.26","421.62","414.9","417.26","NGN"
"","Nigeria","Borno","Magumeri Central","exchange_rate_unofficial","2022-07-01","418.26","421.62","414.9","417.26","NGN"
"","Nigeria","Borno","Maiduguri","exchange_rate_unofficial","2022-07-01","418.26","421.62","414.9","417.26","NGN"
"","Nigeria","Borno","Monday","exchange_rate_unofficial","2022-07-01","418.26","421.62","414.9","417.26","NGN"
"","Nigeria","Borno","Monguno","exchange_rate_unofficial","2022-07-01","418.26","421.62","414.9","417.26","NGN"
"","Nigeria","Borno","Ngala","exchange_rate_unofficial","2022-07-01","418.26","421.62","414.9","417.26","NGN"
"","Nigeria","Borno","Pulka","exchange_rate_unofficial","2022-07-01","418.26","421.62","414.9","417.26","NGN"
"","Nigeria","Borno","Rann","exchange_rate_unofficial","2022-07-01","418.26","421.62","414.9","417.26","NGN"
"","Nigeria","Borno","Shani Main Market","exchange_rate_unofficial","2022-07-01","418.26","421.62","414.9","417.26","NGN"
"","Nigeria","Borno","Tashan Bama","exchange_rate_unofficial","2022-07-01","418.26","421.62","414.9","417.26","NGN"
"","Nigeria","Geopolitical Zone","North Central","exchange_rate_unofficial","2022-07-01","418.26","421.62","414.9","417.26","NGN"
"","Nigeria","Geopolitical Zone","North West","exchange_rate_unofficial","2022-07-01","418.26","421.62","414.9","417.26","NGN"
"","Nigeria","Geopolitical Zone","South East","exchange_rate_unofficial","2022-07-01","418.26","421.62","414.9","417.26","NGN"
"","Nigeria","Geopolitical Zone","South South","exchange_rate_unofficial","2022-07-01","418.26","421.62","414.9","417.26","NGN"
"","Nigeria","Geopolitical Zone","South West","exchange_rate_unofficial","2022-07-01","418.26","421.62","414.9","417.26","NGN"
"","Nigeria","Gombe","Gombe","exchange_rate_unofficial","2022-07-01","418.26","421.62","414.9","417.26","NGN"
"","Nigeria","Jigawa","Gujungu","exchange_rate_unofficial","2022-07-01","418.26","421.62","414.9","417.26","NGN"
"","Nigeria","Kaduna","Giwa","exchange_rate_unofficial","2022-07-01","418.26","421.62","414.9","417.26","NGN"
"","Nigeria","Kaduna","Saminaka","exchange_rate_unofficial","2022-07-01","418.26","421.62","414.9","417.26","NGN"
"","Nigeria","Kano","Dawanau","exchange_rate_unofficial","2022-07-01","418.26","421.62","414.9","417.26","NGN"
"","Nigeria","Kano State (1)","Kano","exchange_rate_unofficial","2022-07-01","418.26","421.62","414.9","417.26","NGN"
"","Nigeria","Katsina","Dandume","exchange_rate_unofficial","2022-07-01","418.26","421.62","414.9","417.26","NGN"
"","Nigeria","Katsina","Mai Adoua (CBM)","exchange_rate_unofficial","2022-07-01","418.26","421.62","414.9","417.26","NGN"
"","Nigeria","Kebbi","Gwandu","exchange_rate_unofficial","2022-07-01","418.26","421.62","414.9","417.26","NGN"
"","Nigeria","Lagos","Lagos","exchange_rate_unofficial","2022-07-01","418.26","421.62","414.9","417.26","NGN"
"","Nigeria","Market Average","Market Average","exchange_rate_unofficial","2022-07-01","418.26","421.62","414.9","417.26","NGN"
"","Nigeria","National Average","Abuja","exchange_rate_unofficial","2022-07-01","418.26","421.62","414.9","417.26","NGN"
"","Nigeria","Oyo","Ibadan","exchange_rate_unofficial","2022-07-01","418.26","421.62","414.9","417.26","NGN"
"","Nigeria","Sokoto","Illela (CBM)","exchange_rate_unofficial","2022-07-01","418.26","421.62","414.9","417.26","NGN"
"","Nigeria","Yobe","Bade (Gashua)","exchange_rate_unofficial","2022-07-01","418.26","421.62","414.9","417.26","NGN"
"","Nigeria","Yobe","Bayantasha","exchange_rate_unofficial","2022-07-01","418.26","421.62","414.9","417.26","NGN"
"","Nigeria","Yobe","Biriri","exchange_rate_unofficial","2022-07-01","418.26","421.62","414.9","417.26","NGN"
"","Nigeria","Yobe","Bursari","exchange_rate_unofficial","2022-07-01","418.26","421.62","414.9","417.26","NGN"
"","Nigeria","Yobe","Damagum","exchange_rate_unofficial","2022-07-01","418.26","421.62","414.9","417.26","NGN"
"","Nigeria","Yobe","Damaturu","exchange_rate_unofficial","2022-07-01","418.26","421.62","414.9","417.26","NGN"
"","Nigeria","Yobe","Damaturu (Sunday Market)","exchange_rate_unofficial","2022-07-01","418.26","421.62","414.9","417.26","NGN"
"","Nigeria","Yobe","Geidam","exchange_rate_unofficial","2022-07-01","418.26","421.62","414.9","417.26","NGN"
"","Nigeria","Yobe","Gujba (Buni Yadi)","exchange_rate_unofficial","2022-07-01","418.26","421.62","414.9","417.26","NGN"
"","Nigeria","Yobe","Gulani (Tettaba)","exchange_rate_unofficial","2022-07-01","418.26","421.62","414.9","417.26","NGN"
"","Nigeria","Yobe","Jakusko","exchange_rate_unofficial","2022-07-01","418.26","421.62","414.9","417.26","NGN"
"","Nigeria","Yobe","Machina Central","exchange_rate_unofficial","2022-07-01","418.26","421.62","414.9","417.26","NGN"
"","Nigeria","Yobe","Nangere","exchange_rate_unofficial","2022-07-01","418.26","421.62","414.9","417.26","NGN"
"","Nigeria","Yobe","Ngelzarma","exchange_rate_unofficial","2022-07-01","418.26","421.62","414.9","417.26","NGN"
"","Nigeria","Yobe","Nguru","exchange_rate_unofficial","2022-07-01","418.26","421.62","414.9","417.26","NGN"
"","Nigeria","Yobe","Potiskum","exchange_rate_unofficial","2022-07-01","418.26","421.62","414.9","417.26","NGN"
"","Nigeria","Yobe","Yunusari","exchange_rate_unofficial","2022-07-01","418.26","421.62","414.9","417.26","NGN"
"","Nigeria","Yobe","Yusufari","exchange_rate_unofficial","2022-07-01","418.26","421.62","414.9","417.26","NGN"
"","Nigeria","Zamfara","Kaura Namoda","exchange_rate_unofficial","2022-07-01","418.26","421.62","414.9","417.26","NGN"
"","Nigeria","Abia","Aba","exchange_rate_unofficial","2022-08-01","418.48","426.06","415.22","426.06","NGN"
"","Nigeria","Adamawa","Gombi","exchange_rate_unofficial","2022-08-01","418.48","426.06","415.22","426.06","NGN"
"","Nigeria","Adamawa","Jimeta Grain","exchange_rate_unofficial","2022-08-01","418.48","426.06","415.22","426.06","NGN"
"","Nigeria","Adamawa","Madagali","exchange_rate_unofficial","2022-08-01","418.48","426.06","415.22","426.06","NGN"
"","Nigeria","Adamawa","Michika","exchange_rate_unofficial","2022-08-01","418.48","426.06","415.22","426.06","NGN"
"","Nigeria","Adamawa","Mubi","exchange_rate_unofficial","2022-08-01","418.48","426.06","415.22","426.06","NGN"
"","Nigeria","Adamawa","Mubi North","exchange_rate_unofficial","2022-08-01","418.48","426.06","415.22","426.06","NGN"
"","Nigeria","Adamawa","Ngalang","exchange_rate_unofficial","2022-08-01","418.48","426.06","415.22","426.06","NGN"
"","Nigeria","Borno","Abba Gamaram","exchange_rate_unofficial","2022-08-01","418.48","426.06","415.22","426.06","NGN"
"","Nigeria","Borno","Baga Road","exchange_rate_unofficial","2022-08-01","418.48","426.06","415.22","426.06","NGN"
"","Nigeria","Borno","Bama","exchange_rate_unofficial","2022-08-01","418.48","426.06","415.22","426.06","NGN"
"","Nigeria","Borno","Banki","exchange_rate_unofficial","2022-08-01","418.48","426.06","415.22","426.06","NGN"
"","Nigeria","Borno","Biu","exchange_rate_unofficial","2022-08-01","418.48","426.06","415.22","426.06","NGN"
"","Nigeria","Borno","Bolori Stores","exchange_rate_unofficial","2022-08-01","418.48","426.06","415.22","426.06","NGN"
"","Nigeria","Borno","Budum","exchange_rate_unofficial","2022-08-01","418.48","426.06","415.22","426.06","NGN"
"","Nigeria","Borno","Bullunkutu","exchange_rate_unofficial","2022-08-01","418.48","426.06","415.22","426.06","NGN"
"","Nigeria","Borno","Custom","exchange_rate_unofficial","2022-08-01","418.48","426.06","415.22","426.06","NGN"
"","Nigeria","Borno","Damassack (CBM)","exchange_rate_unofficial","2022-08-01","418.48","426.06","415.22","426.06","NGN"
"","Nigeria","Borno","Damboa","exchange_rate_unofficial","2022-08-01","418.48","426.06","415.22","426.06","NGN"
"","Nigeria","Borno","Dikwa Central","exchange_rate_unofficial","2022-08-01","418.48","426.06","415.22","426.06","NGN"
"","Nigeria","Borno","Gajiram","exchange_rate_unofficial","2022-08-01","418.48","426.06","415.22","426.06","NGN"
"","Nigeria","Borno","Gamboru","exchange_rate_unofficial","2022-08-01","418.48","426.06","415.22","426.06","NGN"
"","Nigeria","Borno","Gwoza Central","exchange_rate_unofficial","2022-08-01","418.48","426.06","415.22","426.06","NGN"
"","Nigeria","Borno","Kashuwan Shanu","exchange_rate_unofficial","2022-08-01","418.48","426.06","415.22","426.06","NGN"
"","Nigeria","Borno","Konduga","exchange_rate_unofficial","2022-08-01","418.48","426.06","415.22","426.06","NGN"
"","Nigeria","Borno","Kusawam Shanu","exchange_rate_unofficial","2022-08-01","418.48","426.06","415.22","426.06","NGN"
"","Nigeria","Borno","Mafa","exchange_rate_unofficial","2022-08-01","418.48","426.06","415.22","426.06","NGN"
"","Nigeria","Borno","Magumeri Central","exchange_rate_unofficial","2022-08-01","418.48","426.06","415.22","426.06","NGN"
"","Nigeria","Borno","Maiduguri","exchange_rate_unofficial","2022-08-01","418.48","426.06","415.22","426.06","NGN"
"","Nigeria","Borno","Monday","exchange_rate_unofficial","2022-08-01","418.48","426.06","415.22","426.06","NGN"
"","Nigeria","Borno","Monguno","exchange_rate_unofficial","2022-08-01","418.48","426.06","415.22","426.06","NGN"
"","Nigeria","Borno","Ngala","exchange_rate_unofficial","2022-08-01","418.48","426.06","415.22","426.06","NGN"
"","Nigeria","Borno","Pulka","exchange_rate_unofficial","2022-08-01","418.48","426.06","415.22","426.06","NGN"
"","Nigeria","Borno","Rann","exchange_rate_unofficial","2022-08-01","418.48","426.06","415.22","426.06","NGN"
"","Nigeria","Borno","Shani Main Market","exchange_rate_unofficial","2022-08-01","418.48","426.06","415.22","426.06","NGN"
"","Nigeria","Borno","Tashan Bama","exchange_rate_unofficial","2022-08-01","418.48","426.06","415.22","426.06","NGN"
"","Nigeria","Geopolitical Zone","North Central","exchange_rate_unofficial","2022-08-01","418.48","426.06","415.22","426.06","NGN"
"","Nigeria","Geopolitical Zone","North West","exchange_rate_unofficial","2022-08-01","418.48","426.06","415.22","426.06","NGN"
"","Nigeria","Geopolitical Zone","South East","exchange_rate_unofficial","2022-08-01","418.48","426.06","415.22","426.06","NGN"
"","Nigeria","Geopolitical Zone","South South","exchange_rate_unofficial","2022-08-01","418.48","426.06","415.22","426.06","NGN"
"","Nigeria","Geopolitical Zone","South West","exchange_rate_unofficial","2022-08-01","418.48","426.06","415.22","426.06","NGN"
"","Nigeria","Gombe","Gombe","exchange_rate_unofficial","2022-08-01","418.48","426.06","415.22","426.06","NGN"
"","Nigeria","Jigawa","Gujungu","exchange_rate_unofficial","2022-08-01","418.48","426.06","415.22","426.06","NGN"
"","Nigeria","Kaduna","Giwa","exchange_rate_unofficial","2022-08-01","418.48","426.06","415.22","426.06","NGN"
"","Nigeria","Kaduna","Saminaka","exchange_rate_unofficial","2022-08-01","418.48","426.06","415.22","426.06","NGN"
"","Nigeria","Kano","Dawanau","exchange_rate_unofficial","2022-08-01","418.48","426.06","415.22","426.06","NGN"
"","Nigeria","Kano State (1)","Kano","exchange_rate_unofficial","2022-08-01","418.48","426.06","415.22","426.06","NGN"
"","Nigeria","Katsina","Dandume","exchange_rate_unofficial","2022-08-01","418.48","426.06","415.22","426.06","NGN"
"","Nigeria","Katsina","Mai Adoua (CBM)","exchange_rate_unofficial","2022-08-01","418.48","426.06","415.22","426.06","NGN"
"","Nigeria","Kebbi","Gwandu","exchange_rate_unofficial","2022-08-01","418.48","426.06","415.22","426.06","NGN"
"","Nigeria","Lagos","Lagos","exchange_rate_unofficial","2022-08-01","418.48","426.06","415.22","426.06","NGN"
"","Nigeria","Market Average","Market Average","exchange_rate_unofficial","2022-08-01","418.48","426.06","415.22","426.06","NGN"
"","Nigeria","National Average","Abuja","exchange_rate_unofficial","2022-08-01","418.48","426.06","415.22","426.06","NGN"
"","Nigeria","Oyo","Ibadan","exchange_rate_unofficial","2022-08-01","418.48","426.06","415.22","426.06","NGN"
"","Nigeria","Sokoto","Illela (CBM)","exchange_rate_unofficial","2022-08-01","418.48","426.06","415.22","426.06","NGN"
"","Nigeria","Yobe","Bade (Gashua)","exchange_rate_unofficial","2022-08-01","418.48","426.06","415.22","426.06","NGN"
"","Nigeria","Yobe","Bayantasha","exchange_rate_unofficial","2022-08-01","418.48","426.06","415.22","426.06","NGN"
"","Nigeria","Yobe","Biriri","exchange_rate_unofficial","2022-08-01","418.48","426.06","415.22","426.06","NGN"
"","Nigeria","Yobe","Bursari","exchange_rate_unofficial","2022-08-01","418.48","426.06","415.22","426.06","NGN"
"","Nigeria","Yobe","Damagum","exchange_rate_unofficial","2022-08-01","418.48","426.06","415.22","426.06","NGN"
"","Nigeria","Yobe","Damaturu","exchange_rate_unofficial","2022-08-01","418.48","426.06","415.22","426.06","NGN"
"","Nigeria","Yobe","Damaturu (Sunday Market)","exchange_rate_unofficial","2022-08-01","418.48","426.06","415.22","426.06","NGN"
"","Nigeria","Yobe","Geidam","exchange_rate_unofficial","2022-08-01","418.48","426.06","415.22","426.06","NGN"
"","Nigeria","Yobe","Gujba (Buni Yadi)","exchange_rate_unofficial","2022-08-01","418.48","426.06","415.22","426.06","NGN"
"","Nigeria","Yobe","Gulani (Tettaba)","exchange_rate_unofficial","2022-08-01","418.48","426.06","415.22","426.06","NGN"
"","Nigeria","Yobe","Jakusko","exchange_rate_unofficial","2022-08-01","418.48","426.06","415.22","426.06","NGN"
"","Nigeria","Yobe","Machina Central","exchange_rate_unofficial","2022-08-01","418.48","426.06","415.22","426.06","NGN"
"","Nigeria","Yobe","Nangere","exchange_rate_unofficial","2022-08-01","418.48","426.06","415.22","426.06","NGN"
"","Nigeria","Yobe","Ngelzarma","exchange_rate_unofficial","2022-08-01","418.48","426.06","415.22","426.06","NGN"
"","Nigeria","Yobe","Nguru","exchange_rate_unofficial","2022-08-01","418.48","426.06","415.22","426.06","NGN"
"","Nigeria","Yobe","Potiskum","exchange_rate_unofficial","2022-08-01","418.48","426.06","415.22","426.06","NGN"
"","Nigeria","Yobe","Yunusari","exchange_rate_unofficial","2022-08-01","418.48","426.06","415.22","426.06","NGN"
"","Nigeria","Yobe","Yusufari","exchange_rate_unofficial","2022-08-01","418.48","426.06","415.22","426.06","NGN"
"","Nigeria","Zamfara","Kaura Namoda","exchange_rate_unofficial","2022-08-01","418.48","426.06","415.22","426.06","NGN"
"","Nigeria","Abia","Aba","exchange_rate_unofficial","2022-09-01","431.58","435.57","428.08","435.57","NGN"
"","Nigeria","Adamawa","Gombi","exchange_rate_unofficial","2022-09-01","431.58","435.57","428.08","435.57","NGN"
"","Nigeria","Adamawa","Jimeta Grain","exchange_rate_unofficial","2022-09-01","431.58","435.57","428.08","435.57","NGN"
"","Nigeria","Adamawa","Madagali","exchange_rate_unofficial","2022-09-01","431.58","435.57","428.08","435.57","NGN"
"","Nigeria","Adamawa","Michika","exchange_rate_unofficial","2022-09-01","431.58","435.57","428.08","435.57","NGN"
"","Nigeria","Adamawa","Mubi","exchange_rate_unofficial","2022-09-01","431.58","435.57","428.08","435.57","NGN"
"","Nigeria","Adamawa","Mubi North","exchange_rate_unofficial","2022-09-01","431.58","435.57","428.08","435.57","NGN"
"","Nigeria","Adamawa","Ngalang","exchange_rate_unofficial","2022-09-01","431.58","435.57","428.08","435.57","NGN"
"","Nigeria","Borno","Abba Gamaram","exchange_rate_unofficial","2022-09-01","431.58","435.57","428.08","435.57","NGN"
"","Nigeria","Borno","Baga Road","exchange_rate_unofficial","2022-09-01","431.58","435.57","428.08","435.57","NGN"
"","Nigeria","Borno","Bama","exchange_rate_unofficial","2022-09-01","431.58","435.57","428.08","435.57","NGN"
"","Nigeria","Borno","Banki","exchange_rate_unofficial","2022-09-01","431.58","435.57","428.08","435.57","NGN"
"","Nigeria","Borno","Biu","exchange_rate_unofficial","2022-09-01","431.58","435.57","428.08","435.57","NGN"
"","Nigeria","Borno","Bolori Stores","exchange_rate_unofficial","2022-09-01","431.58","435.57","428.08","435.57","NGN"
"","Nigeria","Borno","Budum","exchange_rate_unofficial","2022-09-01","431.58","435.57","428.08","435.57","NGN"
"","Nigeria","Borno","Bullunkutu","exchange_rate_unofficial","2022-09-01","431.58","435.57","428.08","435.57","NGN"
"","Nigeria","Borno","Custom","exchange_rate_unofficial","2022-09-01","431.58","435.57","428.08","435.57","NGN"
"","Nigeria","Borno","Damassack (CBM)","exchange_rate_unofficial","2022-09-01","431.58","435.57","428.08","435.57","NGN"
"","Nigeria","Borno","Damboa","exchange_rate_unofficial","2022-09-01","431.58","435.57","428.08","435.57","NGN"
"","Nigeria","Borno","Dikwa Central","exchange_rate_unofficial","2022-09-01","431.58","435.57","428.08","435.57","NGN"
"","Nigeria","Borno","Gajiram","exchange_rate_unofficial","2022-09-01","431.58","435.57","428.08","435.57","NGN"
"","Nigeria","Borno","Gamboru","exchange_rate_unofficial","2022-09-01","431.58","435.57","428.08","435.57","NGN"
"","Nigeria","Borno","Gwoza Central","exchange_rate_unofficial","2022-09-01","431.58","435.57","428.08","435.57","NGN"
"","Nigeria","Borno","Kashuwan Shanu","exchange_rate_unofficial","2022-09-01","431.58","435.57","428.08","435.57","NGN"
"","Nigeria","Borno","Konduga","exchange_rate_unofficial","2022-09-01","431.58","435.57","428.08","435.57","NGN"
"","Nigeria","Borno","Kusawam Shanu","exchange_rate_unofficial","2022-09-01","431.58","435.57","428.08","435.57","NGN"
"","Nigeria","Borno","Mafa","exchange_rate_unofficial","2022-09-01","431.58","435.57","428.08","435.57","NGN"
"","Nigeria","Borno","Magumeri Central","exchange_rate_unofficial","2022-09-01","431.58","435.57","428.08","435.57","NGN"
"","Nigeria","Borno","Maiduguri","exchange_rate_unofficial","2022-09-01","431.58","435.57","428.08","435.57","NGN"
"","Nigeria","Borno","Monday","exchange_rate_unofficial","2022-09-01","431.58","435.57","428.08","435.57","NGN"
"","Nigeria","Borno","Monguno","exchange_rate_unofficial","2022-09-01","431.58","435.57","428.08","435.57","NGN"
"","Nigeria","Borno","Ngala","exchange_rate_unofficial","2022-09-01","431.58","435.57","428.08","435.57","NGN"
"","Nigeria","Borno","Pulka","exchange_rate_unofficial","2022-09-01","431.58","435.57","428.08","435.57","NGN"
"","Nigeria","Borno","Rann","exchange_rate_unofficial","2022-09-01","431.58","435.57","428.08","435.57","NGN"
"","Nigeria","Borno","Shani Main Market","exchange_rate_unofficial","2022-09-01","431.58","435.57","428.08","435.57","NGN"
"","Nigeria","Borno","Tashan Bama","exchange_rate_unofficial","2022-09-01","431.58","435.57","428.08","435.57","NGN"
"","Nigeria","Geopolitical Zone","North Central","exchange_rate_unofficial","2022-09-01","431.58","435.57","428.08","435.57","NGN"
"","Nigeria","Geopolitical Zone","North West","exchange_rate_unofficial","2022-09-01","431.58","435.57","428.08","435.57","NGN"
"","Nigeria","Geopolitical Zone","South East","exchange_rate_unofficial","2022-09-01","431.58","435.57","428.08","435.57","NGN"
"","Nigeria","Geopolitical Zone","South South","exchange_rate_unofficial","2022-09-01","431.58","435.57","428.08","435.57","NGN"
"","Nigeria","Geopolitical Zone","South West","exchange_rate_unofficial","2022-09-01","431.58","435.57","428.08","435.57","NGN"
"","Nigeria","Gombe","Gombe","exchange_rate_unofficial","2022-09-01","431.58","435.57","428.08","435.57","NGN"
"","Nigeria","Jigawa","Gujungu","exchange_rate_unofficial","2022-09-01","431.58","435.57","428.08","435.57","NGN"
"","Nigeria","Kaduna","Giwa","exchange_rate_unofficial","2022-09-01","431.58","435.57","428.08","435.57","NGN"
"","Nigeria","Kaduna","Saminaka","exchange_rate_unofficial","2022-09-01","431.58","435.57","428.08","435.57","NGN"
"","Nigeria","Kano","Dawanau","exchange_rate_unofficial","2022-09-01","431.58","435.57","428.08","435.57","NGN"
"","Nigeria","Kano State (1)","Kano","exchange_rate_unofficial","2022-09-01","431.58","435.57","428.08","435.57","NGN"
"","Nigeria","Katsina","Dandume","exchange_rate_unofficial","2022-09-01","431.58","435.57","428.08","435.57","NGN"
"","Nigeria","Katsina","Mai Adoua (CBM)","exchange_rate_unofficial","2022-09-01","431.58","435.57","428.08","435.57","NGN"
"","Nigeria","Kebbi","Gwandu","exchange_rate_unofficial","2022-09-01","431.58","435.57","428.08","435.57","NGN"
"","Nigeria","Lagos","Lagos","exchange_rate_unofficial","2022-09-01","431.58","435.57","428.08","435.57","NGN"
"","Nigeria","Market Average","Market Average","exchange_rate_unofficial","2022-09-01","431.58","435.57","428.08","435.57","NGN"
"","Nigeria","National Average","Abuja","exchange_rate_unofficial","2022-09-01","431.58","435.57","428.08","435.57","NGN"
"","Nigeria","Oyo","Ibadan","exchange_rate_unofficial","2022-09-01","431.58","435.57","428.08","435.57","NGN"
"","Nigeria","Sokoto","Illela (CBM)","exchange_rate_unofficial","2022-09-01","431.58","435.57","428.08","435.57","NGN"
"","Nigeria","Yobe","Bade (Gashua)","exchange_rate_unofficial","2022-09-01","431.58","435.57","428.08","435.57","NGN"
"","Nigeria","Yobe","Bayantasha","exchange_rate_unofficial","2022-09-01","431.58","435.57","428.08","435.57","NGN"
"","Nigeria","Yobe","Biriri","exchange_rate_unofficial","2022-09-01","431.58","435.57","428.08","435.57","NGN"
"","Nigeria","Yobe","Bursari","exchange_rate_unofficial","2022-09-01","431.58","435.57","428.08","435.57","NGN"
"","Nigeria","Yobe","Damagum","exchange_rate_unofficial","2022-09-01","431.58","435.57","428.08","435.57","NGN"
"","Nigeria","Yobe","Damaturu","exchange_rate_unofficial","2022-09-01","431.58","435.57","428.08","435.57","NGN"
"","Nigeria","Yobe","Damaturu (Sunday Market)","exchange_rate_unofficial","2022-09-01","431.58","435.57","428.08","435.57","NGN"
"","Nigeria","Yobe","Geidam","exchange_rate_unofficial","2022-09-01","431.58","435.57","428.08","435.57","NGN"
"","Nigeria","Yobe","Gujba (Buni Yadi)","exchange_rate_unofficial","2022-09-01","431.58","435.57","428.08","435.57","NGN"
"","Nigeria","Yobe","Gulani (Tettaba)","exchange_rate_unofficial","2022-09-01","431.58","435.57","428.08","435.57","NGN"
"","Nigeria","Yobe","Jakusko","exchange_rate_unofficial","2022-09-01","431.58","435.57","428.08","435.57","NGN"
"","Nigeria","Yobe","Machina Central","exchange_rate_unofficial","2022-09-01","431.58","435.57","428.08","435.57","NGN"
"","Nigeria","Yobe","Nangere","exchange_rate_unofficial","2022-09-01","431.58","435.57","428.08","435.57","NGN"
"","Nigeria","Yobe","Ngelzarma","exchange_rate_unofficial","2022-09-01","431.58","435.57","428.08","435.57","NGN"
"","Nigeria","Yobe","Nguru","exchange_rate_unofficial","2022-09-01","431.58","435.57","428.08","435.57","NGN"
"","Nigeria","Yobe","Potiskum","exchange_rate_unofficial","2022-09-01","431.58","435.57","428.08","435.57","NGN"
"","Nigeria","Yobe","Yunusari","exchange_rate_unofficial","2022-09-01","431.58","435.57","428.08","435.57","NGN"
"","Nigeria","Yobe","Yusufari","exchange_rate_unofficial","2022-09-01","431.58","435.57","428.08","435.57","NGN"
"","Nigeria","Zamfara","Kaura Namoda","exchange_rate_unofficial","2022-09-01","431.58","435.57","428.08","435.57","NGN"
"","Nigeria","Abia","Aba","exchange_rate_unofficial","2022-10-01","438.42","441.95","434.89","440.85","NGN"
"","Nigeria","Adamawa","Gombi","exchange_rate_unofficial","2022-10-01","438.42","441.95","434.89","440.85","NGN"
"","Nigeria","Adamawa","Jimeta Grain","exchange_rate_unofficial","2022-10-01","438.42","441.95","434.89","440.85","NGN"
"","Nigeria","Adamawa","Madagali","exchange_rate_unofficial","2022-10-01","438.42","441.95","434.89","440.85","NGN"
"","Nigeria","Adamawa","Michika","exchange_rate_unofficial","2022-10-01","438.42","441.95","434.89","440.85","NGN"
"","Nigeria","Adamawa","Mubi","exchange_rate_unofficial","2022-10-01","438.42","441.95","434.89","440.85","NGN"
"","Nigeria","Adamawa","Mubi North","exchange_rate_unofficial","2022-10-01","438.42","441.95","434.89","440.85","NGN"
"","Nigeria","Adamawa","Ngalang","exchange_rate_unofficial","2022-10-01","438.42","441.95","434.89","440.85","NGN"
"","Nigeria","Borno","Abba Gamaram","exchange_rate_unofficial","2022-10-01","438.42","441.95","434.89","440.85","NGN"
"","Nigeria","Borno","Baga Road","exchange_rate_unofficial","2022-10-01","438.42","441.95","434.89","440.85","NGN"
"","Nigeria","Borno","Bama","exchange_rate_unofficial","2022-10-01","438.42","441.95","434.89","440.85","NGN"
"","Nigeria","Borno","Banki","exchange_rate_unofficial","2022-10-01","438.42","441.95","434.89","440.85","NGN"
"","Nigeria","Borno","Biu","exchange_rate_unofficial","2022-10-01","438.42","441.95","434.89","440.85","NGN"
"","Nigeria","Borno","Bolori Stores","exchange_rate_unofficial","2022-10-01","438.42","441.95","434.89","440.85","NGN"
"","Nigeria","Borno","Budum","exchange_rate_unofficial","2022-10-01","438.42","441.95","434.89","440.85","NGN"
"","Nigeria","Borno","Bullunkutu","exchange_rate_unofficial","2022-10-01","438.42","441.95","434.89","440.85","NGN"
"","Nigeria","Borno","Custom","exchange_rate_unofficial","2022-10-01","438.42","441.95","434.89","440.85","NGN"
"","Nigeria","Borno","Damassack (CBM)","exchange_rate_unofficial","2022-10-01","438.42","441.95","434.89","440.85","NGN"
"","Nigeria","Borno","Damboa","exchange_rate_unofficial","2022-10-01","438.42","441.95","434.89","440.85","NGN"
"","Nigeria","Borno","Dikwa Central","exchange_rate_unofficial","2022-10-01","438.42","441.95","434.89","440.85","NGN"
"","Nigeria","Borno","Gajiram","exchange_rate_unofficial","2022-10-01","438.42","441.95","434.89","440.85","NGN"
"","Nigeria","Borno","Gamboru","exchange_rate_unofficial","2022-10-01","438.42","441.95","434.89","440.85","NGN"
"","Nigeria","Borno","Gwoza Central","exchange_rate_unofficial","2022-10-01","438.42","441.95","434.89","440.85","NGN"
"","Nigeria","Borno","Kashuwan Shanu","exchange_rate_unofficial","2022-10-01","438.42","441.95","434.89","440.85","NGN"
"","Nigeria","Borno","Konduga","exchange_rate_unofficial","2022-10-01","438.42","441.95","434.89","440.85","NGN"
"","Nigeria","Borno","Kusawam Shanu","exchange_rate_unofficial","2022-10-01","438.42","441.95","434.89","440.85","NGN"
"","Nigeria","Borno","Mafa","exchange_rate_unofficial","2022-10-01","438.42","441.95","434.89","440.85","NGN"
"","Nigeria","Borno","Magumeri Central","exchange_rate_unofficial","2022-10-01","438.42","441.95","434.89","440.85","NGN"
"","Nigeria","Borno","Maiduguri","exchange_rate_unofficial","2022-10-01","438.42","441.95","434.89","440.85","NGN"
"","Nigeria","Borno","Monday","exchange_rate_unofficial","2022-10-01","438.42","441.95","434.89","440.85","NGN"
"","Nigeria","Borno","Monguno","exchange_rate_unofficial","2022-10-01","438.42","441.95","434.89","440.85","NGN"
"","Nigeria","Borno","Ngala","exchange_rate_unofficial","2022-10-01","438.42","441.95","434.89","440.85","NGN"
"","Nigeria","Borno","Pulka","exchange_rate_unofficial","2022-10-01","438.42","441.95","434.89","440.85","NGN"
"","Nigeria","Borno","Rann","exchange_rate_unofficial","2022-10-01","438.42","441.95","434.89","440.85","NGN"
"","Nigeria","Borno","Shani Main Market","exchange_rate_unofficial","2022-10-01","438.42","441.95","434.89","440.85","NGN"
"","Nigeria","Borno","Tashan Bama","exchange_rate_unofficial","2022-10-01","438.42","441.95","434.89","440.85","NGN"
"","Nigeria","Geopolitical Zone","North Central","exchange_rate_unofficial","2022-10-01","438.42","441.95","434.89","440.85","NGN"
"","Nigeria","Geopolitical Zone","North West","exchange_rate_unofficial","2022-10-01","438.42","441.95","434.89","440.85","NGN"
"","Nigeria","Geopolitical Zone","South East","exchange_rate_unofficial","2022-10-01","438.42","441.95","434.89","440.85","NGN"
"","Nigeria","Geopolitical Zone","South South","exchange_rate_unofficial","2022-10-01","438.42","441.95","434.89","440.85","NGN"
"","Nigeria","Geopolitical Zone","South West","exchange_rate_unofficial","2022-10-01","438.42","441.95","434.89","440.85","NGN"
"","Nigeria","Gombe","Gombe","exchange_rate_unofficial","2022-10-01","438.42","441.95","434.89","440.85","NGN"
"","Nigeria","Jigawa","Gujungu","exchange_rate_unofficial","2022-10-01","438.42","441.95","434.89","440.85","NGN"
"","Nigeria","Kaduna","Giwa","exchange_rate_unofficial","2022-10-01","438.42","441.95","434.89","440.85","NGN"
"","Nigeria","Kaduna","Saminaka","exchange_rate_unofficial","2022-10-01","438.42","441.95","434.89","440.85","NGN"
"","Nigeria","Kano","Dawanau","exchange_rate_unofficial","2022-10-01","438.42","441.95","434.89","440.85","NGN"
"","Nigeria","Kano State (1)","Kano","exchange_rate_unofficial","2022-10-01","438.42","441.95","434.89","440.85","NGN"
"","Nigeria","Katsina","Dandume","exchange_rate_unofficial","2022-10-01","438.42","441.95","434.89","440.85","NGN"
"","Nigeria","Katsina","Mai Adoua (CBM)","exchange_rate_unofficial","2022-10-01","438.42","441.95","434.89","440.85","NGN"
"","Nigeria","Kebbi","Gwandu","exchange_rate_unofficial","2022-10-01","438.42","441.95","434.89","440.85","NGN"
"","Nigeria","Lagos","Lagos","exchange_rate_unofficial","2022-10-01","438.42","441.95","434.89","440.85","NGN"
"","Nigeria","Market Average","Market Average","exchange_rate_unofficial","2022-10-01","438.42","441.95","434.89","440.85","NGN"
"","Nigeria","National Average","Abuja","exchange_rate_unofficial","2022-10-01","438.42","441.95","434.89","440.85","NGN"
"","Nigeria","Oyo","Ibadan","exchange_rate_unofficial","2022-10-01","438.42","441.95","434.89","440.85","NGN"
"","Nigeria","Sokoto","Illela (CBM)","exchange_rate_unofficial","2022-10-01","438.42","441.95","434.89","440.85","NGN"
"","Nigeria","Yobe","Bade (Gashua)","exchange_rate_unofficial","2022-10-01","438.42","441.95","434.89","440.85","NGN"
"","Nigeria","Yobe","Bayantasha","exchange_rate_unofficial","2022-10-01","438.42","441.95","434.89","440.85","NGN"
"","Nigeria","Yobe","Biriri","exchange_rate_unofficial","2022-10-01","438.42","441.95","434.89","440.85","NGN"
"","Nigeria","Yobe","Bursari","exchange_rate_unofficial","2022-10-01","438.42","441.95","434.89","440.85","NGN"
"","Nigeria","Yobe","Damagum","exchange_rate_unofficial","2022-10-01","438.42","441.95","434.89","440.85","NGN"
"","Nigeria","Yobe","Damaturu","exchange_rate_unofficial","2022-10-01","438.42","441.95","434.89","440.85","NGN"
"","Nigeria","Yobe","Damaturu (Sunday Market)","exchange_rate_unofficial","2022-10-01","438.42","441.95","434.89","440.85","NGN"
"","Nigeria","Yobe","Geidam","exchange_rate_unofficial","2022-10-01","438.42","441.95","434.89","440.85","NGN"
"","Nigeria","Yobe","Gujba (Buni Yadi)","exchange_rate_unofficial","2022-10-01","438.42","441.95","434.89","440.85","NGN"
"","Nigeria","Yobe","Gulani (Tettaba)","exchange_rate_unofficial","2022-10-01","438.42","441.95","434.89","440.85","NGN"
"","Nigeria","Yobe","Jakusko","exchange_rate_unofficial","2022-10-01","438.42","441.95","434.89","440.85","NGN"
"","Nigeria","Yobe","Machina Central","exchange_rate_unofficial","2022-10-01","438.42","441.95","434.89","440.85","NGN"
"","Nigeria","Yobe","Nangere","exchange_rate_unofficial","2022-10-01","438.42","441.95","434.89","440.85","NGN"
"","Nigeria","Yobe","Ngelzarma","exchange_rate_unofficial","2022-10-01","438.42","441.95","434.89","440.85","NGN"
"","Nigeria","Yobe","Nguru","exchange_rate_unofficial","2022-10-01","438.42","441.95","434.89","440.85","NGN"
"","Nigeria","Yobe","Potiskum","exchange_rate_unofficial","2022-10-01","438.42","441.95","434.89","440.85","NGN"
"","Nigeria","Yobe","Yunusari","exchange_rate_unofficial","2022-10-01","438.42","441.95","434.89","440.85","NGN"
"","Nigeria","Yobe","Yusufari","exchange_rate_unofficial","2022-10-01","438.42","441.95","434.89","440.85","NGN"
"","Nigeria","Zamfara","Kaura Namoda","exchange_rate_unofficial","2022-10-01","438.42","441.95","434.89","440.85","NGN"
"","Nigeria","Abia","Aba","exchange_rate_unofficial","2022-11-01","444.79","448.26","441.31","445.58","NGN"
"","Nigeria","Adamawa","Gombi","exchange_rate_unofficial","2022-11-01","444.79","448.26","441.31","445.58","NGN"
"","Nigeria","Adamawa","Jimeta Grain","exchange_rate_unofficial","2022-11-01","444.79","448.26","441.31","445.58","NGN"
"","Nigeria","Adamawa","Madagali","exchange_rate_unofficial","2022-11-01","444.79","448.26","441.31","445.58","NGN"
"","Nigeria","Adamawa","Michika","exchange_rate_unofficial","2022-11-01","444.79","448.26","441.31","445.58","NGN"
"","Nigeria","Adamawa","Mubi","exchange_rate_unofficial","2022-11-01","444.79","448.26","441.31","445.58","NGN"
"","Nigeria","Adamawa","Mubi North","exchange_rate_unofficial","2022-11-01","444.79","448.26","441.31","445.58","NGN"
"","Nigeria","Adamawa","Ngalang","exchange_rate_unofficial","2022-11-01","444.79","448.26","441.31","445.58","NGN"
"","Nigeria","Borno","Abba Gamaram","exchange_rate_unofficial","2022-11-01","444.79","448.26","441.31","445.58","NGN"
"","Nigeria","Borno","Baga Road","exchange_rate_unofficial","2022-11-01","444.79","448.26","441.31","445.58","NGN"
"","Nigeria","Borno","Bama","exchange_rate_unofficial","2022-11-01","444.79","448.26","441.31","445.58","NGN"
"","Nigeria","Borno","Banki","exchange_rate_unofficial","2022-11-01","444.79","448.26","441.31","445.58","NGN"
"","Nigeria","Borno","Biu","exchange_rate_unofficial","2022-11-01","444.79","448.26","441.31","445.58","NGN"
"","Nigeria","Borno","Bolori Stores","exchange_rate_unofficial","2022-11-01","444.79","448.26","441.31","445.58","NGN"
"","Nigeria","Borno","Budum","exchange_rate_unofficial","2022-11-01","444.79","448.26","441.31","445.58","NGN"
"","Nigeria","Borno","Bullunkutu","exchange_rate_unofficial","2022-11-01","444.79","448.26","441.31","445.58","NGN"
"","Nigeria","Borno","Custom","exchange_rate_unofficial","2022-11-01","444.79","448.26","441.31","445.58","NGN"
"","Nigeria","Borno","Damassack (CBM)","exchange_rate_unofficial","2022-11-01","444.79","448.26","441.31","445.58","NGN"
"","Nigeria","Borno","Damboa","exchange_rate_unofficial","2022-11-01","444.79","448.26","441.31","445.58","NGN"
"","Nigeria","Borno","Dikwa Central","exchange_rate_unofficial","2022-11-01","444.79","448.26","441.31","445.58","NGN"
"","Nigeria","Borno","Gajiram","exchange_rate_unofficial","2022-11-01","444.79","448.26","441.31","445.58","NGN"
"","Nigeria","Borno","Gamboru","exchange_rate_unofficial","2022-11-01","444.79","448.26","441.31","445.58","NGN"
"","Nigeria","Borno","Gwoza Central","exchange_rate_unofficial","2022-11-01","444.79","448.26","441.31","445.58","NGN"
"","Nigeria","Borno","Kashuwan Shanu","exchange_rate_unofficial","2022-11-01","444.79","448.26","441.31","445.58","NGN"
"","Nigeria","Borno","Konduga","exchange_rate_unofficial","2022-11-01","444.79","448.26","441.31","445.58","NGN"
"","Nigeria","Borno","Kusawam Shanu","exchange_rate_unofficial","2022-11-01","444.79","448.26","441.31","445.58","NGN"
"","Nigeria","Borno","Mafa","exchange_rate_unofficial","2022-11-01","444.79","448.26","441.31","445.58","NGN"
"","Nigeria","Borno","Magumeri Central","exchange_rate_unofficial","2022-11-01","444.79","448.26","441.31","445.58","NGN"
"","Nigeria","Borno","Maiduguri","exchange_rate_unofficial","2022-11-01","444.79","448.26","441.31","445.58","NGN"
"","Nigeria","Borno","Monday","exchange_rate_unofficial","2022-11-01","444.79","448.26","441.31","445.58","NGN"
"","Nigeria","Borno","Monguno","exchange_rate_unofficial","2022-11-01","444.79","448.26","441.31","445.58","NGN"
"","Nigeria","Borno","Ngala","exchange_rate_unofficial","2022-11-01","444.79","448.26","441.31","445.58","NGN"
"","Nigeria","Borno","Pulka","exchange_rate_unofficial","2022-11-01","444.79","448.26","441.31","445.58","NGN"
"","Nigeria","Borno","Rann","exchange_rate_unofficial","2022-11-01","444.79","448.26","441.31","445.58","NGN"
"","Nigeria","Borno","Shani Main Market","exchange_rate_unofficial","2022-11-01","444.79","448.26","441.31","445.58","NGN"
"","Nigeria","Borno","Tashan Bama","exchange_rate_unofficial","2022-11-01","444.79","448.26","441.31","445.58","NGN"
"","Nigeria","Geopolitical Zone","North Central","exchange_rate_unofficial","2022-11-01","444.79","448.26","441.31","445.58","NGN"
"","Nigeria","Geopolitical Zone","North West","exchange_rate_unofficial","2022-11-01","444.79","448.26","441.31","445.58","NGN"
"","Nigeria","Geopolitical Zone","South East","exchange_rate_unofficial","2022-11-01","444.79","448.26","441.31","445.58","NGN"
"","Nigeria","Geopolitical Zone","South South","exchange_rate_unofficial","2022-11-01","444.79","448.26","441.31","445.58","NGN"
"","Nigeria","Geopolitical Zone","South West","exchange_rate_unofficial","2022-11-01","444.79","448.26","441.31","445.58","NGN"
"","Nigeria","Gombe","Gombe","exchange_rate_unofficial","2022-11-01","444.79","448.26","441.31","445.58","NGN"
"","Nigeria","Jigawa","Gujungu","exchange_rate_unofficial","2022-11-01","444.79","448.26","441.31","445.58","NGN"
"","Nigeria","Kaduna","Giwa","exchange_rate_unofficial","2022-11-01","444.79","448.26","441.31","445.58","NGN"
"","Nigeria","Kaduna","Saminaka","exchange_rate_unofficial","2022-11-01","444.79","448.26","441.31","445.58","NGN"
"","Nigeria","Kano","Dawanau","exchange_rate_unofficial","2022-11-01","444.79","448.26","441.31","445.58","NGN"
"","Nigeria","Kano State (1)","Kano","exchange_rate_unofficial","2022-11-01","444.79","448.26","441.31","445.58","NGN"
"","Nigeria","Katsina","Dandume","exchange_rate_unofficial","2022-11-01","444.79","448.26","441.31","445.58","NGN"
"","Nigeria","Katsina","Mai Adoua (CBM)","exchange_rate_unofficial","2022-11-01","444.79","448.26","441.31","445.58","NGN"
"","Nigeria","Kebbi","Gwandu","exchange_rate_unofficial","2022-11-01","444.79","448.26","441.31","445.58","NGN"
"","Nigeria","Lagos","Lagos","exchange_rate_unofficial","2022-11-01","444.79","448.26","441.31","445.58","NGN"
"","Nigeria","Market Average","Market Average","exchange_rate_unofficial","2022-11-01","444.79","448.26","441.31","445.58","NGN"
"","Nigeria","National Average","Abuja","exchange_rate_unofficial","2022-11-01","444.79","448.26","441.31","445.58","NGN"
"","Nigeria","Oyo","Ibadan","exchange_rate_unofficial","2022-11-01","444.79","448.26","441.31","445.58","NGN"
"","Nigeria","Sokoto","Illela (CBM)","exchange_rate_unofficial","2022-11-01","444.79","448.26","441.31","445.58","NGN"
"","Nigeria","Yobe","Bade (Gashua)","exchange_rate_unofficial","2022-11-01","444.79","448.26","441.31","445.58","NGN"
"","Nigeria","Yobe","Bayantasha","exchange_rate_unofficial","2022-11-01","444.79","448.26","441.31","445.58","NGN"
"","Nigeria","Yobe","Biriri","exchange_rate_unofficial","2022-11-01","444.79","448.26","441.31","445.58","NGN"
"","Nigeria","Yobe","Bursari","exchange_rate_unofficial","2022-11-01","444.79","448.26","441.31","445.58","NGN"
"","Nigeria","Yobe","Damagum","exchange_rate_unofficial","2022-11-01","444.79","448.26","441.31","445.58","NGN"
"","Nigeria","Yobe","Damaturu","exchange_rate_unofficial","2022-11-01","444.79","448.26","441.31","445.58","NGN"
"","Nigeria","Yobe","Damaturu (Sunday Market)","exchange_rate_unofficial","2022-11-01","444.79","448.26","441.31","445.58","NGN"
"","Nigeria","Yobe","Geidam","exchange_rate_unofficial","2022-11-01","444.79","448.26","441.31","445.58","NGN"
"","Nigeria","Yobe","Gujba (Buni Yadi)","exchange_rate_unofficial","2022-11-01","444.79","448.26","441.31","445.58","NGN"
"","Nigeria","Yobe","Gulani (Tettaba)","exchange_rate_unofficial","2022-11-01","444.79","448.26","441.31","445.58","NGN"
"","Nigeria","Yobe","Jakusko","exchange_rate_unofficial","2022-11-01","444.79","448.26","441.31","445.58","NGN"
"","Nigeria","Yobe","Machina Central","exchange_rate_unofficial","2022-11-01","444.79","448.26","441.31","445.58","NGN"
"","Nigeria","Yobe","Nangere","exchange_rate_unofficial","2022-11-01","444.79","448.26","441.31","445.58","NGN"
"","Nigeria","Yobe","Ngelzarma","exchange_rate_unofficial","2022-11-01","444.79","448.26","441.31","445.58","NGN"
"","Nigeria","Yobe","Nguru","exchange_rate_unofficial","2022-11-01","444.79","448.26","441.31","445.58","NGN"
"","Nigeria","Yobe","Potiskum","exchange_rate_unofficial","2022-11-01","444.79","448.26","441.31","445.58","NGN"
"","Nigeria","Yobe","Yunusari","exchange_rate_unofficial","2022-11-01","444.79","448.26","441.31","445.58","NGN"
"","Nigeria","Yobe","Yusufari","exchange_rate_unofficial","2022-11-01","444.79","448.26","441.31","445.58","NGN"
"","Nigeria","Zamfara","Kaura Namoda","exchange_rate_unofficial","2022-11-01","444.79","448.26","441.31","445.58","NGN"
"","Nigeria","Abia","Aba","exchange_rate_unofficial","2022-12-01","447.47","450.87","444.06","450.71","NGN"
"","Nigeria","Adamawa","Gombi","exchange_rate_unofficial","2022-12-01","447.47","450.87","444.06","450.71","NGN"
"","Nigeria","Adamawa","Jimeta Grain","exchange_rate_unofficial","2022-12-01","447.47","450.87","444.06","450.71","NGN"
"","Nigeria","Adamawa","Madagali","exchange_rate_unofficial","2022-12-01","447.47","450.87","444.06","450.71","NGN"
"","Nigeria","Adamawa","Michika","exchange_rate_unofficial","2022-12-01","447.47","450.87","444.06","450.71","NGN"
"","Nigeria","Adamawa","Mubi","exchange_rate_unofficial","2022-12-01","447.47","450.87","444.06","450.71","NGN"
"","Nigeria","Adamawa","Mubi North","exchange_rate_unofficial","2022-12-01","447.47","450.87","444.06","450.71","NGN"
"","Nigeria","Adamawa","Ngalang","exchange_rate_unofficial","2022-12-01","447.47","450.87","444.06","450.71","NGN"
"","Nigeria","Borno","Abba Gamaram","exchange_rate_unofficial","2022-12-01","447.47","450.87","444.06","450.71","NGN"
"","Nigeria","Borno","Baga Road","exchange_rate_unofficial","2022-12-01","447.47","450.87","444.06","450.71","NGN"
"","Nigeria","Borno","Bama","exchange_rate_unofficial","2022-12-01","447.47","450.87","444.06","450.71","NGN"
"","Nigeria","Borno","Banki","exchange_rate_unofficial","2022-12-01","447.47","450.87","444.06","450.71","NGN"
"","Nigeria","Borno","Biu","exchange_rate_unofficial","2022-12-01","447.47","450.87","444.06","450.71","NGN"
"","Nigeria","Borno","Bolori Stores","exchange_rate_unofficial","2022-12-01","447.47","450.87","444.06","450.71","NGN"
"","Nigeria","Borno","Budum","exchange_rate_unofficial","2022-12-01","447.47","450.87","444.06","450.71","NGN"
"","Nigeria","Borno","Bullunkutu","exchange_rate_unofficial","2022-12-01","447.47","450.87","444.06","450.71","NGN"
"","Nigeria","Borno","Custom","exchange_rate_unofficial","2022-12-01","447.47","450.87","444.06","450.71","NGN"
"","Nigeria","Borno","Damassack (CBM)","exchange_rate_unofficial","2022-12-01","447.47","450.87","444.06","450.71","NGN"
"","Nigeria","Borno","Damboa","exchange_rate_unofficial","2022-12-01","447.47","450.87","444.06","450.71","NGN"
"","Nigeria","Borno","Dikwa Central","exchange_rate_unofficial","2022-12-01","447.47","450.87","444.06","450.71","NGN"
"","Nigeria","Borno","Gajiram","exchange_rate_unofficial","2022-12-01","447.47","450.87","444.06","450.71","NGN"
"","Nigeria","Borno","Gamboru","exchange_rate_unofficial","2022-12-01","447.47","450.87","444.06","450.71","NGN"
"","Nigeria","Borno","Gwoza Central","exchange_rate_unofficial","2022-12-01","447.47","450.87","444.06","450.71","NGN"
"","Nigeria","Borno","Kashuwan Shanu","exchange_rate_unofficial","2022-12-01","447.47","450.87","444.06","450.71","NGN"
"","Nigeria","Borno","Konduga","exchange_rate_unofficial","2022-12-01","447.47","450.87","444.06","450.71","NGN"
"","Nigeria","Borno","Kusawam Shanu","exchange_rate_unofficial","2022-12-01","447.47","450.87","444.06","450.71","NGN"
"","Nigeria","Borno","Mafa","exchange_rate_unofficial","2022-12-01","447.47","450.87","444.06","450.71","NGN"
"","Nigeria","Borno","Magumeri Central","exchange_rate_unofficial","2022-12-01","447.47","450.87","444.06","450.71","NGN"
"","Nigeria","Borno","Maiduguri","exchange_rate_unofficial","2022-12-01","447.47","450.87","444.06","450.71","NGN"
"","Nigeria","Borno","Monday","exchange_rate_unofficial","2022-12-01","447.47","450.87","444.06","450.71","NGN"
"","Nigeria","Borno","Monguno","exchange_rate_unofficial","2022-12-01","447.47","450.87","444.06","450.71","NGN"
"","Nigeria","Borno","Ngala","exchange_rate_unofficial","2022-12-01","447.47","450.87","444.06","450.71","NGN"
"","Nigeria","Borno","Pulka","exchange_rate_unofficial","2022-12-01","447.47","450.87","444.06","450.71","NGN"
"","Nigeria","Borno","Rann","exchange_rate_unofficial","2022-12-01","447.47","450.87","444.06","450.71","NGN"
"","Nigeria","Borno","Shani Main Market","exchange_rate_unofficial","2022-12-01","447.47","450.87","444.06","450.71","NGN"
"","Nigeria","Borno","Tashan Bama","exchange_rate_unofficial","2022-12-01","447.47","450.87","444.06","450.71","NGN"
"","Nigeria","Geopolitical Zone","North Central","exchange_rate_unofficial","2022-12-01","447.47","450.87","444.06","450.71","NGN"
"","Nigeria","Geopolitical Zone","North West","exchange_rate_unofficial","2022-12-01","447.47","450.87","444.06","450.71","NGN"
"","Nigeria","Geopolitical Zone","South East","exchange_rate_unofficial","2022-12-01","447.47","450.87","444.06","450.71","NGN"
"","Nigeria","Geopolitical Zone","South South","exchange_rate_unofficial","2022-12-01","447.47","450.87","444.06","450.71","NGN"
"","Nigeria","Geopolitical Zone","South West","exchange_rate_unofficial","2022-12-01","447.47","450.87","444.06","450.71","NGN"
"","Nigeria","Gombe","Gombe","exchange_rate_unofficial","2022-12-01","447.47","450.87","444.06","450.71","NGN"
"","Nigeria","Jigawa","Gujungu","exchange_rate_unofficial","2022-12-01","447.47","450.87","444.06","450.71","NGN"
"","Nigeria","Kaduna","Giwa","exchange_rate_unofficial","2022-12-01","447.47","450.87","444.06","450.71","NGN"
"","Nigeria","Kaduna","Saminaka","exchange_rate_unofficial","2022-12-01","447.47","450.87","444.06","450.71","NGN"
"","Nigeria","Kano","Dawanau","exchange_rate_unofficial","2022-12-01","447.47","450.87","444.06","450.71","NGN"
"","Nigeria","Kano State (1)","Kano","exchange_rate_unofficial","2022-12-01","447.47","450.87","444.06","450.71","NGN"
"","Nigeria","Katsina","Dandume","exchange_rate_unofficial","2022-12-01","447.47","450.87","444.06","450.71","NGN"
"","Nigeria","Katsina","Mai Adoua (CBM)","exchange_rate_unofficial","2022-12-01","447.47","450.87","444.06","450.71","NGN"
"","Nigeria","Kebbi","Gwandu","exchange_rate_unofficial","2022-12-01","447.47","450.87","444.06","450.71","NGN"
"","Nigeria","Lagos","Lagos","exchange_rate_unofficial","2022-12-01","447.47","450.87","444.06","450.71","NGN"
"","Nigeria","Market Average","Market Average","exchange_rate_unofficial","2022-12-01","447.47","450.87","444.06","450.71","NGN"
"","Nigeria","National Average","Abuja","exchange_rate_unofficial","2022-12-01","447.47","450.87","444.06","450.71","NGN"
"","Nigeria","Oyo","Ibadan","exchange_rate_unofficial","2022-12-01","447.47","450.87","444.06","450.71","NGN"
"","Nigeria","Sokoto","Illela (CBM)","exchange_rate_unofficial","2022-12-01","447.47","450.87","444.06","450.71","NGN"
"","Nigeria","Yobe","Bade (Gashua)","exchange_rate_unofficial","2022-12-01","447.47","450.87","444.06","450.71","NGN"
"","Nigeria","Yobe","Bayantasha","exchange_rate_unofficial","2022-12-01","447.47","450.87","444.06","450.71","NGN"
"","Nigeria","Yobe","Biriri","exchange_rate_unofficial","2022-12-01","447.47","450.87","444.06","450.71","NGN"
"","Nigeria","Yobe","Bursari","exchange_rate_unofficial","2022-12-01","447.47","450.87","444.06","450.71","NGN"
"","Nigeria","Yobe","Damagum","exchange_rate_unofficial","2022-12-01","447.47","450.87","444.06","450.71","NGN"
"","Nigeria","Yobe","Damaturu","exchange_rate_unofficial","2022-12-01","447.47","450.87","444.06","450.71","NGN"
"","Nigeria","Yobe","Damaturu (Sunday Market)","exchange_rate_unofficial","2022-12-01","447.47","450.87","444.06","450.71","NGN"
"","Nigeria","Yobe","Geidam","exchange_rate_unofficial","2022-12-01","447.47","450.87","444.06","450.71","NGN"
"","Nigeria","Yobe","Gujba (Buni Yadi)","exchange_rate_unofficial","2022-12-01","447.47","450.87","444.06","450.71","NGN"
"","Nigeria","Yobe","Gulani (Tettaba)","exchange_rate_unofficial","2022-12-01","447.47","450.87","444.06","450.71","NGN"
"","Nigeria","Yobe","Jakusko","exchange_rate_unofficial","2022-12-01","447.47","450.87","444.06","450.71","NGN"
"","Nigeria","Yobe","Machina Central","exchange_rate_unofficial","2022-12-01","447.47","450.87","444.06","450.71","NGN"
"","Nigeria","Yobe","Nangere","exchange_rate_unofficial","2022-12-01","447.47","450.87","444.06","450.71","NGN"
"","Nigeria","Yobe","Ngelzarma","exchange_rate_unofficial","2022-12-01","447.47","450.87","444.06","450.71","NGN"
"","Nigeria","Yobe","Nguru","exchange_rate_unofficial","2022-12-01","447.47","450.87","444.06","450.71","NGN"
"","Nigeria","Yobe","Potiskum","exchange_rate_unofficial","2022-12-01","447.47","450.87","444.06","450.71","NGN"
"","Nigeria","Yobe","Yunusari","exchange_rate_unofficial","2022-12-01","447.47","450.87","444.06","450.71","NGN"
"","Nigeria","Yobe","Yusufari","exchange_rate_unofficial","2022-12-01","447.47","450.87","444.06","450.71","NGN"
"","Nigeria","Zamfara","Kaura Namoda","exchange_rate_unofficial","2022-12-01","447.47","450.87","444.06","450.71","NGN"
"","Nigeria","Abia","Aba","exchange_rate_unofficial","2023-01-01","454.97","458.36","451.58","455.27","NGN"
"","Nigeria","Adamawa","Gombi","exchange_rate_unofficial","2023-01-01","454.97","458.36","451.58","455.27","NGN"
"","Nigeria","Adamawa","Jimeta Grain","exchange_rate_unofficial","2023-01-01","454.97","458.36","451.58","455.27","NGN"
"","Nigeria","Adamawa","Madagali","exchange_rate_unofficial","2023-01-01","454.97","458.36","451.58","455.27","NGN"
"","Nigeria","Adamawa","Michika","exchange_rate_unofficial","2023-01-01","454.97","458.36","451.58","455.27","NGN"
"","Nigeria","Adamawa","Mubi","exchange_rate_unofficial","2023-01-01","454.97","458.36","451.58","455.27","NGN"
"","Nigeria","Adamawa","Mubi North","exchange_rate_unofficial","2023-01-01","454.97","458.36","451.58","455.27","NGN"
"","Nigeria","Adamawa","Ngalang","exchange_rate_unofficial","2023-01-01","454.97","458.36","451.58","455.27","NGN"
"","Nigeria","Borno","Abba Gamaram","exchange_rate_unofficial","2023-01-01","454.97","458.36","451.58","455.27","NGN"
"","Nigeria","Borno","Baga Road","exchange_rate_unofficial","2023-01-01","454.97","458.36","451.58","455.27","NGN"
"","Nigeria","Borno","Bama","exchange_rate_unofficial","2023-01-01","454.97","458.36","451.58","455.27","NGN"
"","Nigeria","Borno","Banki","exchange_rate_unofficial","2023-01-01","454.97","458.36","451.58","455.27","NGN"
"","Nigeria","Borno","Biu","exchange_rate_unofficial","2023-01-01","454.97","458.36","451.58","455.27","NGN"
"","Nigeria","Borno","Bolori Stores","exchange_rate_unofficial","2023-01-01","454.97","458.36","451.58","455.27","NGN"
"","Nigeria","Borno","Budum","exchange_rate_unofficial","2023-01-01","454.97","458.36","451.58","455.27","NGN"
"","Nigeria","Borno","Bullunkutu","exchange_rate_unofficial","2023-01-01","454.97","458.36","451.58","455.27","NGN"
"","Nigeria","Borno","Custom","exchange_rate_unofficial","2023-01-01","454.97","458.36","451.58","455.27","NGN"
"","Nigeria","Borno","Damassack (CBM)","exchange_rate_unofficial","2023-01-01","454.97","458.36","451.58","455.27","NGN"
"","Nigeria","Borno","Damboa","exchange_rate_unofficial","2023-01-01","454.97","458.36","451.58","455.27","NGN"
"","Nigeria","Borno","Dikwa Central","exchange_rate_unofficial","2023-01-01","454.97","458.36","451.58","455.27","NGN"
"","Nigeria","Borno","Gajiram","exchange_rate_unofficial","2023-01-01","454.97","458.36","451.58","455.27","NGN"
"","Nigeria","Borno","Gamboru","exchange_rate_unofficial","2023-01-01","454.97","458.36","451.58","455.27","NGN"
"","Nigeria","Borno","Gwoza Central","exchange_rate_unofficial","2023-01-01","454.97","458.36","451.58","455.27","NGN"
"","Nigeria","Borno","Kashuwan Shanu","exchange_rate_unofficial","2023-01-01","454.97","458.36","451.58","455.27","NGN"
"","Nigeria","Borno","Konduga","exchange_rate_unofficial","2023-01-01","454.97","458.36","451.58","455.27","NGN"
"","Nigeria","Borno","Kusawam Shanu","exchange_rate_unofficial","2023-01-01","454.97","458.36","451.58","455.27","NGN"
"","Nigeria","Borno","Mafa","exchange_rate_unofficial","2023-01-01","454.97","458.36","451.58","455.27","NGN"
"","Nigeria","Borno","Magumeri Central","exchange_rate_unofficial","2023-01-01","454.97","458.36","451.58","455.27","NGN"
"","Nigeria","Borno","Maiduguri","exchange_rate_unofficial","2023-01-01","454.97","458.36","451.58","455.27","NGN"
"","Nigeria","Borno","Monday","exchange_rate_unofficial","2023-01-01","454.97","458.36","451.58","455.27","NGN"
"","Nigeria","Borno","Monguno","exchange_rate_unofficial","2023-01-01","454.97","458.36","451.58","455.27","NGN"
"","Nigeria","Borno","Ngala","exchange_rate_unofficial","2023-01-01","454.97","458.36","451.58","455.27","NGN"
"","Nigeria","Borno","Pulka","exchange_rate_unofficial","2023-01-01","454.97","458.36","451.58","455.27","NGN"
"","Nigeria","Borno","Rann","exchange_rate_unofficial","2023-01-01","454.97","458.36","451.58","455.27","NGN"
"","Nigeria","Borno","Shani Main Market","exchange_rate_unofficial","2023-01-01","454.97","458.36","451.58","455.27","NGN"
"","Nigeria","Borno","Tashan Bama","exchange_rate_unofficial","2023-01-01","454.97","458.36","451.58","455.27","NGN"
"","Nigeria","Geopolitical Zone","North Central","exchange_rate_unofficial","2023-01-01","454.97","458.36","451.58","455.27","NGN"
"","Nigeria","Geopolitical Zone","North West","exchange_rate_unofficial","2023-01-01","454.97","458.36","451.58","455.27","NGN"
"","Nigeria","Geopolitical Zone","South East","exchange_rate_unofficial","2023-01-01","454.97","458.36","451.58","455.27","NGN"
"","Nigeria","Geopolitical Zone","South South","exchange_rate_unofficial","2023-01-01","454.97","458.36","451.58","455.27","NGN"
"","Nigeria","Geopolitical Zone","South West","exchange_rate_unofficial","2023-01-01","454.97","458.36","451.58","455.27","NGN"
"","Nigeria","Gombe","Gombe","exchange_rate_unofficial","2023-01-01","454.97","458.36","451.58","455.27","NGN"
"","Nigeria","Jigawa","Gujungu","exchange_rate_unofficial","2023-01-01","454.97","458.36","451.58","455.27","NGN"
"","Nigeria","Kaduna","Giwa","exchange_rate_unofficial","2023-01-01","454.97","458.36","451.58","455.27","NGN"
"","Nigeria","Kaduna","Saminaka","exchange_rate_unofficial","2023-01-01","454.97","458.36","451.58","455.27","NGN"
"","Nigeria","Kano","Dawanau","exchange_rate_unofficial","2023-01-01","454.97","458.36","451.58","455.27","NGN"
"","Nigeria","Kano State (1)","Kano","exchange_rate_unofficial","2023-01-01","454.97","458.36","451.58","455.27","NGN"
"","Nigeria","Katsina","Dandume","exchange_rate_unofficial","2023-01-01","454.97","458.36","451.58","455.27","NGN"
"","Nigeria","Katsina","Mai Adoua (CBM)","exchange_rate_unofficial","2023-01-01","454.97","458.36","451.58","455.27","NGN"
"","Nigeria","Kebbi","Gwandu","exchange_rate_unofficial","2023-01-01","454.97","458.36","451.58","455.27","NGN"
"","Nigeria","Lagos","Lagos","exchange_rate_unofficial","2023-01-01","454.97","458.36","451.58","455.27","NGN"
"","Nigeria","Market Average","Market Average","exchange_rate_unofficial","2023-01-01","454.97","458.36","451.58","455.27","NGN"
"","Nigeria","National Average","Abuja","exchange_rate_unofficial","2023-01-01","454.97","458.36","451.58","455.27","NGN"
"","Nigeria","Oyo","Ibadan","exchange_rate_unofficial","2023-01-01","454.97","458.36","451.58","455.27","NGN"
"","Nigeria","Sokoto","Illela (CBM)","exchange_rate_unofficial","2023-01-01","454.97","458.36","451.58","455.27","NGN"
"","Nigeria","Yobe","Bade (Gashua)","exchange_rate_unofficial","2023-01-01","454.97","458.36","451.58","455.27","NGN"
"","Nigeria","Yobe","Bayantasha","exchange_rate_unofficial","2023-01-01","454.97","458.36","451.58","455.27","NGN"
"","Nigeria","Yobe","Biriri","exchange_rate_unofficial","2023-01-01","454.97","458.36","451.58","455.27","NGN"
"","Nigeria","Yobe","Bursari","exchange_rate_unofficial","2023-01-01","454.97","458.36","451.58","455.27","NGN"
"","Nigeria","Yobe","Damagum","exchange_rate_unofficial","2023-01-01","454.97","458.36","451.58","455.27","NGN"
"","Nigeria","Yobe","Damaturu","exchange_rate_unofficial","2023-01-01","454.97","458.36","451.58","455.27","NGN"
"","Nigeria","Yobe","Damaturu (Sunday Market)","exchange_rate_unofficial","2023-01-01","454.97","458.36","451.58","455.27","NGN"
"","Nigeria","Yobe","Geidam","exchange_rate_unofficial","2023-01-01","454.97","458.36","451.58","455.27","NGN"
"","Nigeria","Yobe","Gujba (Buni Yadi)","exchange_rate_unofficial","2023-01-01","454.97","458.36","451.58","455.27","NGN"
"","Nigeria","Yobe","Gulani (Tettaba)","exchange_rate_unofficial","2023-01-01","454.97","458.36","451.58","455.27","NGN"
"","Nigeria","Yobe","Jakusko","exchange_rate_unofficial","2023-01-01","454.97","458.36","451.58","455.27","NGN"
"","Nigeria","Yobe","Machina Central","exchange_rate_unofficial","2023-01-01","454.97","458.36","451.58","455.27","NGN"
"","Nigeria","Yobe","Nangere","exchange_rate_unofficial","2023-01-01","454.97","458.36","451.58","455.27","NGN"
"","Nigeria","Yobe","Ngelzarma","exchange_rate_unofficial","2023-01-01","454.97","458.36","451.58","455.27","NGN"
"","Nigeria","Yobe","Nguru","exchange_rate_unofficial","2023-01-01","454.97","458.36","451.58","455.27","NGN"
"","Nigeria","Yobe","Potiskum","exchange_rate_unofficial","2023-01-01","454.97","458.36","451.58","455.27","NGN"
"","Nigeria","Yobe","Yunusari","exchange_rate_unofficial","2023-01-01","454.97","458.36","451.58","455.27","NGN"
"","Nigeria","Yobe","Yusufari","exchange_rate_unofficial","2023-01-01","454.97","458.36","451.58","455.27","NGN"
"","Nigeria","Zamfara","Kaura Namoda","exchange_rate_unofficial","2023-01-01","454.97","458.36","451.58","455.27","NGN"
"","Nigeria","Abia","Aba","exchange_rate_unofficial","2023-02-01","457.03","460.43","453.7","460.43","NGN"
"","Nigeria","Adamawa","Gombi","exchange_rate_unofficial","2023-02-01","457.03","460.43","453.7","460.43","NGN"
"","Nigeria","Adamawa","Jimeta Grain","exchange_rate_unofficial","2023-02-01","457.03","460.43","453.7","460.43","NGN"
"","Nigeria","Adamawa","Madagali","exchange_rate_unofficial","2023-02-01","457.03","460.43","453.7","460.43","NGN"
"","Nigeria","Adamawa","Michika","exchange_rate_unofficial","2023-02-01","457.03","460.43","453.7","460.43","NGN"
"","Nigeria","Adamawa","Mubi","exchange_rate_unofficial","2023-02-01","457.03","460.43","453.7","460.43","NGN"
"","Nigeria","Adamawa","Mubi North","exchange_rate_unofficial","2023-02-01","457.03","460.43","453.7","460.43","NGN"
"","Nigeria","Adamawa","Ngalang","exchange_rate_unofficial","2023-02-01","457.03","460.43","453.7","460.43","NGN"
"","Nigeria","Borno","Abba Gamaram","exchange_rate_unofficial","2023-02-01","457.03","460.43","453.7","460.43","NGN"
"","Nigeria","Borno","Baga Road","exchange_rate_unofficial","2023-02-01","457.03","460.43","453.7","460.43","NGN"
"","Nigeria","Borno","Bama","exchange_rate_unofficial","2023-02-01","457.03","460.43","453.7","460.43","NGN"
"","Nigeria","Borno","Banki","exchange_rate_unofficial","2023-02-01","457.03","460.43","453.7","460.43","NGN"
"","Nigeria","Borno","Biu","exchange_rate_unofficial","2023-02-01","457.03","460.43","453.7","460.43","NGN"
"","Nigeria","Borno","Bolori Stores","exchange_rate_unofficial","2023-02-01","457.03","460.43","453.7","460.43","NGN"
"","Nigeria","Borno","Budum","exchange_rate_unofficial","2023-02-01","457.03","460.43","453.7","460.43","NGN"
"","Nigeria","Borno","Bullunkutu","exchange_rate_unofficial","2023-02-01","457.03","460.43","453.7","460.43","NGN"
"","Nigeria","Borno","Custom","exchange_rate_unofficial","2023-02-01","457.03","460.43","453.7","460.43","NGN"
"","Nigeria","Borno","Damassack (CBM)","exchange_rate_unofficial","2023-02-01","457.03","460.43","453.7","460.43","NGN"
"","Nigeria","Borno","Damboa","exchange_rate_unofficial","2023-02-01","457.03","460.43","453.7","460.43","NGN"
"","Nigeria","Borno","Dikwa Central","exchange_rate_unofficial","2023-02-01","457.03","460.43","453.7","460.43","NGN"
"","Nigeria","Borno","Gajiram","exchange_rate_unofficial","2023-02-01","457.03","460.43","453.7","460.43","NGN"
"","Nigeria","Borno","Gamboru","exchange_rate_unofficial","2023-02-01","457.03","460.43","453.7","460.43","NGN"
"","Nigeria","Borno","Gwoza Central","exchange_rate_unofficial","2023-02-01","457.03","460.43","453.7","460.43","NGN"
"","Nigeria","Borno","Kashuwan Shanu","exchange_rate_unofficial","2023-02-01","457.03","460.43","453.7","460.43","NGN"
"","Nigeria","Borno","Konduga","exchange_rate_unofficial","2023-02-01","457.03","460.43","453.7","460.43","NGN"
"","Nigeria","Borno","Kusawam Shanu","exchange_rate_unofficial","2023-02-01","457.03","460.43","453.7","460.43","NGN"
"","Nigeria","Borno","Mafa","exchange_rate_unofficial","2023-02-01","457.03","460.43","453.7","460.43","NGN"
"","Nigeria","Borno","Magumeri Central","exchange_rate_unofficial","2023-02-01","457.03","460.43","453.7","460.43","NGN"
"","Nigeria","Borno","Maiduguri","exchange_rate_unofficial","2023-02-01","457.03","460.43","453.7","460.43","NGN"
"","Nigeria","Borno","Monday","exchange_rate_unofficial","2023-02-01","457.03","460.43","453.7","460.43","NGN"
"","Nigeria","Borno","Monguno","exchange_rate_unofficial","2023-02-01","457.03","460.43","453.7","460.43","NGN"
"","Nigeria","Borno","Ngala","exchange_rate_unofficial","2023-02-01","457.03","460.43","453.7","460.43","NGN"
"","Nigeria","Borno","Pulka","exchange_rate_unofficial","2023-02-01","457.03","460.43","453.7","460.43","NGN"
"","Nigeria","Borno","Rann","exchange_rate_unofficial","2023-02-01","457.03","460.43","453.7","460.43","NGN"
"","Nigeria","Borno","Shani Main Market","exchange_rate_unofficial","2023-02-01","457.03","460.43","453.7","460.43","NGN"
"","Nigeria","Borno","Tashan Bama","exchange_rate_unofficial","2023-02-01","457.03","460.43","453.7","460.43","NGN"
"","Nigeria","Geopolitical Zone","North Central","exchange_rate_unofficial","2023-02-01","457.03","460.43","453.7","460.43","NGN"
"","Nigeria","Geopolitical Zone","North West","exchange_rate_unofficial","2023-02-01","457.03","460.43","453.7","460.43","NGN"
"","Nigeria","Geopolitical Zone","South East","exchange_rate_unofficial","2023-02-01","457.03","460.43","453.7","460.43","NGN"
"","Nigeria","Geopolitical Zone","South South","exchange_rate_unofficial","2023-02-01","457.03","460.43","453.7","460.43","NGN"
"","Nigeria","Geopolitical Zone","South West","exchange_rate_unofficial","2023-02-01","457.03","460.43","453.7","460.43","NGN"
"","Nigeria","Gombe","Gombe","exchange_rate_unofficial","2023-02-01","457.03","460.43","453.7","460.43","NGN"
"","Nigeria","Jigawa","Gujungu","exchange_rate_unofficial","2023-02-01","457.03","460.43","453.7","460.43","NGN"
"","Nigeria","Kaduna","Giwa","exchange_rate_unofficial","2023-02-01","457.03","460.43","453.7","460.43","NGN"
"","Nigeria","Kaduna","Saminaka","exchange_rate_unofficial","2023-02-01","457.03","460.43","453.7","460.43","NGN"
"","Nigeria","Kano","Dawanau","exchange_rate_unofficial","2023-02-01","457.03","460.43","453.7","460.43","NGN"
"","Nigeria","Kano State (1)","Kano","exchange_rate_unofficial","2023-02-01","457.03","460.43","453.7","460.43","NGN"
"","Nigeria","Katsina","Dandume","exchange_rate_unofficial","2023-02-01","457.03","460.43","453.7","460.43","NGN"
"","Nigeria","Katsina","Mai Adoua (CBM)","exchange_rate_unofficial","2023-02-01","457.03","460.43","453.7","460.43","NGN"
"","Nigeria","Kebbi","Gwandu","exchange_rate_unofficial","2023-02-01","457.03","460.43","453.7","460.43","NGN"
"","Nigeria","Lagos","Lagos","exchange_rate_unofficial","2023-02-01","457.03","460.43","453.7","460.43","NGN"
"","Nigeria","Market Average","Market Average","exchange_rate_unofficial","2023-02-01","457.03","460.43","453.7","460.43","NGN"
"","Nigeria","National Average","Abuja","exchange_rate_unofficial","2023-02-01","457.03","460.43","453.7","460.43","NGN"
"","Nigeria","Oyo","Ibadan","exchange_rate_unofficial","2023-02-01","457.03","460.43","453.7","460.43","NGN"
"","Nigeria","Sokoto","Illela (CBM)","exchange_rate_unofficial","2023-02-01","457.03","460.43","453.7","460.43","NGN"
"","Nigeria","Yobe","Bade (Gashua)","exchange_rate_unofficial","2023-02-01","457.03","460.43","453.7","460.43","NGN"
"","Nigeria","Yobe","Bayantasha","exchange_rate_unofficial","2023-02-01","457.03","460.43","453.7","460.43","NGN"
"","Nigeria","Yobe","Biriri","exchange_rate_unofficial","2023-02-01","457.03","460.43","453.7","460.43","NGN"
"","Nigeria","Yobe","Bursari","exchange_rate_unofficial","2023-02-01","457.03","460.43","453.7","460.43","NGN"
"","Nigeria","Yobe","Damagum","exchange_rate_unofficial","2023-02-01","457.03","460.43","453.7","460.43","NGN"
"","Nigeria","Yobe","Damaturu","exchange_rate_unofficial","2023-02-01","457.03","460.43","453.7","460.43","NGN"
"","Nigeria","Yobe","Damaturu (Sunday Market)","exchange_rate_unofficial","2023-02-01","457.03","460.43","453.7","460.43","NGN"
"","Nigeria","Yobe","Geidam","exchange_rate_unofficial","2023-02-01","457.03","460.43","453.7","460.43","NGN"
"","Nigeria","Yobe","Gujba (Buni Yadi)","exchange_rate_unofficial","2023-02-01","457.03","460.43","453.7","460.43","NGN"
"","Nigeria","Yobe","Gulani (Tettaba)","exchange_rate_unofficial","2023-02-01","457.03","460.43","453.7","460.43","NGN"
"","Nigeria","Yobe","Jakusko","exchange_rate_unofficial","2023-02-01","457.03","460.43","453.7","460.43","NGN"
"","Nigeria","Yobe","Machina Central","exchange_rate_unofficial","2023-02-01","457.03","460.43","453.7","460.43","NGN"
"","Nigeria","Yobe","Nangere","exchange_rate_unofficial","2023-02-01","457.03","460.43","453.7","460.43","NGN"
"","Nigeria","Yobe","Ngelzarma","exchange_rate_unofficial","2023-02-01","457.03","460.43","453.7","460.43","NGN"
"","Nigeria","Yobe","Nguru","exchange_rate_unofficial","2023-02-01","457.03","460.43","453.7","460.43","NGN"
"","Nigeria","Yobe","Potiskum","exchange_rate_unofficial","2023-02-01","457.03","460.43","453.7","460.43","NGN"
"","Nigeria","Yobe","Yunusari","exchange_rate_unofficial","2023-02-01","457.03","460.43","453.7","460.43","NGN"
"","Nigeria","Yobe","Yusufari","exchange_rate_unofficial","2023-02-01","457.03","460.43","453.7","460.43","NGN"
"","Nigeria","Zamfara","Kaura Namoda","exchange_rate_unofficial","2023-02-01","457.03","460.43","453.7","460.43","NGN"
"","Nigeria","Abia","Aba","exchange_rate_unofficial","2023-03-01","464.81","468.15","460.43","460.43","NGN"
"","Nigeria","Adamawa","Gombi","exchange_rate_unofficial","2023-03-01","464.81","468.15","460.43","460.43","NGN"
"","Nigeria","Adamawa","Jimeta Grain","exchange_rate_unofficial","2023-03-01","464.81","468.15","460.43","460.43","NGN"
"","Nigeria","Adamawa","Madagali","exchange_rate_unofficial","2023-03-01","464.81","468.15","460.43","460.43","NGN"
"","Nigeria","Adamawa","Michika","exchange_rate_unofficial","2023-03-01","464.81","468.15","460.43","460.43","NGN"
"","Nigeria","Adamawa","Mubi","exchange_rate_unofficial","2023-03-01","464.81","468.15","460.43","460.43","NGN"
"","Nigeria","Adamawa","Mubi North","exchange_rate_unofficial","2023-03-01","464.81","468.15","460.43","460.43","NGN"
"","Nigeria","Adamawa","Ngalang","exchange_rate_unofficial","2023-03-01","464.81","468.15","460.43","460.43","NGN"
"","Nigeria","Borno","Abba Gamaram","exchange_rate_unofficial","2023-03-01","464.81","468.15","460.43","460.43","NGN"
"","Nigeria","Borno","Baga Road","exchange_rate_unofficial","2023-03-01","464.81","468.15","460.43","460.43","NGN"
"","Nigeria","Borno","Bama","exchange_rate_unofficial","2023-03-01","464.81","468.15","460.43","460.43","NGN"
"","Nigeria","Borno","Banki","exchange_rate_unofficial","2023-03-01","464.81","468.15","460.43","460.43","NGN"
"","Nigeria","Borno","Biu","exchange_rate_unofficial","2023-03-01","464.81","468.15","460.43","460.43","NGN"
"","Nigeria","Borno","Bolori Stores","exchange_rate_unofficial","2023-03-01","464.81","468.15","460.43","460.43","NGN"
"","Nigeria","Borno","Budum","exchange_rate_unofficial","2023-03-01","464.81","468.15","460.43","460.43","NGN"
"","Nigeria","Borno","Bullunkutu","exchange_rate_unofficial","2023-03-01","464.81","468.15","460.43","460.43","NGN"
"","Nigeria","Borno","Custom","exchange_rate_unofficial","2023-03-01","464.81","468.15","460.43","460.43","NGN"
"","Nigeria","Borno","Damassack (CBM)","exchange_rate_unofficial","2023-03-01","464.81","468.15","460.43","460.43","NGN"
"","Nigeria","Borno","Damboa","exchange_rate_unofficial","2023-03-01","464.81","468.15","460.43","460.43","NGN"
"","Nigeria","Borno","Dikwa Central","exchange_rate_unofficial","2023-03-01","464.81","468.15","460.43","460.43","NGN"
"","Nigeria","Borno","Gajiram","exchange_rate_unofficial","2023-03-01","464.81","468.15","460.43","460.43","NGN"
"","Nigeria","Borno","Gamboru","exchange_rate_unofficial","2023-03-01","464.81","468.15","460.43","460.43","NGN"
"","Nigeria","Borno","Gwoza Central","exchange_rate_unofficial","2023-03-01","464.81","468.15","460.43","460.43","NGN"
"","Nigeria","Borno","Kashuwan Shanu","exchange_rate_unofficial","2023-03-01","464.81","468.15","460.43","460.43","NGN"
"","Nigeria","Borno","Konduga","exchange_rate_unofficial","2023-03-01","464.81","468.15","460.43","460.43","NGN"
"","Nigeria","Borno","Kusawam Shanu","exchange_rate_unofficial","2023-03-01","464.81","468.15","460.43","460.43","NGN"
"","Nigeria","Borno","Mafa","exchange_rate_unofficial","2023-03-01","464.81","468.15","460.43","460.43","NGN"
"","Nigeria","Borno","Magumeri Central","exchange_rate_unofficial","2023-03-01","464.81","468.15","460.43","460.43","NGN"
"","Nigeria","Borno","Maiduguri","exchange_rate_unofficial","2023-03-01","464.81","468.15","460.43","460.43","NGN"
"","Nigeria","Borno","Monday","exchange_rate_unofficial","2023-03-01","464.81","468.15","460.43","460.43","NGN"
"","Nigeria","Borno","Monguno","exchange_rate_unofficial","2023-03-01","464.81","468.15","460.43","460.43","NGN"
"","Nigeria","Borno","Ngala","exchange_rate_unofficial","2023-03-01","464.81","468.15","460.43","460.43","NGN"
"","Nigeria","Borno","Pulka","exchange_rate_unofficial","2023-03-01","464.81","468.15","460.43","460.43","NGN"
"","Nigeria","Borno","Rann","exchange_rate_unofficial","2023-03-01","464.81","468.15","460.43","460.43","NGN"
"","Nigeria","Borno","Shani Main Market","exchange_rate_unofficial","2023-03-01","464.81","468.15","460.43","460.43","NGN"
"","Nigeria","Borno","Tashan Bama","exchange_rate_unofficial","2023-03-01","464.81","468.15","460.43","460.43","NGN"
"","Nigeria","Geopolitical Zone","North Central","exchange_rate_unofficial","2023-03-01","464.81","468.15","460.43","460.43","NGN"
"","Nigeria","Geopolitical Zone","North West","exchange_rate_unofficial","2023-03-01","464.81","468.15","460.43","460.43","NGN"
"","Nigeria","Geopolitical Zone","South East","exchange_rate_unofficial","2023-03-01","464.81","468.15","460.43","460.43","NGN"
"","Nigeria","Geopolitical Zone","South South","exchange_rate_unofficial","2023-03-01","464.81","468.15","460.43","460.43","NGN"
"","Nigeria","Geopolitical Zone","South West","exchange_rate_unofficial","2023-03-01","464.81","468.15","460.43","460.43","NGN"
"","Nigeria","Gombe","Gombe","exchange_rate_unofficial","2023-03-01","464.81","468.15","460.43","460.43","NGN"
"","Nigeria","Jigawa","Gujungu","exchange_rate_unofficial","2023-03-01","464.81","468.15","460.43","460.43","NGN"
"","Nigeria","Kaduna","Giwa","exchange_rate_unofficial","2023-03-01","464.81","468.15","460.43","460.43","NGN"
"","Nigeria","Kaduna","Saminaka","exchange_rate_unofficial","2023-03-01","464.81","468.15","460.43","460.43","NGN"
"","Nigeria","Kano","Dawanau","exchange_rate_unofficial","2023-03-01","464.81","468.15","460.43","460.43","NGN"
"","Nigeria","Kano State (1)","Kano","exchange_rate_unofficial","2023-03-01","464.81","468.15","460.43","460.43","NGN"
"","Nigeria","Katsina","Dandume","exchange_rate_unofficial","2023-03-01","464.81","468.15","460.43","460.43","NGN"
"","Nigeria","Katsina","Mai Adoua (CBM)","exchange_rate_unofficial","2023-03-01","464.81","468.15","460.43","460.43","NGN"
"","Nigeria","Kebbi","Gwandu","exchange_rate_unofficial","2023-03-01","464.81","468.15","460.43","460.43","NGN"
"","Nigeria","Lagos","Lagos","exchange_rate_unofficial","2023-03-01","464.81","468.15","460.43","460.43","NGN"
"","Nigeria","Market Average","Market Average","exchange_rate_unofficial","2023-03-01","464.81","468.15","460.43","460.43","NGN"
"","Nigeria","National Average","Abuja","exchange_rate_unofficial","2023-03-01","464.81","468.15","460.43","460.43","NGN"
"","Nigeria","Oyo","Ibadan","exchange_rate_unofficial","2023-03-01","464.81","468.15","460.43","460.43","NGN"
"","Nigeria","Sokoto","Illela (CBM)","exchange_rate_unofficial","2023-03-01","464.81","468.15","460.43","460.43","NGN"
"","Nigeria","Yobe","Bade (Gashua)","exchange_rate_unofficial","2023-03-01","464.81","468.15","460.43","460.43","NGN"
"","Nigeria","Yobe","Bayantasha","exchange_rate_unofficial","2023-03-01","464.81","468.15","460.43","460.43","NGN"
"","Nigeria","Yobe","Biriri","exchange_rate_unofficial","2023-03-01","464.81","468.15","460.43","460.43","NGN"
"","Nigeria","Yobe","Bursari","exchange_rate_unofficial","2023-03-01","464.81","468.15","460.43","460.43","NGN"
"","Nigeria","Yobe","Damagum","exchange_rate_unofficial","2023-03-01","464.81","468.15","460.43","460.43","NGN"
"","Nigeria","Yobe","Damaturu","exchange_rate_unofficial","2023-03-01","464.81","468.15","460.43","460.43","NGN"
"","Nigeria","Yobe","Damaturu (Sunday Market)","exchange_rate_unofficial","2023-03-01","464.81","468.15","460.43","460.43","NGN"
"","Nigeria","Yobe","Geidam","exchange_rate_unofficial","2023-03-01","464.81","468.15","460.43","460.43","NGN"
"","Nigeria","Yobe","Gujba (Buni Yadi)","exchange_rate_unofficial","2023-03-01","464.81","468.15","460.43","460.43","NGN"
"","Nigeria","Yobe","Gulani (Tettaba)","exchange_rate_unofficial","2023-03-01","464.81","468.15","460.43","460.43","NGN"
"","Nigeria","Yobe","Jakusko","exchange_rate_unofficial","2023-03-01","464.81","468.15","460.43","460.43","NGN"
"","Nigeria","Yobe","Machina Central","exchange_rate_unofficial","2023-03-01","464.81","468.15","460.43","460.43","NGN"
"","Nigeria","Yobe","Nangere","exchange_rate_unofficial","2023-03-01","464.81","468.15","460.43","460.43","NGN"
"","Nigeria","Yobe","Ngelzarma","exchange_rate_unofficial","2023-03-01","464.81","468.15","460.43","460.43","NGN"
"","Nigeria","Yobe","Nguru","exchange_rate_unofficial","2023-03-01","464.81","468.15","460.43","460.43","NGN"
"","Nigeria","Yobe","Potiskum","exchange_rate_unofficial","2023-03-01","464.81","468.15","460.43","460.43","NGN"
"","Nigeria","Yobe","Yunusari","exchange_rate_unofficial","2023-03-01","464.81","468.15","460.43","460.43","NGN"
"","Nigeria","Yobe","Yusufari","exchange_rate_unofficial","2023-03-01","464.81","468.15","460.43","460.43","NGN"
"","Nigeria","Zamfara","Kaura Namoda","exchange_rate_unofficial","2023-03-01","464.81","468.15","460.43","460.43","NGN"
"","Nigeria","Abia","Aba","exchange_rate_unofficial","2023-04-01","460.7","464.05","457.36","460.43","NGN"
"","Nigeria","Adamawa","Gombi","exchange_rate_unofficial","2023-04-01","460.7","464.05","457.36","460.43","NGN"
"","Nigeria","Adamawa","Jimeta Grain","exchange_rate_unofficial","2023-04-01","460.7","464.05","457.36","460.43","NGN"
"","Nigeria","Adamawa","Madagali","exchange_rate_unofficial","2023-04-01","460.7","464.05","457.36","460.43","NGN"
"","Nigeria","Adamawa","Michika","exchange_rate_unofficial","2023-04-01","460.7","464.05","457.36","460.43","NGN"
"","Nigeria","Adamawa","Mubi","exchange_rate_unofficial","2023-04-01","460.7","464.05","457.36","460.43","NGN"
"","Nigeria","Adamawa","Mubi North","exchange_rate_unofficial","2023-04-01","460.7","464.05","457.36","460.43","NGN"
"","Nigeria","Adamawa","Ngalang","exchange_rate_unofficial","2023-04-01","460.7","464.05","457.36","460.43","NGN"
"","Nigeria","Borno","Abba Gamaram","exchange_rate_unofficial","2023-04-01","460.7","464.05","457.36","460.43","NGN"
"","Nigeria","Borno","Baga Road","exchange_rate_unofficial","2023-04-01","460.7","464.05","457.36","460.43","NGN"
"","Nigeria","Borno","Bama","exchange_rate_unofficial","2023-04-01","460.7","464.05","457.36","460.43","NGN"
"","Nigeria","Borno","Banki","exchange_rate_unofficial","2023-04-01","460.7","464.05","457.36","460.43","NGN"
"","Nigeria","Borno","Biu","exchange_rate_unofficial","2023-04-01","460.7","464.05","457.36","460.43","NGN"
"","Nigeria","Borno","Bolori Stores","exchange_rate_unofficial","2023-04-01","460.7","464.05","457.36","460.43","NGN"
"","Nigeria","Borno","Budum","exchange_rate_unofficial","2023-04-01","460.7","464.05","457.36","460.43","NGN"
"","Nigeria","Borno","Bullunkutu","exchange_rate_unofficial","2023-04-01","460.7","464.05","457.36","460.43","NGN"
"","Nigeria","Borno","Custom","exchange_rate_unofficial","2023-04-01","460.7","464.05","457.36","460.43","NGN"
"","Nigeria","Borno","Damassack (CBM)","exchange_rate_unofficial","2023-04-01","460.7","464.05","457.36","460.43","NGN"
"","Nigeria","Borno","Damboa","exchange_rate_unofficial","2023-04-01","460.7","464.05","457.36","460.43","NGN"
"","Nigeria","Borno","Dikwa Central","exchange_rate_unofficial","2023-04-01","460.7","464.05","457.36","460.43","NGN"
"","Nigeria","Borno","Gajiram","exchange_rate_unofficial","2023-04-01","460.7","464.05","457.36","460.43","NGN"
"","Nigeria","Borno","Gamboru","exchange_rate_unofficial","2023-04-01","460.7","464.05","457.36","460.43","NGN"
"","Nigeria","Borno","Gwoza Central","exchange_rate_unofficial","2023-04-01","460.7","464.05","457.36","460.43","NGN"
"","Nigeria","Borno","Kashuwan Shanu","exchange_rate_unofficial","2023-04-01","460.7","464.05","457.36","460.43","NGN"
"","Nigeria","Borno","Konduga","exchange_rate_unofficial","2023-04-01","460.7","464.05","457.36","460.43","NGN"
"","Nigeria","Borno","Kusawam Shanu","exchange_rate_unofficial","2023-04-01","460.7","464.05","457.36","460.43","NGN"
"","Nigeria","Borno","Mafa","exchange_rate_unofficial","2023-04-01","460.7","464.05","457.36","460.43","NGN"
"","Nigeria","Borno","Magumeri Central","exchange_rate_unofficial","2023-04-01","460.7","464.05","457.36","460.43","NGN"
"","Nigeria","Borno","Maiduguri","exchange_rate_unofficial","2023-04-01","460.7","464.05","457.36","460.43","NGN"
"","Nigeria","Borno","Monday","exchange_rate_unofficial","2023-04-01","460.7","464.05","457.36","460.43","NGN"
"","Nigeria","Borno","Monguno","exchange_rate_unofficial","2023-04-01","460.7","464.05","457.36","460.43","NGN"
"","Nigeria","Borno","Ngala","exchange_rate_unofficial","2023-04-01","460.7","464.05","457.36","460.43","NGN"
"","Nigeria","Borno","Pulka","exchange_rate_unofficial","2023-04-01","460.7","464.05","457.36","460.43","NGN"
"","Nigeria","Borno","Rann","exchange_rate_unofficial","2023-04-01","460.7","464.05","457.36","460.43","NGN"
"","Nigeria","Borno","Shani Main Market","exchange_rate_unofficial","2023-04-01","460.7","464.05","457.36","460.43","NGN"
"","Nigeria","Borno","Tashan Bama","exchange_rate_unofficial","2023-04-01","460.7","464.05","457.36","460.43","NGN"
"","Nigeria","Geopolitical Zone","North Central","exchange_rate_unofficial","2023-04-01","460.7","464.05","457.36","460.43","NGN"
"","Nigeria","Geopolitical Zone","North West","exchange_rate_unofficial","2023-04-01","460.7","464.05","457.36","460.43","NGN"
"","Nigeria","Geopolitical Zone","South East","exchange_rate_unofficial","2023-04-01","460.7","464.05","457.36","460.43","NGN"
"","Nigeria","Geopolitical Zone","South South","exchange_rate_unofficial","2023-04-01","460.7","464.05","457.36","460.43","NGN"
"","Nigeria","Geopolitical Zone","South West","exchange_rate_unofficial","2023-04-01","460.7","464.05","457.36","460.43","NGN"
"","Nigeria","Gombe","Gombe","exchange_rate_unofficial","2023-04-01","460.7","464.05","457.36","460.43","NGN"
"","Nigeria","Jigawa","Gujungu","exchange_rate_unofficial","2023-04-01","460.7","464.05","457.36","460.43","NGN"
"","Nigeria","Kaduna","Giwa","exchange_rate_unofficial","2023-04-01","460.7","464.05","457.36","460.43","NGN"
"","Nigeria","Kaduna","Saminaka","exchange_rate_unofficial","2023-04-01","460.7","464.05","457.36","460.43","NGN"
"","Nigeria","Kano","Dawanau","exchange_rate_unofficial","2023-04-01","460.7","464.05","457.36","460.43","NGN"
"","Nigeria","Kano State (1)","Kano","exchange_rate_unofficial","2023-04-01","460.7","464.05","457.36","460.43","NGN"
"","Nigeria","Katsina","Dandume","exchange_rate_unofficial","2023-04-01","460.7","464.05","457.36","460.43","NGN"
"","Nigeria","Katsina","Mai Adoua (CBM)","exchange_rate_unofficial","2023-04-01","460.7","464.05","457.36","460.43","NGN"
"","Nigeria","Kebbi","Gwandu","exchange_rate_unofficial","2023-04-01","460.7","464.05","457.36","460.43","NGN"
"","Nigeria","Lagos","Lagos","exchange_rate_unofficial","2023-04-01","460.7","464.05","457.36","460.43","NGN"
"","Nigeria","Market Average","Market Average","exchange_rate_unofficial","2023-04-01","460.7","464.05","457.36","460.43","NGN"
"","Nigeria","National Average","Abuja","exchange_rate_unofficial","2023-04-01","460.7","464.05","457.36","460.43","NGN"
"","Nigeria","Oyo","Ibadan","exchange_rate_unofficial","2023-04-01","460.7","464.05","457.36","460.43","NGN"
"","Nigeria","Sokoto","Illela (CBM)","exchange_rate_unofficial","2023-04-01","460.7","464.05","457.36","460.43","NGN"
"","Nigeria","Yobe","Bade (Gashua)","exchange_rate_unofficial","2023-04-01","460.7","464.05","457.36","460.43","NGN"
"","Nigeria","Yobe","Bayantasha","exchange_rate_unofficial","2023-04-01","460.7","464.05","457.36","460.43","NGN"
"","Nigeria","Yobe","Biriri","exchange_rate_unofficial","2023-04-01","460.7","464.05","457.36","460.43","NGN"
"","Nigeria","Yobe","Bursari","exchange_rate_unofficial","2023-04-01","460.7","464.05","457.36","460.43","NGN"
"","Nigeria","Yobe","Damagum","exchange_rate_unofficial","2023-04-01","460.7","464.05","457.36","460.43","NGN"
"","Nigeria","Yobe","Damaturu","exchange_rate_unofficial","2023-04-01","460.7","464.05","457.36","460.43","NGN"
"","Nigeria","Yobe","Damaturu (Sunday Market)","exchange_rate_unofficial","2023-04-01","460.7","464.05","457.36","460.43","NGN"
"","Nigeria","Yobe","Geidam","exchange_rate_unofficial","2023-04-01","460.7","464.05","457.36","460.43","NGN"
"","Nigeria","Yobe","Gujba (Buni Yadi)","exchange_rate_unofficial","2023-04-01","460.7","464.05","457.36","460.43","NGN"
"","Nigeria","Yobe","Gulani (Tettaba)","exchange_rate_unofficial","2023-04-01","460.7","464.05","457.36","460.43","NGN"
"","Nigeria","Yobe","Jakusko","exchange_rate_unofficial","2023-04-01","460.7","464.05","457.36","460.43","NGN"
"","Nigeria","Yobe","Machina Central","exchange_rate_unofficial","2023-04-01","460.7","464.05","457.36","460.43","NGN"
"","Nigeria","Yobe","Nangere","exchange_rate_unofficial","2023-04-01","460.7","464.05","457.36","460.43","NGN"
"","Nigeria","Yobe","Ngelzarma","exchange_rate_unofficial","2023-04-01","460.7","464.05","457.36","460.43","NGN"
"","Nigeria","Yobe","Nguru","exchange_rate_unofficial","2023-04-01","460.7","464.05","457.36","460.43","NGN"
"","Nigeria","Yobe","Potiskum","exchange_rate_unofficial","2023-04-01","460.7","464.05","457.36","460.43","NGN"
"","Nigeria","Yobe","Yunusari","exchange_rate_unofficial","2023-04-01","460.7","464.05","457.36","460.43","NGN"
"","Nigeria","Yobe","Yusufari","exchange_rate_unofficial","2023-04-01","460.7","464.05","457.36","460.43","NGN"
"","Nigeria","Zamfara","Kaura Namoda","exchange_rate_unofficial","2023-04-01","460.7","464.05","457.36","460.43","NGN"
"","Nigeria","Abia","Aba","exchange_rate_unofficial","2023-05-01","463.68","466.94","460.41","460.71","NGN"
"","Nigeria","Adamawa","Gombi","exchange_rate_unofficial","2023-05-01","463.68","466.94","460.41","460.71","NGN"
"","Nigeria","Adamawa","Jimeta Grain","exchange_rate_unofficial","2023-05-01","463.68","466.94","460.41","460.71","NGN"
"","Nigeria","Adamawa","Madagali","exchange_rate_unofficial","2023-05-01","463.68","466.94","460.41","460.71","NGN"
"","Nigeria","Adamawa","Michika","exchange_rate_unofficial","2023-05-01","463.68","466.94","460.41","460.71","NGN"
"","Nigeria","Adamawa","Mubi","exchange_rate_unofficial","2023-05-01","463.68","466.94","460.41","460.71","NGN"
"","Nigeria","Adamawa","Mubi North","exchange_rate_unofficial","2023-05-01","463.68","466.94","460.41","460.71","NGN"
"","Nigeria","Adamawa","Ngalang","exchange_rate_unofficial","2023-05-01","463.68","466.94","460.41","460.71","NGN"
"","Nigeria","Borno","Abba Gamaram","exchange_rate_unofficial","2023-05-01","463.68","466.94","460.41","460.71","NGN"
"","Nigeria","Borno","Baga Road","exchange_rate_unofficial","2023-05-01","463.68","466.94","460.41","460.71","NGN"
"","Nigeria","Borno","Bama","exchange_rate_unofficial","2023-05-01","463.68","466.94","460.41","460.71","NGN"
"","Nigeria","Borno","Banki","exchange_rate_unofficial","2023-05-01","463.68","466.94","460.41","460.71","NGN"
"","Nigeria","Borno","Biu","exchange_rate_unofficial","2023-05-01","463.68","466.94","460.41","460.71","NGN"
"","Nigeria","Borno","Bolori Stores","exchange_rate_unofficial","2023-05-01","463.68","466.94","460.41","460.71","NGN"
"","Nigeria","Borno","Budum","exchange_rate_unofficial","2023-05-01","463.68","466.94","460.41","460.71","NGN"
"","Nigeria","Borno","Bullunkutu","exchange_rate_unofficial","2023-05-01","463.68","466.94","460.41","460.71","NGN"
"","Nigeria","Borno","Custom","exchange_rate_unofficial","2023-05-01","463.68","466.94","460.41","460.71","NGN"
"","Nigeria","Borno","Damassack (CBM)","exchange_rate_unofficial","2023-05-01","463.68","466.94","460.41","460.71","NGN"
"","Nigeria","Borno","Damboa","exchange_rate_unofficial","2023-05-01","463.68","466.94","460.41","460.71","NGN"
"","Nigeria","Borno","Dikwa Central","exchange_rate_unofficial","2023-05-01","463.68","466.94","460.41","460.71","NGN"
"","Nigeria","Borno","Gajiram","exchange_rate_unofficial","2023-05-01","463.68","466.94","460.41","460.71","NGN"
"","Nigeria","Borno","Gamboru","exchange_rate_unofficial","2023-05-01","463.68","466.94","460.41","460.71","NGN"
"","Nigeria","Borno","Gwoza Central","exchange_rate_unofficial","2023-05-01","463.68","466.94","460.41","460.71","NGN"
"","Nigeria","Borno","Kashuwan Shanu","exchange_rate_unofficial","2023-05-01","463.68","466.94","460.41","460.71","NGN"
"","Nigeria","Borno","Konduga","exchange_rate_unofficial","2023-05-01","463.68","466.94","460.41","460.71","NGN"
"","Nigeria","Borno","Kusawam Shanu","exchange_rate_unofficial","2023-05-01","463.68","466.94","460.41","460.71","NGN"
"","Nigeria","Borno","Mafa","exchange_rate_unofficial","2023-05-01","463.68","466.94","460.41","460.71","NGN"
"","Nigeria","Borno","Magumeri Central","exchange_rate_unofficial","2023-05-01","463.68","466.94","460.41","460.71","NGN"
"","Nigeria","Borno","Maiduguri","exchange_rate_unofficial","2023-05-01","463.68","466.94","460.41","460.71","NGN"
"","Nigeria","Borno","Monday","exchange_rate_unofficial","2023-05-01","463.68","466.94","460.41","460.71","NGN"
"","Nigeria","Borno","Monguno","exchange_rate_unofficial","2023-05-01","463.68","466.94","460.41","460.71","NGN"
"","Nigeria","Borno","Ngala","exchange_rate_unofficial","2023-05-01","463.68","466.94","460.41","460.71","NGN"
"","Nigeria","Borno","Pulka","exchange_rate_unofficial","2023-05-01","463.68","466.94","460.41","460.71","NGN"
"","Nigeria","Borno","Rann","exchange_rate_unofficial","2023-05-01","463.68","466.94","460.41","460.71","NGN"
"","Nigeria","Borno","Shani Main Market","exchange_rate_unofficial","2023-05-01","463.68","466.94","460.41","460.71","NGN"
"","Nigeria","Borno","Tashan Bama","exchange_rate_unofficial","2023-05-01","463.68","466.94","460.41","460.71","NGN"
"","Nigeria","Geopolitical Zone","North Central","exchange_rate_unofficial","2023-05-01","463.68","466.94","460.41","460.71","NGN"
"","Nigeria","Geopolitical Zone","North West","exchange_rate_unofficial","2023-05-01","463.68","466.94","460.41","460.71","NGN"
"","Nigeria","Geopolitical Zone","South East","exchange_rate_unofficial","2023-05-01","463.68","466.94","460.41","460.71","NGN"
"","Nigeria","Geopolitical Zone","South South","exchange_rate_unofficial","2023-05-01","463.68","466.94","460.41","460.71","NGN"
"","Nigeria","Geopolitical Zone","South West","exchange_rate_unofficial","2023-05-01","463.68","466.94","460.41","460.71","NGN"
"","Nigeria","Gombe","Gombe","exchange_rate_unofficial","2023-05-01","463.68","466.94","460.41","460.71","NGN"
"","Nigeria","Jigawa","Gujungu","exchange_rate_unofficial","2023-05-01","463.68","466.94","460.41","460.71","NGN"
"","Nigeria","Kaduna","Giwa","exchange_rate_unofficial","2023-05-01","463.68","466.94","460.41","460.71","NGN"
"","Nigeria","Kaduna","Saminaka","exchange_rate_unofficial","2023-05-01","463.68","466.94","460.41","460.71","NGN"
"","Nigeria","Kano","Dawanau","exchange_rate_unofficial","2023-05-01","463.68","466.94","460.41","460.71","NGN"
"","Nigeria","Kano State (1)","Kano","exchange_rate_unofficial","2023-05-01","463.68","466.94","460.41","460.71","NGN"
"","Nigeria","Katsina","Dandume","exchange_rate_unofficial","2023-05-01","463.68","466.94","460.41","460.71","NGN"
"","Nigeria","Katsina","Mai Adoua (CBM)","exchange_rate_unofficial","2023-05-01","463.68","466.94","460.41","460.71","NGN"
"","Nigeria","Kebbi","Gwandu","exchange_rate_unofficial","2023-05-01","463.68","466.94","460.41","460.71","NGN"
"","Nigeria","Lagos","Lagos","exchange_rate_unofficial","2023-05-01","463.68","466.94","460.41","460.71","NGN"
"","Nigeria","Market Average","Market Average","exchange_rate_unofficial","2023-05-01","463.68","466.94","460.41","460.71","NGN"
"","Nigeria","National Average","Abuja","exchange_rate_unofficial","2023-05-01","463.68","466.94","460.41","460.71","NGN"
"","Nigeria","Oyo","Ibadan","exchange_rate_unofficial","2023-05-01","463.68","466.94","460.41","460.71","NGN"
"","Nigeria","Sokoto","Illela (CBM)","exchange_rate_unofficial","2023-05-01","463.68","466.94","460.41","460.71","NGN"
"","Nigeria","Yobe","Bade (Gashua)","exchange_rate_unofficial","2023-05-01","463.68","466.94","460.41","460.71","NGN"
"","Nigeria","Yobe","Bayantasha","exchange_rate_unofficial","2023-05-01","463.68","466.94","460.41","460.71","NGN"
"","Nigeria","Yobe","Biriri","exchange_rate_unofficial","2023-05-01","463.68","466.94","460.41","460.71","NGN"
"","Nigeria","Yobe","Bursari","exchange_rate_unofficial","2023-05-01","463.68","466.94","460.41","460.71","NGN"
"","Nigeria","Yobe","Damagum","exchange_rate_unofficial","2023-05-01","463.68","466.94","460.41","460.71","NGN"
"","Nigeria","Yobe","Damaturu","exchange_rate_unofficial","2023-05-01","463.68","466.94","460.41","460.71","NGN"
"","Nigeria","Yobe","Damaturu (Sunday Market)","exchange_rate_unofficial","2023-05-01","463.68","466.94","460.41","460.71","NGN"
"","Nigeria","Yobe","Geidam","exchange_rate_unofficial","2023-05-01","463.68","466.94","460.41","460.71","NGN"
"","Nigeria","Yobe","Gujba (Buni Yadi)","exchange_rate_unofficial","2023-05-01","463.68","466.94","460.41","460.71","NGN"
"","Nigeria","Yobe","Gulani (Tettaba)","exchange_rate_unofficial","2023-05-01","463.68","466.94","460.41","460.71","NGN"
"","Nigeria","Yobe","Jakusko","exchange_rate_unofficial","2023-05-01","463.68","466.94","460.41","460.71","NGN"
"","Nigeria","Yobe","Machina Central","exchange_rate_unofficial","2023-05-01","463.68","466.94","460.41","460.71","NGN"
"","Nigeria","Yobe","Nangere","exchange_rate_unofficial","2023-05-01","463.68","466.94","460.41","460.71","NGN"
"","Nigeria","Yobe","Ngelzarma","exchange_rate_unofficial","2023-05-01","463.68","466.94","460.41","460.71","NGN"
"","Nigeria","Yobe","Nguru","exchange_rate_unofficial","2023-05-01","463.68","466.94","460.41","460.71","NGN"
"","Nigeria","Yobe","Potiskum","exchange_rate_unofficial","2023-05-01","463.68","466.94","460.41","460.71","NGN"
"","Nigeria","Yobe","Yunusari","exchange_rate_unofficial","2023-05-01","463.68","466.94","460.41","460.71","NGN"
"","Nigeria","Yobe","Yusufari","exchange_rate_unofficial","2023-05-01","463.68","466.94","460.41","460.71","NGN"
"","Nigeria","Zamfara","Kaura Namoda","exchange_rate_unofficial","2023-05-01","463.68","466.94","460.41","460.71","NGN"
"","Nigeria","Abia","Aba","exchange_rate_unofficial","2023-06-01","461.42","615.78","458.18","615.78","NGN"
"","Nigeria","Adamawa","Gombi","exchange_rate_unofficial","2023-06-01","461.42","615.78","458.18","615.78","NGN"
"","Nigeria","Adamawa","Jimeta Grain","exchange_rate_unofficial","2023-06-01","461.42","615.78","458.18","615.78","NGN"
"","Nigeria","Adamawa","Madagali","exchange_rate_unofficial","2023-06-01","461.42","615.78","458.18","615.78","NGN"
"","Nigeria","Adamawa","Michika","exchange_rate_unofficial","2023-06-01","461.42","615.78","458.18","615.78","NGN"
"","Nigeria","Adamawa","Mubi","exchange_rate_unofficial","2023-06-01","461.42","615.78","458.18","615.78","NGN"
"","Nigeria","Adamawa","Mubi North","exchange_rate_unofficial","2023-06-01","461.42","615.78","458.18","615.78","NGN"
"","Nigeria","Adamawa","Ngalang","exchange_rate_unofficial","2023-06-01","461.42","615.78","458.18","615.78","NGN"
"","Nigeria","Borno","Abba Gamaram","exchange_rate_unofficial","2023-06-01","461.42","615.78","458.18","615.78","NGN"
"","Nigeria","Borno","Baga Road","exchange_rate_unofficial","2023-06-01","461.42","615.78","458.18","615.78","NGN"
"","Nigeria","Borno","Bama","exchange_rate_unofficial","2023-06-01","461.42","615.78","458.18","615.78","NGN"
"","Nigeria","Borno","Banki","exchange_rate_unofficial","2023-06-01","461.42","615.78","458.18","615.78","NGN"
"","Nigeria","Borno","Biu","exchange_rate_unofficial","2023-06-01","461.42","615.78","458.18","615.78","NGN"
"","Nigeria","Borno","Bolori Stores","exchange_rate_unofficial","2023-06-01","461.42","615.78","458.18","615.78","NGN"
"","Nigeria","Borno","Budum","exchange_rate_unofficial","2023-06-01","461.42","615.78","458.18","615.78","NGN"
"","Nigeria","Borno","Bullunkutu","exchange_rate_unofficial","2023-06-01","461.42","615.78","458.18","615.78","NGN"
"","Nigeria","Borno","Custom","exchange_rate_unofficial","2023-06-01","461.42","615.78","458.18","615.78","NGN"
"","Nigeria","Borno","Damassack (CBM)","exchange_rate_unofficial","2023-06-01","461.42","615.78","458.18","615.78","NGN"
"","Nigeria","Borno","Damboa","exchange_rate_unofficial","2023-06-01","461.42","615.78","458.18","615.78","NGN"
"","Nigeria","Borno","Dikwa Central","exchange_rate_unofficial","2023-06-01","461.42","615.78","458.18","615.78","NGN"
"","Nigeria","Borno","Gajiram","exchange_rate_unofficial","2023-06-01","461.42","615.78","458.18","615.78","NGN"
"","Nigeria","Borno","Gamboru","exchange_rate_unofficial","2023-06-01","461.42","615.78","458.18","615.78","NGN"
"","Nigeria","Borno","Gwoza Central","exchange_rate_unofficial","2023-06-01","461.42","615.78","458.18","615.78","NGN"
"","Nigeria","Borno","Kashuwan Shanu","exchange_rate_unofficial","2023-06-01","461.42","615.78","458.18","615.78","NGN"
"","Nigeria","Borno","Konduga","exchange_rate_unofficial","2023-06-01","461.42","615.78","458.18","615.78","NGN"
"","Nigeria","Borno","Kusawam Shanu","exchange_rate_unofficial","2023-06-01","461.42","615.78","458.18","615.78","NGN"
"","Nigeria","Borno","Mafa","exchange_rate_unofficial","2023-06-01","461.42","615.78","458.18","615.78","NGN"
"","Nigeria","Borno","Magumeri Central","exchange_rate_unofficial","2023-06-01","461.42","615.78","458.18","615.78","NGN"
"","Nigeria","Borno","Maiduguri","exchange_rate_unofficial","2023-06-01","461.42","615.78","458.18","615.78","NGN"
"","Nigeria","Borno","Monday","exchange_rate_unofficial","2023-06-01","461.42","615.78","458.18","615.78","NGN"
"","Nigeria","Borno","Monguno","exchange_rate_unofficial","2023-06-01","461.42","615.78","458.18","615.78","NGN"
"","Nigeria","Borno","Ngala","exchange_rate_unofficial","2023-06-01","461.42","615.78","458.18","615.78","NGN"
"","Nigeria","Borno","Pulka","exchange_rate_unofficial","2023-06-01","461.42","615.78","458.18","615.78","NGN"
"","Nigeria","Borno","Rann","exchange_rate_unofficial","2023-06-01","461.42","615.78","458.18","615.78","NGN"
"","Nigeria","Borno","Shani Main Market","exchange_rate_unofficial","2023-06-01","461.42","615.78","458.18","615.78","NGN"
"","Nigeria","Borno","Tashan Bama","exchange_rate_unofficial","2023-06-01","461.42","615.78","458.18","615.78","NGN"
"","Nigeria","Geopolitical Zone","North Central","exchange_rate_unofficial","2023-06-01","461.42","615.78","458.18","615.78","NGN"
"","Nigeria","Geopolitical Zone","North West","exchange_rate_unofficial","2023-06-01","461.42","615.78","458.18","615.78","NGN"
"","Nigeria","Geopolitical Zone","South East","exchange_rate_unofficial","2023-06-01","461.42","615.78","458.18","615.78","NGN"
"","Nigeria","Geopolitical Zone","South South","exchange_rate_unofficial","2023-06-01","461.42","615.78","458.18","615.78","NGN"
"","Nigeria","Geopolitical Zone","South West","exchange_rate_unofficial","2023-06-01","461.42","615.78","458.18","615.78","NGN"
"","Nigeria","Gombe","Gombe","exchange_rate_unofficial","2023-06-01","461.42","615.78","458.18","615.78","NGN"
"","Nigeria","Jigawa","Gujungu","exchange_rate_unofficial","2023-06-01","461.42","615.78","458.18","615.78","NGN"
"","Nigeria","Kaduna","Giwa","exchange_rate_unofficial","2023-06-01","461.42","615.78","458.18","615.78","NGN"
"","Nigeria","Kaduna","Saminaka","exchange_rate_unofficial","2023-06-01","461.42","615.78","458.18","615.78","NGN"
"","Nigeria","Kano","Dawanau","exchange_rate_unofficial","2023-06-01","461.42","615.78","458.18","615.78","NGN"
"","Nigeria","Kano State (1)","Kano","exchange_rate_unofficial","2023-06-01","461.42","615.78","458.18","615.78","NGN"
"","Nigeria","Katsina","Dandume","exchange_rate_unofficial","2023-06-01","461.42","615.78","458.18","615.78","NGN"
"","Nigeria","Katsina","Mai Adoua (CBM)","exchange_rate_unofficial","2023-06-01","461.42","615.78","458.18","615.78","NGN"
"","Nigeria","Kebbi","Gwandu","exchange_rate_unofficial","2023-06-01","461.42","615.78","458.18","615.78","NGN"
"","Nigeria","Lagos","Lagos","exchange_rate_unofficial","2023-06-01","461.42","615.78","458.18","615.78","NGN"
"","Nigeria","Market Average","Market Average","exchange_rate_unofficial","2023-06-01","461.42","615.78","458.18","615.78","NGN"
"","Nigeria","National Average","Abuja","exchange_rate_unofficial","2023-06-01","461.42","615.78","458.18","615.78","NGN"
"","Nigeria","Oyo","Ibadan","exchange_rate_unofficial","2023-06-01","461.42","615.78","458.18","615.78","NGN"
"","Nigeria","Sokoto","Illela (CBM)","exchange_rate_unofficial","2023-06-01","461.42","615.78","458.18","615.78","NGN"
"","Nigeria","Yobe","Bade (Gashua)","exchange_rate_unofficial","2023-06-01","461.42","615.78","458.18","615.78","NGN"
"","Nigeria","Yobe","Bayantasha","exchange_rate_unofficial","2023-06-01","461.42","615.78","458.18","615.78","NGN"
"","Nigeria","Yobe","Biriri","exchange_rate_unofficial","2023-06-01","461.42","615.78","458.18","615.78","NGN"
"","Nigeria","Yobe","Bursari","exchange_rate_unofficial","2023-06-01","461.42","615.78","458.18","615.78","NGN"
"","Nigeria","Yobe","Damagum","exchange_rate_unofficial","2023-06-01","461.42","615.78","458.18","615.78","NGN"
"","Nigeria","Yobe","Damaturu","exchange_rate_unofficial","2023-06-01","461.42","615.78","458.18","615.78","NGN"
"","Nigeria","Yobe","Damaturu (Sunday Market)","exchange_rate_unofficial","2023-06-01","461.42","615.78","458.18","615.78","NGN"
"","Nigeria","Yobe","Geidam","exchange_rate_unofficial","2023-06-01","461.42","615.78","458.18","615.78","NGN"
"","Nigeria","Yobe","Gujba (Buni Yadi)","exchange_rate_unofficial","2023-06-01","461.42","615.78","458.18","615.78","NGN"
"","Nigeria","Yobe","Gulani (Tettaba)","exchange_rate_unofficial","2023-06-01","461.42","615.78","458.18","615.78","NGN"
"","Nigeria","Yobe","Jakusko","exchange_rate_unofficial","2023-06-01","461.42","615.78","458.18","615.78","NGN"
"","Nigeria","Yobe","Machina Central","exchange_rate_unofficial","2023-06-01","461.42","615.78","458.18","615.78","NGN"
"","Nigeria","Yobe","Nangere","exchange_rate_unofficial","2023-06-01","461.42","615.78","458.18","615.78","NGN"
"","Nigeria","Yobe","Ngelzarma","exchange_rate_unofficial","2023-06-01","461.42","615.78","458.18","615.78","NGN"
"","Nigeria","Yobe","Nguru","exchange_rate_unofficial","2023-06-01","461.42","615.78","458.18","615.78","NGN"
"","Nigeria","Yobe","Potiskum","exchange_rate_unofficial","2023-06-01","461.42","615.78","458.18","615.78","NGN"
"","Nigeria","Yobe","Yunusari","exchange_rate_unofficial","2023-06-01","461.42","615.78","458.18","615.78","NGN"
"","Nigeria","Yobe","Yusufari","exchange_rate_unofficial","2023-06-01","461.42","615.78","458.18","615.78","NGN"
"","Nigeria","Zamfara","Kaura Namoda","exchange_rate_unofficial","2023-06-01","461.42","615.78","458.18","615.78","NGN"
"","Nigeria","Abia","Aba","exchange_rate_unofficial","2023-07-01","634.23","770.29","625.41","770.29","NGN"
"","Nigeria","Adamawa","Gombi","exchange_rate_unofficial","2023-07-01","634.23","770.29","625.41","770.29","NGN"
"","Nigeria","Adamawa","Jimeta Grain","exchange_rate_unofficial","2023-07-01","634.23","770.29","625.41","770.29","NGN"
"","Nigeria","Adamawa","Madagali","exchange_rate_unofficial","2023-07-01","634.23","770.29","625.41","770.29","NGN"
"","Nigeria","Adamawa","Michika","exchange_rate_unofficial","2023-07-01","634.23","770.29","625.41","770.29","NGN"
"","Nigeria","Adamawa","Mubi","exchange_rate_unofficial","2023-07-01","634.23","770.29","625.41","770.29","NGN"
"","Nigeria","Adamawa","Mubi North","exchange_rate_unofficial","2023-07-01","634.23","770.29","625.41","770.29","NGN"
"","Nigeria","Adamawa","Ngalang","exchange_rate_unofficial","2023-07-01","634.23","770.29","625.41","770.29","NGN"
"","Nigeria","Borno","Abba Gamaram","exchange_rate_unofficial","2023-07-01","634.23","770.29","625.41","770.29","NGN"
"","Nigeria","Borno","Baga Road","exchange_rate_unofficial","2023-07-01","634.23","770.29","625.41","770.29","NGN"
"","Nigeria","Borno","Bama","exchange_rate_unofficial","2023-07-01","634.23","770.29","625.41","770.29","NGN"
"","Nigeria","Borno","Banki","exchange_rate_unofficial","2023-07-01","634.23","770.29","625.41","770.29","NGN"
"","Nigeria","Borno","Biu","exchange_rate_unofficial","2023-07-01","634.23","770.29","625.41","770.29","NGN"
"","Nigeria","Borno","Bolori Stores","exchange_rate_unofficial","2023-07-01","634.23","770.29","625.41","770.29","NGN"
"","Nigeria","Borno","Budum","exchange_rate_unofficial","2023-07-01","634.23","770.29","625.41","770.29","NGN"
"","Nigeria","Borno","Bullunkutu","exchange_rate_unofficial","2023-07-01","634.23","770.29","625.41","770.29","NGN"
"","Nigeria","Borno","Custom","exchange_rate_unofficial","2023-07-01","634.23","770.29","625.41","770.29","NGN"
"","Nigeria","Borno","Damassack (CBM)","exchange_rate_unofficial","2023-07-01","634.23","770.29","625.41","770.29","NGN"
"","Nigeria","Borno","Damboa","exchange_rate_unofficial","2023-07-01","634.23","770.29","625.41","770.29","NGN"
"","Nigeria","Borno","Dikwa Central","exchange_rate_unofficial","2023-07-01","634.23","770.29","625.41","770.29","NGN"
"","Nigeria","Borno","Gajiram","exchange_rate_unofficial","2023-07-01","634.23","770.29","625.41","770.29","NGN"
"","Nigeria","Borno","Gamboru","exchange_rate_unofficial","2023-07-01","634.23","770.29","625.41","770.29","NGN"
"","Nigeria","Borno","Gwoza Central","exchange_rate_unofficial","2023-07-01","634.23","770.29","625.41","770.29","NGN"
"","Nigeria","Borno","Kashuwan Shanu","exchange_rate_unofficial","2023-07-01","634.23","770.29","625.41","770.29","NGN"
"","Nigeria","Borno","Konduga","exchange_rate_unofficial","2023-07-01","634.23","770.29","625.41","770.29","NGN"
"","Nigeria","Borno","Kusawam Shanu","exchange_rate_unofficial","2023-07-01","634.23","770.29","625.41","770.29","NGN"
"","Nigeria","Borno","Mafa","exchange_rate_unofficial","2023-07-01","634.23","770.29","625.41","770.29","NGN"
"","Nigeria","Borno","Magumeri Central","exchange_rate_unofficial","2023-07-01","634.23","770.29","625.41","770.29","NGN"
"","Nigeria","Borno","Maiduguri","exchange_rate_unofficial","2023-07-01","634.23","770.29","625.41","770.29","NGN"
"","Nigeria","Borno","Monday","exchange_rate_unofficial","2023-07-01","634.23","770.29","625.41","770.29","NGN"
"","Nigeria","Borno","Monguno","exchange_rate_unofficial","2023-07-01","634.23","770.29","625.41","770.29","NGN"
"","Nigeria","Borno","Ngala","exchange_rate_unofficial","2023-07-01","634.23","770.29","625.41","770.29","NGN"
"","Nigeria","Borno","Pulka","exchange_rate_unofficial","2023-07-01","634.23","770.29","625.41","770.29","NGN"
"","Nigeria","Borno","Rann","exchange_rate_unofficial","2023-07-01","634.23","770.29","625.41","770.29","NGN"
"","Nigeria","Borno","Shani Main Market","exchange_rate_unofficial","2023-07-01","634.23","770.29","625.41","770.29","NGN"
"","Nigeria","Borno","Tashan Bama","exchange_rate_unofficial","2023-07-01","634.23","770.29","625.41","770.29","NGN"
"","Nigeria","Geopolitical Zone","North Central","exchange_rate_unofficial","2023-07-01","634.23","770.29","625.41","770.29","NGN"
"","Nigeria","Geopolitical Zone","North West","exchange_rate_unofficial","2023-07-01","634.23","770.29","625.41","770.29","NGN"
"","Nigeria","Geopolitical Zone","South East","exchange_rate_unofficial","2023-07-01","634.23","770.29","625.41","770.29","NGN"
"","Nigeria","Geopolitical Zone","South South","exchange_rate_unofficial","2023-07-01","634.23","770.29","625.41","770.29","NGN"
"","Nigeria","Geopolitical Zone","South West","exchange_rate_unofficial","2023-07-01","634.23","770.29","625.41","770.29","NGN"
"","Nigeria","Gombe","Gombe","exchange_rate_unofficial","2023-07-01","634.23","770.29","625.41","770.29","NGN"
"","Nigeria","Jigawa","Gujungu","exchange_rate_unofficial","2023-07-01","634.23","770.29","625.41","770.29","NGN"
"","Nigeria","Kaduna","Giwa","exchange_rate_unofficial","2023-07-01","634.23","770.29","625.41","770.29","NGN"
"","Nigeria","Kaduna","Saminaka","exchange_rate_unofficial","2023-07-01","634.23","770.29","625.41","770.29","NGN"
"","Nigeria","Kano","Dawanau","exchange_rate_unofficial","2023-07-01","634.23","770.29","625.41","770.29","NGN"
"","Nigeria","Kano State (1)","Kano","exchange_rate_unofficial","2023-07-01","634.23","770.29","625.41","770.29","NGN"
"","Nigeria","Katsina","Dandume","exchange_rate_unofficial","2023-07-01","634.23","770.29","625.41","770.29","NGN"
"","Nigeria","Katsina","Mai Adoua (CBM)","exchange_rate_unofficial","2023-07-01","634.23","770.29","625.41","770.29","NGN"
"","Nigeria","Kebbi","Gwandu","exchange_rate_unofficial","2023-07-01","634.23","770.29","625.41","770.29","NGN"
"","Nigeria","Lagos","Lagos","exchange_rate_unofficial","2023-07-01","634.23","770.29","625.41","770.29","NGN"
"","Nigeria","Market Average","Market Average","exchange_rate_unofficial","2023-07-01","634.23","770.29","625.41","770.29","NGN"
"","Nigeria","National Average","Abuja","exchange_rate_unofficial","2023-07-01","634.23","770.29","625.41","770.29","NGN"
"","Nigeria","Oyo","Ibadan","exchange_rate_unofficial","2023-07-01","634.23","770.29","625.41","770.29","NGN"
"","Nigeria","Sokoto","Illela (CBM)","exchange_rate_unofficial","2023-07-01","634.23","770.29","625.41","770.29","NGN"
"","Nigeria","Yobe","Bade (Gashua)","exchange_rate_unofficial","2023-07-01","634.23","770.29","625.41","770.29","NGN"
"","Nigeria","Yobe","Bayantasha","exchange_rate_unofficial","2023-07-01","634.23","770.29","625.41","770.29","NGN"
"","Nigeria","Yobe","Biriri","exchange_rate_unofficial","2023-07-01","634.23","770.29","625.41","770.29","NGN"
"","Nigeria","Yobe","Bursari","exchange_rate_unofficial","2023-07-01","634.23","770.29","625.41","770.29","NGN"
"","Nigeria","Yobe","Damagum","exchange_rate_unofficial","2023-07-01","634.23","770.29","625.41","770.29","NGN"
"","Nigeria","Yobe","Damaturu","exchange_rate_unofficial","2023-07-01","634.23","770.29","625.41","770.29","NGN"
"","Nigeria","Yobe","Damaturu (Sunday Market)","exchange_rate_unofficial","2023-07-01","634.23","770.29","625.41","770.29","NGN"
"","Nigeria","Yobe","Geidam","exchange_rate_unofficial","2023-07-01","634.23","770.29","625.41","770.29","NGN"
"","Nigeria","Yobe","Gujba (Buni Yadi)","exchange_rate_unofficial","2023-07-01","634.23","770.29","625.41","770.29","NGN"
"","Nigeria","Yobe","Gulani (Tettaba)","exchange_rate_unofficial","2023-07-01","634.23","770.29","625.41","770.29","NGN"
"","Nigeria","Yobe","Jakusko","exchange_rate_unofficial","2023-07-01","634.23","770.29","625.41","770.29","NGN"
"","Nigeria","Yobe","Machina Central","exchange_rate_unofficial","2023-07-01","634.23","770.29","625.41","770.29","NGN"
"","Nigeria","Yobe","Nangere","exchange_rate_unofficial","2023-07-01","634.23","770.29","625.41","770.29","NGN"
"","Nigeria","Yobe","Ngelzarma","exchange_rate_unofficial","2023-07-01","634.23","770.29","625.41","770.29","NGN"
"","Nigeria","Yobe","Nguru","exchange_rate_unofficial","2023-07-01","634.23","770.29","625.41","770.29","NGN"
"","Nigeria","Yobe","Potiskum","exchange_rate_unofficial","2023-07-01","634.23","770.29","625.41","770.29","NGN"
"","Nigeria","Yobe","Yunusari","exchange_rate_unofficial","2023-07-01","634.23","770.29","625.41","770.29","NGN"
"","Nigeria","Yobe","Yusufari","exchange_rate_unofficial","2023-07-01","634.23","770.29","625.41","770.29","NGN"
"","Nigeria","Zamfara","Kaura Namoda","exchange_rate_unofficial","2023-07-01","634.23","770.29","625.41","770.29","NGN"
"","Nigeria","Abia","Aba","exchange_rate_unofficial","2023-08-01","782.94","794.81","761.62","761.62","NGN"
"","Nigeria","Adamawa","Gombi","exchange_rate_unofficial","2023-08-01","782.94","794.81","761.62","761.62","NGN"
"","Nigeria","Adamawa","Jimeta Grain","exchange_rate_unofficial","2023-08-01","782.94","794.81","761.62","761.62","NGN"
"","Nigeria","Adamawa","Madagali","exchange_rate_unofficial","2023-08-01","782.94","794.81","761.62","761.62","NGN"
"","Nigeria","Adamawa","Michika","exchange_rate_unofficial","2023-08-01","782.94","794.81","761.62","761.62","NGN"
"","Nigeria","Adamawa","Mubi","exchange_rate_unofficial","2023-08-01","782.94","794.81","761.62","761.62","NGN"
"","Nigeria","Adamawa","Mubi North","exchange_rate_unofficial","2023-08-01","782.94","794.81","761.62","761.62","NGN"
"","Nigeria","Adamawa","Ngalang","exchange_rate_unofficial","2023-08-01","782.94","794.81","761.62","761.62","NGN"
"","Nigeria","Borno","Abba Gamaram","exchange_rate_unofficial","2023-08-01","782.94","794.81","761.62","761.62","NGN"
"","Nigeria","Borno","Baga Road","exchange_rate_unofficial","2023-08-01","782.94","794.81","761.62","761.62","NGN"
"","Nigeria","Borno","Bama","exchange_rate_unofficial","2023-08-01","782.94","794.81","761.62","761.62","NGN"
"","Nigeria","Borno","Banki","exchange_rate_unofficial","2023-08-01","782.94","794.81","761.62","761.62","NGN"
"","Nigeria","Borno","Biu","exchange_rate_unofficial","2023-08-01","782.94","794.81","761.62","761.62","NGN"
"","Nigeria","Borno","Bolori Stores","exchange_rate_unofficial","2023-08-01","782.94","794.81","761.62","761.62","NGN"
"","Nigeria","Borno","Budum","exchange_rate_unofficial","2023-08-01","782.94","794.81","761.62","761.62","NGN"
"","Nigeria","Borno","Bullunkutu","exchange_rate_unofficial","2023-08-01","782.94","794.81","761.62","761.62","NGN"
"","Nigeria","Borno","Custom","exchange_rate_unofficial","2023-08-01","782.94","794.81","761.62","761.62","NGN"
"","Nigeria","Borno","Damassack (CBM)","exchange_rate_unofficial","2023-08-01","782.94","794.81","761.62","761.62","NGN"
"","Nigeria","Borno","Damboa","exchange_rate_unofficial","2023-08-01","782.94","794.81","761.62","761.62","NGN"
"","Nigeria","Borno","Dikwa Central","exchange_rate_unofficial","2023-08-01","782.94","794.81","761.62","761.62","NGN"
"","Nigeria","Borno","Gajiram","exchange_rate_unofficial","2023-08-01","782.94","794.81","761.62","761.62","NGN"
"","Nigeria","Borno","Gamboru","exchange_rate_unofficial","2023-08-01","782.94","794.81","761.62","761.62","NGN"
"","Nigeria","Borno","Gwoza Central","exchange_rate_unofficial","2023-08-01","782.94","794.81","761.62","761.62","NGN"
"","Nigeria","Borno","Kashuwan Shanu","exchange_rate_unofficial","2023-08-01","782.94","794.81","761.62","761.62","NGN"
"","Nigeria","Borno","Konduga","exchange_rate_unofficial","2023-08-01","782.94","794.81","761.62","761.62","NGN"
"","Nigeria","Borno","Kusawam Shanu","exchange_rate_unofficial","2023-08-01","782.94","794.81","761.62","761.62","NGN"
"","Nigeria","Borno","Mafa","exchange_rate_unofficial","2023-08-01","782.94","794.81","761.62","761.62","NGN"
"","Nigeria","Borno","Magumeri Central","exchange_rate_unofficial","2023-08-01","782.94","794.81","761.62","761.62","NGN"
"","Nigeria","Borno","Maiduguri","exchange_rate_unofficial","2023-08-01","782.94","794.81","761.62","761.62","NGN"
"","Nigeria","Borno","Monday","exchange_rate_unofficial","2023-08-01","782.94","794.81","761.62","761.62","NGN"
"","Nigeria","Borno","Monguno","exchange_rate_unofficial","2023-08-01","782.94","794.81","761.62","761.62","NGN"
"","Nigeria","Borno","Ngala","exchange_rate_unofficial","2023-08-01","782.94","794.81","761.62","761.62","NGN"
"","Nigeria","Borno","Pulka","exchange_rate_unofficial","2023-08-01","782.94","794.81","761.62","761.62","NGN"
"","Nigeria","Borno","Rann","exchange_rate_unofficial","2023-08-01","782.94","794.81","761.62","761.62","NGN"
"","Nigeria","Borno","Shani Main Market","exchange_rate_unofficial","2023-08-01","782.94","794.81","761.62","761.62","NGN"
"","Nigeria","Borno","Tashan Bama","exchange_rate_unofficial","2023-08-01","782.94","794.81","761.62","761.62","NGN"
"","Nigeria","Geopolitical Zone","North Central","exchange_rate_unofficial","2023-08-01","782.94","794.81","761.62","761.62","NGN"
"","Nigeria","Geopolitical Zone","North West","exchange_rate_unofficial","2023-08-01","782.94","794.81","761.62","761.62","NGN"
"","Nigeria","Geopolitical Zone","South East","exchange_rate_unofficial","2023-08-01","782.94","794.81","761.62","761.62","NGN"
"","Nigeria","Geopolitical Zone","South South","exchange_rate_unofficial","2023-08-01","782.94","794.81","761.62","761.62","NGN"
"","Nigeria","Geopolitical Zone","South West","exchange_rate_unofficial","2023-08-01","782.94","794.81","761.62","761.62","NGN"
"","Nigeria","Gombe","Gombe","exchange_rate_unofficial","2023-08-01","782.94","794.81","761.62","761.62","NGN"
"","Nigeria","Jigawa","Gujungu","exchange_rate_unofficial","2023-08-01","782.94","794.81","761.62","761.62","NGN"
"","Nigeria","Kaduna","Giwa","exchange_rate_unofficial","2023-08-01","782.94","794.81","761.62","761.62","NGN"
"","Nigeria","Kaduna","Saminaka","exchange_rate_unofficial","2023-08-01","782.94","794.81","761.62","761.62","NGN"
"","Nigeria","Kano","Dawanau","exchange_rate_unofficial","2023-08-01","782.94","794.81","761.62","761.62","NGN"
"","Nigeria","Kano State (1)","Kano","exchange_rate_unofficial","2023-08-01","782.94","794.81","761.62","761.62","NGN"
"","Nigeria","Katsina","Dandume","exchange_rate_unofficial","2023-08-01","782.94","794.81","761.62","761.62","NGN"
"","Nigeria","Katsina","Mai Adoua (CBM)","exchange_rate_unofficial","2023-08-01","782.94","794.81","761.62","761.62","NGN"
"","Nigeria","Kebbi","Gwandu","exchange_rate_unofficial","2023-08-01","782.94","794.81","761.62","761.62","NGN"
"","Nigeria","Lagos","Lagos","exchange_rate_unofficial","2023-08-01","782.94","794.81","761.62","761.62","NGN"
"","Nigeria","Market Average","Market Average","exchange_rate_unofficial","2023-08-01","782.94","794.81","761.62","761.62","NGN"
"","Nigeria","National Average","Abuja","exchange_rate_unofficial","2023-08-01","782.94","794.81","761.62","761.62","NGN"
"","Nigeria","Oyo","Ibadan","exchange_rate_unofficial","2023-08-01","782.94","794.81","761.62","761.62","NGN"
"","Nigeria","Sokoto","Illela (CBM)","exchange_rate_unofficial","2023-08-01","782.94","794.81","761.62","761.62","NGN"
"","Nigeria","Yobe","Bade (Gashua)","exchange_rate_unofficial","2023-08-01","782.94","794.81","761.62","761.62","NGN"
"","Nigeria","Yobe","Bayantasha","exchange_rate_unofficial","2023-08-01","782.94","794.81","761.62","761.62","NGN"
"","Nigeria","Yobe","Biriri","exchange_rate_unofficial","2023-08-01","782.94","794.81","761.62","761.62","NGN"
"","Nigeria","Yobe","Bursari","exchange_rate_unofficial","2023-08-01","782.94","794.81","761.62","761.62","NGN"
"","Nigeria","Yobe","Damagum","exchange_rate_unofficial","2023-08-01","782.94","794.81","761.62","761.62","NGN"
"","Nigeria","Yobe","Damaturu","exchange_rate_unofficial","2023-08-01","782.94","794.81","761.62","761.62","NGN"
"","Nigeria","Yobe","Damaturu (Sunday Market)","exchange_rate_unofficial","2023-08-01","782.94","794.81","761.62","761.62","NGN"
"","Nigeria","Yobe","Geidam","exchange_rate_unofficial","2023-08-01","782.94","794.81","761.62","761.62","NGN"
"","Nigeria","Yobe","Gujba (Buni Yadi)","exchange_rate_unofficial","2023-08-01","782.94","794.81","761.62","761.62","NGN"
"","Nigeria","Yobe","Gulani (Tettaba)","exchange_rate_unofficial","2023-08-01","782.94","794.81","761.62","761.62","NGN"
"","Nigeria","Yobe","Jakusko","exchange_rate_unofficial","2023-08-01","782.94","794.81","761.62","761.62","NGN"
"","Nigeria","Yobe","Machina Central","exchange_rate_unofficial","2023-08-01","782.94","794.81","761.62","761.62","NGN"
"","Nigeria","Yobe","Nangere","exchange_rate_unofficial","2023-08-01","782.94","794.81","761.62","761.62","NGN"
"","Nigeria","Yobe","Ngelzarma","exchange_rate_unofficial","2023-08-01","782.94","794.81","761.62","761.62","NGN"
"","Nigeria","Yobe","Nguru","exchange_rate_unofficial","2023-08-01","782.94","794.81","761.62","761.62","NGN"
"","Nigeria","Yobe","Potiskum","exchange_rate_unofficial","2023-08-01","782.94","794.81","761.62","761.62","NGN"
"","Nigeria","Yobe","Yunusari","exchange_rate_unofficial","2023-08-01","782.94","794.81","761.62","761.62","NGN"
"","Nigeria","Yobe","Yusufari","exchange_rate_unofficial","2023-08-01","782.94","794.81","761.62","761.62","NGN"
"","Nigeria","Zamfara","Kaura Namoda","exchange_rate_unofficial","2023-08-01","782.94","794.81","761.62","761.62","NGN"
"","Nigeria","Abia","Aba","exchange_rate_unofficial","2023-09-01","760.54","772.13","748.94","761.33","NGN"
"","Nigeria","Adamawa","Gombi","exchange_rate_unofficial","2023-09-01","760.54","772.13","748.94","761.33","NGN"
"","Nigeria","Adamawa","Jimeta Grain","exchange_rate_unofficial","2023-09-01","760.54","772.13","748.94","761.33","NGN"
"","Nigeria","Adamawa","Madagali","exchange_rate_unofficial","2023-09-01","760.54","772.13","748.94","761.33","NGN"
"","Nigeria","Adamawa","Michika","exchange_rate_unofficial","2023-09-01","760.54","772.13","748.94","761.33","NGN"
"","Nigeria","Adamawa","Mubi","exchange_rate_unofficial","2023-09-01","760.54","772.13","748.94","761.33","NGN"
"","Nigeria","Adamawa","Mubi North","exchange_rate_unofficial","2023-09-01","760.54","772.13","748.94","761.33","NGN"
"","Nigeria","Adamawa","Ngalang","exchange_rate_unofficial","2023-09-01","760.54","772.13","748.94","761.33","NGN"
"","Nigeria","Borno","Abba Gamaram","exchange_rate_unofficial","2023-09-01","760.54","772.13","748.94","761.33","NGN"
"","Nigeria","Borno","Baga Road","exchange_rate_unofficial","2023-09-01","760.54","772.13","748.94","761.33","NGN"
"","Nigeria","Borno","Bama","exchange_rate_unofficial","2023-09-01","760.54","772.13","748.94","761.33","NGN"
"","Nigeria","Borno","Banki","exchange_rate_unofficial","2023-09-01","760.54","772.13","748.94","761.33","NGN"
"","Nigeria","Borno","Biu","exchange_rate_unofficial","2023-09-01","760.54","772.13","748.94","761.33","NGN"
"","Nigeria","Borno","Bolori Stores","exchange_rate_unofficial","2023-09-01","760.54","772.13","748.94","761.33","NGN"
"","Nigeria","Borno","Budum","exchange_rate_unofficial","2023-09-01","760.54","772.13","748.94","761.33","NGN"
"","Nigeria","Borno","Bullunkutu","exchange_rate_unofficial","2023-09-01","760.54","772.13","748.94","761.33","NGN"
"","Nigeria","Borno","Custom","exchange_rate_unofficial","2023-09-01","760.54","772.13","748.94","761.33","NGN"
"","Nigeria","Borno","Damassack (CBM)","exchange_rate_unofficial","2023-09-01","760.54","772.13","748.94","761.33","NGN"
"","Nigeria","Borno","Damboa","exchange_rate_unofficial","2023-09-01","760.54","772.13","748.94","761.33","NGN"
"","Nigeria","Borno","Dikwa Central","exchange_rate_unofficial","2023-09-01","760.54","772.13","748.94","761.33","NGN"
"","Nigeria","Borno","Gajiram","exchange_rate_unofficial","2023-09-01","760.54","772.13","748.94","761.33","NGN"
"","Nigeria","Borno","Gamboru","exchange_rate_unofficial","2023-09-01","760.54","772.13","748.94","761.33","NGN"
"","Nigeria","Borno","Gwoza Central","exchange_rate_unofficial","2023-09-01","760.54","772.13","748.94","761.33","NGN"
"","Nigeria","Borno","Kashuwan Shanu","exchange_rate_unofficial","2023-09-01","760.54","772.13","748.94","761.33","NGN"
"","Nigeria","Borno","Konduga","exchange_rate_unofficial","2023-09-01","760.54","772.13","748.94","761.33","NGN"
"","Nigeria","Borno","Kusawam Shanu","exchange_rate_unofficial","2023-09-01","760.54","772.13","748.94","761.33","NGN"
"","Nigeria","Borno","Mafa","exchange_rate_unofficial","2023-09-01","760.54","772.13","748.94","761.33","NGN"
"","Nigeria","Borno","Magumeri Central","exchange_rate_unofficial","2023-09-01","760.54","772.13","748.94","761.33","NGN"
"","Nigeria","Borno","Maiduguri","exchange_rate_unofficial","2023-09-01","760.54","772.13","748.94","761.33","NGN"
"","Nigeria","Borno","Monday","exchange_rate_unofficial","2023-09-01","760.54","772.13","748.94","761.33","NGN"
"","Nigeria","Borno","Monguno","exchange_rate_unofficial","2023-09-01","760.54","772.13","748.94","761.33","NGN"
"","Nigeria","Borno","Ngala","exchange_rate_unofficial","2023-09-01","760.54","772.13","748.94","761.33","NGN"
"","Nigeria","Borno","Pulka","exchange_rate_unofficial","2023-09-01","760.54","772.13","748.94","761.33","NGN"
"","Nigeria","Borno","Rann","exchange_rate_unofficial","2023-09-01","760.54","772.13","748.94","761.33","NGN"
"","Nigeria","Borno","Shani Main Market","exchange_rate_unofficial","2023-09-01","760.54","772.13","748.94","761.33","NGN"
"","Nigeria","Borno","Tashan Bama","exchange_rate_unofficial","2023-09-01","760.54","772.13","748.94","761.33","NGN"
"","Nigeria","Geopolitical Zone","North Central","exchange_rate_unofficial","2023-09-01","760.54","772.13","748.94","761.33","NGN"
"","Nigeria","Geopolitical Zone","North West","exchange_rate_unofficial","2023-09-01","760.54","772.13","748.94","761.33","NGN"
"","Nigeria","Geopolitical Zone","South East","exchange_rate_unofficial","2023-09-01","760.54","772.13","748.94","761.33","NGN"
"","Nigeria","Geopolitical Zone","South South","exchange_rate_unofficial","2023-09-01","760.54","772.13","748.94","761.33","NGN"
"","Nigeria","Geopolitical Zone","South West","exchange_rate_unofficial","2023-09-01","760.54","772.13","748.94","761.33","NGN"
"","Nigeria","Gombe","Gombe","exchange_rate_unofficial","2023-09-01","760.54","772.13","748.94","761.33","NGN"
"","Nigeria","Jigawa","Gujungu","exchange_rate_unofficial","2023-09-01","760.54","772.13","748.94","761.33","NGN"
"","Nigeria","Kaduna","Giwa","exchange_rate_unofficial","2023-09-01","760.54","772.13","748.94","761.33","NGN"
"","Nigeria","Kaduna","Saminaka","exchange_rate_unofficial","2023-09-01","760.54","772.13","748.94","761.33","NGN"
"","Nigeria","Kano","Dawanau","exchange_rate_unofficial","2023-09-01","760.54","772.13","748.94","761.33","NGN"
"","Nigeria","Kano State (1)","Kano","exchange_rate_unofficial","2023-09-01","760.54","772.13","748.94","761.33","NGN"
"","Nigeria","Katsina","Dandume","exchange_rate_unofficial","2023-09-01","760.54","772.13","748.94","761.33","NGN"
"","Nigeria","Katsina","Mai Adoua (CBM)","exchange_rate_unofficial","2023-09-01","760.54","772.13","748.94","761.33","NGN"
"","Nigeria","Kebbi","Gwandu","exchange_rate_unofficial","2023-09-01","760.54","772.13","748.94","761.33","NGN"
"","Nigeria","Lagos","Lagos","exchange_rate_unofficial","2023-09-01","760.54","772.13","748.94","761.33","NGN"
"","Nigeria","Market Average","Market Average","exchange_rate_unofficial","2023-09-01","760.54","772.13","748.94","761.33","NGN"
"","Nigeria","National Average","Abuja","exchange_rate_unofficial","2023-09-01","760.54","772.13","748.94","761.33","NGN"
"","Nigeria","Oyo","Ibadan","exchange_rate_unofficial","2023-09-01","760.54","772.13","748.94","761.33","NGN"
"","Nigeria","Sokoto","Illela (CBM)","exchange_rate_unofficial","2023-09-01","760.54","772.13","748.94","761.33","NGN"
"","Nigeria","Yobe","Bade (Gashua)","exchange_rate_unofficial","2023-09-01","760.54","772.13","748.94","761.33","NGN"
"","Nigeria","Yobe","Bayantasha","exchange_rate_unofficial","2023-09-01","760.54","772.13","748.94","761.33","NGN"
"","Nigeria","Yobe","Biriri","exchange_rate_unofficial","2023-09-01","760.54","772.13","748.94","761.33","NGN"
"","Nigeria","Yobe","Bursari","exchange_rate_unofficial","2023-09-01","760.54","772.13","748.94","761.33","NGN"
"","Nigeria","Yobe","Damagum","exchange_rate_unofficial","2023-09-01","760.54","772.13","748.94","761.33","NGN"
"","Nigeria","Yobe","Damaturu","exchange_rate_unofficial","2023-09-01","760.54","772.13","748.94","761.33","NGN"
"","Nigeria","Yobe","Damaturu (Sunday Market)","exchange_rate_unofficial","2023-09-01","760.54","772.13","748.94","761.33","NGN"
"","Nigeria","Yobe","Geidam","exchange_rate_unofficial","2023-09-01","760.54","772.13","748.94","761.33","NGN"
"","Nigeria","Yobe","Gujba (Buni Yadi)","exchange_rate_unofficial","2023-09-01","760.54","772.13","748.94","761.33","NGN"
"","Nigeria","Yobe","Gulani (Tettaba)","exchange_rate_unofficial","2023-09-01","760.54","772.13","748.94","761.33","NGN"
"","Nigeria","Yobe","Jakusko","exchange_rate_unofficial","2023-09-01","760.54","772.13","748.94","761.33","NGN"
"","Nigeria","Yobe","Machina Central","exchange_rate_unofficial","2023-09-01","760.54","772.13","748.94","761.33","NGN"
"","Nigeria","Yobe","Nangere","exchange_rate_unofficial","2023-09-01","760.54","772.13","748.94","761.33","NGN"
"","Nigeria","Yobe","Ngelzarma","exchange_rate_unofficial","2023-09-01","760.54","772.13","748.94","761.33","NGN"
"","Nigeria","Yobe","Nguru","exchange_rate_unofficial","2023-09-01","760.54","772.13","748.94","761.33","NGN"
"","Nigeria","Yobe","Potiskum","exchange_rate_unofficial","2023-09-01","760.54","772.13","748.94","761.33","NGN"
"","Nigeria","Yobe","Yunusari","exchange_rate_unofficial","2023-09-01","760.54","772.13","748.94","761.33","NGN"
"","Nigeria","Yobe","Yusufari","exchange_rate_unofficial","2023-09-01","760.54","772.13","748.94","761.33","NGN"
"","Nigeria","Zamfara","Kaura Namoda","exchange_rate_unofficial","2023-09-01","760.54","772.13","748.94","761.33","NGN"
"","Nigeria","Abia","Aba","exchange_rate_unofficial","2023-10-01","764.41","795.04","753.56","795.04","NGN"
"","Nigeria","Adamawa","Gombi","exchange_rate_unofficial","2023-10-01","764.41","795.04","753.56","795.04","NGN"
"","Nigeria","Adamawa","Jimeta Grain","exchange_rate_unofficial","2023-10-01","764.41","795.04","753.56","795.04","NGN"
"","Nigeria","Adamawa","Madagali","exchange_rate_unofficial","2023-10-01","764.41","795.04","753.56","795.04","NGN"
"","Nigeria","Adamawa","Michika","exchange_rate_unofficial","2023-10-01","764.41","795.04","753.56","795.04","NGN"
"","Nigeria","Adamawa","Mubi","exchange_rate_unofficial","2023-10-01","764.41","795.04","753.56","795.04","NGN"
"","Nigeria","Adamawa","Mubi North","exchange_rate_unofficial","2023-10-01","764.41","795.04","753.56","795.04","NGN"
"","Nigeria","Adamawa","Ngalang","exchange_rate_unofficial","2023-10-01","764.41","795.04","753.56","795.04","NGN"
"","Nigeria","Borno","Abba Gamaram","exchange_rate_unofficial","2023-10-01","764.41","795.04","753.56","795.04","NGN"
"","Nigeria","Borno","Baga Road","exchange_rate_unofficial","2023-10-01","764.41","795.04","753.56","795.04","NGN"
"","Nigeria","Borno","Bama","exchange_rate_unofficial","2023-10-01","764.41","795.04","753.56","795.04","NGN"
"","Nigeria","Borno","Banki","exchange_rate_unofficial","2023-10-01","764.41","795.04","753.56","795.04","NGN"
"","Nigeria","Borno","Biu","exchange_rate_unofficial","2023-10-01","764.41","795.04","753.56","795.04","NGN"
"","Nigeria","Borno","Bolori Stores","exchange_rate_unofficial","2023-10-01","764.41","795.04","753.56","795.04","NGN"
"","Nigeria","Borno","Budum","exchange_rate_unofficial","2023-10-01","764.41","795.04","753.56","795.04","NGN"
"","Nigeria","Borno","Bullunkutu","exchange_rate_unofficial","2023-10-01","764.41","795.04","753.56","795.04","NGN"
"","Nigeria","Borno","Custom","exchange_rate_unofficial","2023-10-01","764.41","795.04","753.56","795.04","NGN"
"","Nigeria","Borno","Damassack (CBM)","exchange_rate_unofficial","2023-10-01","764.41","795.04","753.56","795.04","NGN"
"","Nigeria","Borno","Damboa","exchange_rate_unofficial","2023-10-01","764.41","795.04","753.56","795.04","NGN"
"","Nigeria","Borno","Dikwa Central","exchange_rate_unofficial","2023-10-01","764.41","795.04","753.56","795.04","NGN"
"","Nigeria","Borno","Gajiram","exchange_rate_unofficial","2023-10-01","764.41","795.04","753.56","795.04","NGN"
"","Nigeria","Borno","Gamboru","exchange_rate_unofficial","2023-10-01","764.41","795.04","753.56","795.04","NGN"
"","Nigeria","Borno","Gwoza Central","exchange_rate_unofficial","2023-10-01","764.41","795.04","753.56","795.04","NGN"
"","Nigeria","Borno","Kashuwan Shanu","exchange_rate_unofficial","2023-10-01","764.41","795.04","753.56","795.04","NGN"
"","Nigeria","Borno","Konduga","exchange_rate_unofficial","2023-10-01","764.41","795.04","753.56","795.04","NGN"
"","Nigeria","Borno","Kusawam Shanu","exchange_rate_unofficial","2023-10-01","764.41","795.04","753.56","795.04","NGN"
"","Nigeria","Borno","Mafa","exchange_rate_unofficial","2023-10-01","764.41","795.04","753.56","795.04","NGN"
"","Nigeria","Borno","Magumeri Central","exchange_rate_unofficial","2023-10-01","764.41","795.04","753.56","795.04","NGN"
"","Nigeria","Borno","Maiduguri","exchange_rate_unofficial","2023-10-01","764.41","795.04","753.56","795.04","NGN"
"","Nigeria","Borno","Monday","exchange_rate_unofficial","2023-10-01","764.41","795.04","753.56","795.04","NGN"
"","Nigeria","Borno","Monguno","exchange_rate_unofficial","2023-10-01","764.41","795.04","753.56","795.04","NGN"
"","Nigeria","Borno","Ngala","exchange_rate_unofficial","2023-10-01","764.41","795.04","753.56","795.04","NGN"
"","Nigeria","Borno","Pulka","exchange_rate_unofficial","2023-10-01","764.41","795.04","753.56","795.04","NGN"
"","Nigeria","Borno","Rann","exchange_rate_unofficial","2023-10-01","764.41","795.04","753.56","795.04","NGN"
"","Nigeria","Borno","Shani Main Market","exchange_rate_unofficial","2023-10-01","764.41","795.04","753.56","795.04","NGN"
"","Nigeria","Borno","Tashan Bama","exchange_rate_unofficial","2023-10-01","764.41","795.04","753.56","795.04","NGN"
"","Nigeria","Geopolitical Zone","North Central","exchange_rate_unofficial","2023-10-01","764.41","795.04","753.56","795.04","NGN"
"","Nigeria","Geopolitical Zone","North West","exchange_rate_unofficial","2023-10-01","764.41","795.04","753.56","795.04","NGN"
"","Nigeria","Geopolitical Zone","South East","exchange_rate_unofficial","2023-10-01","764.41","795.04","753.56","795.04","NGN"
"","Nigeria","Geopolitical Zone","South South","exchange_rate_unofficial","2023-10-01","764.41","795.04","753.56","795.04","NGN"
"","Nigeria","Geopolitical Zone","South West","exchange_rate_unofficial","2023-10-01","764.41","795.04","753.56","795.04","NGN"
"","Nigeria","Gombe","Gombe","exchange_rate_unofficial","2023-10-01","764.41","795.04","753.56","795.04","NGN"
"","Nigeria","Jigawa","Gujungu","exchange_rate_unofficial","2023-10-01","764.41","795.04","753.56","795.04","NGN"
"","Nigeria","Kaduna","Giwa","exchange_rate_unofficial","2023-10-01","764.41","795.04","753.56","795.04","NGN"
"","Nigeria","Kaduna","Saminaka","exchange_rate_unofficial","2023-10-01","764.41","795.04","753.56","795.04","NGN"
"","Nigeria","Kano","Dawanau","exchange_rate_unofficial","2023-10-01","764.41","795.04","753.56","795.04","NGN"
"","Nigeria","Kano State (1)","Kano","exchange_rate_unofficial","2023-10-01","764.41","795.04","753.56","795.04","NGN"
"","Nigeria","Katsina","Dandume","exchange_rate_unofficial","2023-10-01","764.41","795.04","753.56","795.04","NGN"
"","Nigeria","Katsina","Mai Adoua (CBM)","exchange_rate_unofficial","2023-10-01","764.41","795.04","753.56","795.04","NGN"
"","Nigeria","Kebbi","Gwandu","exchange_rate_unofficial","2023-10-01","764.41","795.04","753.56","795.04","NGN"
"","Nigeria","Lagos","Lagos","exchange_rate_unofficial","2023-10-01","764.41","795.04","753.56","795.04","NGN"
"","Nigeria","Market Average","Market Average","exchange_rate_unofficial","2023-10-01","764.41","795.04","753.56","795.04","NGN"
"","Nigeria","National Average","Abuja","exchange_rate_unofficial","2023-10-01","764.41","795.04","753.56","795.04","NGN"
"","Nigeria","Oyo","Ibadan","exchange_rate_unofficial","2023-10-01","764.41","795.04","753.56","795.04","NGN"
"","Nigeria","Sokoto","Illela (CBM)","exchange_rate_unofficial","2023-10-01","764.41","795.04","753.56","795.04","NGN"
"","Nigeria","Yobe","Bade (Gashua)","exchange_rate_unofficial","2023-10-01","764.41","795.04","753.56","795.04","NGN"
"","Nigeria","Yobe","Bayantasha","exchange_rate_unofficial","2023-10-01","764.41","795.04","753.56","795.04","NGN"
"","Nigeria","Yobe","Biriri","exchange_rate_unofficial","2023-10-01","764.41","795.04","753.56","795.04","NGN"
"","Nigeria","Yobe","Bursari","exchange_rate_unofficial","2023-10-01","764.41","795.04","753.56","795.04","NGN"
"","Nigeria","Yobe","Damagum","exchange_rate_unofficial","2023-10-01","764.41","795.04","753.56","795.04","NGN"
"","Nigeria","Yobe","Damaturu","exchange_rate_unofficial","2023-10-01","764.41","795.04","753.56","795.04","NGN"
"","Nigeria","Yobe","Damaturu (Sunday Market)","exchange_rate_unofficial","2023-10-01","764.41","795.04","753.56","795.04","NGN"
"","Nigeria","Yobe","Geidam","exchange_rate_unofficial","2023-10-01","764.41","795.04","753.56","795.04","NGN"
"","Nigeria","Yobe","Gujba (Buni Yadi)","exchange_rate_unofficial","2023-10-01","764.41","795.04","753.56","795.04","NGN"
"","Nigeria","Yobe","Gulani (Tettaba)","exchange_rate_unofficial","2023-10-01","764.41","795.04","753.56","795.04","NGN"
"","Nigeria","Yobe","Jakusko","exchange_rate_unofficial","2023-10-01","764.41","795.04","753.56","795.04","NGN"
"","Nigeria","Yobe","Machina Central","exchange_rate_unofficial","2023-10-01","764.41","795.04","753.56","795.04","NGN"
"","Nigeria","Yobe","Nangere","exchange_rate_unofficial","2023-10-01","764.41","795.04","753.56","795.04","NGN"
"","Nigeria","Yobe","Ngelzarma","exchange_rate_unofficial","2023-10-01","764.41","795.04","753.56","795.04","NGN"
"","Nigeria","Yobe","Nguru","exchange_rate_unofficial","2023-10-01","764.41","795.04","753.56","795.04","NGN"
"","Nigeria","Yobe","Potiskum","exchange_rate_unofficial","2023-10-01","764.41","795.04","753.56","795.04","NGN"
"","Nigeria","Yobe","Yunusari","exchange_rate_unofficial","2023-10-01","764.41","795.04","753.56","795.04","NGN"
"","Nigeria","Yobe","Yusufari","exchange_rate_unofficial","2023-10-01","764.41","795.04","753.56","795.04","NGN"
"","Nigeria","Zamfara","Kaura Namoda","exchange_rate_unofficial","2023-10-01","764.41","795.04","753.56","795.04","NGN"
"","Nigeria","Abia","Aba","exchange_rate_unofficial","2023-11-01","810.96","832.68","798.92","832.68","NGN"
"","Nigeria","Adamawa","Gombi","exchange_rate_unofficial","2023-11-01","810.96","832.68","798.92","832.68","NGN"
"","Nigeria","Adamawa","Jimeta Grain","exchange_rate_unofficial","2023-11-01","810.96","832.68","798.92","832.68","NGN"
"","Nigeria","Adamawa","Madagali","exchange_rate_unofficial","2023-11-01","810.96","832.68","798.92","832.68","NGN"
"","Nigeria","Adamawa","Michika","exchange_rate_unofficial","2023-11-01","810.96","832.68","798.92","832.68","NGN"
"","Nigeria","Adamawa","Mubi","exchange_rate_unofficial","2023-11-01","810.96","832.68","798.92","832.68","NGN"
"","Nigeria","Adamawa","Mubi North","exchange_rate_unofficial","2023-11-01","810.96","832.68","798.92","832.68","NGN"
"","Nigeria","Adamawa","Ngalang","exchange_rate_unofficial","2023-11-01","810.96","832.68","798.92","832.68","NGN"
"","Nigeria","Borno","Abba Gamaram","exchange_rate_unofficial","2023-11-01","810.96","832.68","798.92","832.68","NGN"
"","Nigeria","Borno","Baga Road","exchange_rate_unofficial","2023-11-01","810.96","832.68","798.92","832.68","NGN"
"","Nigeria","Borno","Bama","exchange_rate_unofficial","2023-11-01","810.96","832.68","798.92","832.68","NGN"
"","Nigeria","Borno","Banki","exchange_rate_unofficial","2023-11-01","810.96","832.68","798.92","832.68","NGN"
"","Nigeria","Borno","Biu","exchange_rate_unofficial","2023-11-01","810.96","832.68","798.92","832.68","NGN"
"","Nigeria","Borno","Bolori Stores","exchange_rate_unofficial","2023-11-01","810.96","832.68","798.92","832.68","NGN"
"","Nigeria","Borno","Budum","exchange_rate_unofficial","2023-11-01","810.96","832.68","798.92","832.68","NGN"
"","Nigeria","Borno","Bullunkutu","exchange_rate_unofficial","2023-11-01","810.96","832.68","798.92","832.68","NGN"
"","Nigeria","Borno","Custom","exchange_rate_unofficial","2023-11-01","810.96","832.68","798.92","832.68","NGN"
"","Nigeria","Borno","Damassack (CBM)","exchange_rate_unofficial","2023-11-01","810.96","832.68","798.92","832.68","NGN"
"","Nigeria","Borno","Damboa","exchange_rate_unofficial","2023-11-01","810.96","832.68","798.92","832.68","NGN"
"","Nigeria","Borno","Dikwa Central","exchange_rate_unofficial","2023-11-01","810.96","832.68","798.92","832.68","NGN"
"","Nigeria","Borno","Gajiram","exchange_rate_unofficial","2023-11-01","810.96","832.68","798.92","832.68","NGN"
"","Nigeria","Borno","Gamboru","exchange_rate_unofficial","2023-11-01","810.96","832.68","798.92","832.68","NGN"
"","Nigeria","Borno","Gwoza Central","exchange_rate_unofficial","2023-11-01","810.96","832.68","798.92","832.68","NGN"
"","Nigeria","Borno","Kashuwan Shanu","exchange_rate_unofficial","2023-11-01","810.96","832.68","798.92","832.68","NGN"
"","Nigeria","Borno","Konduga","exchange_rate_unofficial","2023-11-01","810.96","832.68","798.92","832.68","NGN"
"","Nigeria","Borno","Kusawam Shanu","exchange_rate_unofficial","2023-11-01","810.96","832.68","798.92","832.68","NGN"
"","Nigeria","Borno","Mafa","exchange_rate_unofficial","2023-11-01","810.96","832.68","798.92","832.68","NGN"
"","Nigeria","Borno","Magumeri Central","exchange_rate_unofficial","2023-11-01","810.96","832.68","798.92","832.68","NGN"
"","Nigeria","Borno","Maiduguri","exchange_rate_unofficial","2023-11-01","810.96","832.68","798.92","832.68","NGN"
"","Nigeria","Borno","Monday","exchange_rate_unofficial","2023-11-01","810.96","832.68","798.92","832.68","NGN"
"","Nigeria","Borno","Monguno","exchange_rate_unofficial","2023-11-01","810.96","832.68","798.92","832.68","NGN"
"","Nigeria","Borno","Ngala","exchange_rate_unofficial","2023-11-01","810.96","832.68","798.92","832.68","NGN"
"","Nigeria","Borno","Pulka","exchange_rate_unofficial","2023-11-01","810.96","832.68","798.92","832.68","NGN"
"","Nigeria","Borno","Rann","exchange_rate_unofficial","2023-11-01","810.96","832.68","798.92","832.68","NGN"
"","Nigeria","Borno","Shani Main Market","exchange_rate_unofficial","2023-11-01","810.96","832.68","798.92","832.68","NGN"
"","Nigeria","Borno","Tashan Bama","exchange_rate_unofficial","2023-11-01","810.96","832.68","798.92","832.68","NGN"
"","Nigeria","Geopolitical Zone","North Central","exchange_rate_unofficial","2023-11-01","810.96","832.68","798.92","832.68","NGN"
"","Nigeria","Geopolitical Zone","North West","exchange_rate_unofficial","2023-11-01","810.96","832.68","798.92","832.68","NGN"
"","Nigeria","Geopolitical Zone","South East","exchange_rate_unofficial","2023-11-01","810.96","832.68","798.92","832.68","NGN"
"","Nigeria","Geopolitical Zone","South South","exchange_rate_unofficial","2023-11-01","810.96","832.68","798.92","832.68","NGN"
"","Nigeria","Geopolitical Zone","South West","exchange_rate_unofficial","2023-11-01","810.96","832.68","798.92","832.68","NGN"
"","Nigeria","Gombe","Gombe","exchange_rate_unofficial","2023-11-01","810.96","832.68","798.92","832.68","NGN"
"","Nigeria","Jigawa","Gujungu","exchange_rate_unofficial","2023-11-01","810.96","832.68","798.92","832.68","NGN"
"","Nigeria","Kaduna","Giwa","exchange_rate_unofficial","2023-11-01","810.96","832.68","798.92","832.68","NGN"
"","Nigeria","Kaduna","Saminaka","exchange_rate_unofficial","2023-11-01","810.96","832.68","798.92","832.68","NGN"
"","Nigeria","Kano","Dawanau","exchange_rate_unofficial","2023-11-01","810.96","832.68","798.92","832.68","NGN"
"","Nigeria","Kano State (1)","Kano","exchange_rate_unofficial","2023-11-01","810.96","832.68","798.92","832.68","NGN"
"","Nigeria","Katsina","Dandume","exchange_rate_unofficial","2023-11-01","810.96","832.68","798.92","832.68","NGN"
"","Nigeria","Katsina","Mai Adoua (CBM)","exchange_rate_unofficial","2023-11-01","810.96","832.68","798.92","832.68","NGN"
"","Nigeria","Kebbi","Gwandu","exchange_rate_unofficial","2023-11-01","810.96","832.68","798.92","832.68","NGN"
"","Nigeria","Lagos","Lagos","exchange_rate_unofficial","2023-11-01","810.96","832.68","798.92","832.68","NGN"
"","Nigeria","Market Average","Market Average","exchange_rate_unofficial","2023-11-01","810.96","832.68","798.92","832.68","NGN"
"","Nigeria","National Average","Abuja","exchange_rate_unofficial","2023-11-01","810.96","832.68","798.92","832.68","NGN"
"","Nigeria","Oyo","Ibadan","exchange_rate_unofficial","2023-11-01","810.96","832.68","798.92","832.68","NGN"
"","Nigeria","Sokoto","Illela (CBM)","exchange_rate_unofficial","2023-11-01","810.96","832.68","798.92","832.68","NGN"
"","Nigeria","Yobe","Bade (Gashua)","exchange_rate_unofficial","2023-11-01","810.96","832.68","798.92","832.68","NGN"
"","Nigeria","Yobe","Bayantasha","exchange_rate_unofficial","2023-11-01","810.96","832.68","798.92","832.68","NGN"
"","Nigeria","Yobe","Biriri","exchange_rate_unofficial","2023-11-01","810.96","832.68","798.92","832.68","NGN"
"","Nigeria","Yobe","Bursari","exchange_rate_unofficial","2023-11-01","810.96","832.68","798.92","832.68","NGN"
"","Nigeria","Yobe","Damagum","exchange_rate_unofficial","2023-11-01","810.96","832.68","798.92","832.68","NGN"
"","Nigeria","Yobe","Damaturu","exchange_rate_unofficial","2023-11-01","810.96","832.68","798.92","832.68","NGN"
"","Nigeria","Yobe","Damaturu (Sunday Market)","exchange_rate_unofficial","2023-11-01","810.96","832.68","798.92","832.68","NGN"
"","Nigeria","Yobe","Geidam","exchange_rate_unofficial","2023-11-01","810.96","832.68","798.92","832.68","NGN"
"","Nigeria","Yobe","Gujba (Buni Yadi)","exchange_rate_unofficial","2023-11-01","810.96","832.68","798.92","832.68","NGN"
"","Nigeria","Yobe","Gulani (Tettaba)","exchange_rate_unofficial","2023-11-01","810.96","832.68","798.92","832.68","NGN"
"","Nigeria","Yobe","Jakusko","exchange_rate_unofficial","2023-11-01","810.96","832.68","798.92","832.68","NGN"
"","Nigeria","Yobe","Machina Central","exchange_rate_unofficial","2023-11-01","810.96","832.68","798.92","832.68","NGN"
"","Nigeria","Yobe","Nangere","exchange_rate_unofficial","2023-11-01","810.96","832.68","798.92","832.68","NGN"
"","Nigeria","Yobe","Ngelzarma","exchange_rate_unofficial","2023-11-01","810.96","832.68","798.92","832.68","NGN"
"","Nigeria","Yobe","Nguru","exchange_rate_unofficial","2023-11-01","810.96","832.68","798.92","832.68","NGN"
"","Nigeria","Yobe","Potiskum","exchange_rate_unofficial","2023-11-01","810.96","832.68","798.92","832.68","NGN"
"","Nigeria","Yobe","Yunusari","exchange_rate_unofficial","2023-11-01","810.96","832.68","798.92","832.68","NGN"
"","Nigeria","Yobe","Yusufari","exchange_rate_unofficial","2023-11-01","810.96","832.68","798.92","832.68","NGN"
"","Nigeria","Zamfara","Kaura Namoda","exchange_rate_unofficial","2023-11-01","810.96","832.68","798.92","832.68","NGN"
"","Nigeria","Abia","Aba","exchange_rate_unofficial","2023-12-01","842.76","876.4","830.29","876.4","NGN"
"","Nigeria","Adamawa","Gombi","exchange_rate_unofficial","2023-12-01","842.76","876.4","830.29","876.4","NGN"
"","Nigeria","Adamawa","Jimeta Grain","exchange_rate_unofficial","2023-12-01","842.76","876.4","830.29","876.4","NGN"
"","Nigeria","Adamawa","Madagali","exchange_rate_unofficial","2023-12-01","842.76","876.4","830.29","876.4","NGN"
"","Nigeria","Adamawa","Michika","exchange_rate_unofficial","2023-12-01","842.76","876.4","830.29","876.4","NGN"
"","Nigeria","Adamawa","Mubi","exchange_rate_unofficial","2023-12-01","842.76","876.4","830.29","876.4","NGN"
"","Nigeria","Adamawa","Mubi North","exchange_rate_unofficial","2023-12-01","842.76","876.4","830.29","876.4","NGN"
"","Nigeria","Adamawa","Ngalang","exchange_rate_unofficial","2023-12-01","842.76","876.4","830.29","876.4","NGN"
"","Nigeria","Borno","Abba Gamaram","exchange_rate_unofficial","2023-12-01","842.76","876.4","830.29","876.4","NGN"
"","Nigeria","Borno","Baga Road","exchange_rate_unofficial","2023-12-01","842.76","876.4","830.29","876.4","NGN"
"","Nigeria","Borno","Bama","exchange_rate_unofficial","2023-12-01","842.76","876.4","830.29","876.4","NGN"
"","Nigeria","Borno","Banki","exchange_rate_unofficial","2023-12-01","842.76","876.4","830.29","876.4","NGN"
"","Nigeria","Borno","Biu","exchange_rate_unofficial","2023-12-01","842.76","876.4","830.29","876.4","NGN"
"","Nigeria","Borno","Bolori Stores","exchange_rate_unofficial","2023-12-01","842.76","876.4","830.29","876.4","NGN"
"","Nigeria","Borno","Budum","exchange_rate_unofficial","2023-12-01","842.76","876.4","830.29","876.4","NGN"
"","Nigeria","Borno","Bullunkutu","exchange_rate_unofficial","2023-12-01","842.76","876.4","830.29","876.4","NGN"
"","Nigeria","Borno","Custom","exchange_rate_unofficial","2023-12-01","842.76","876.4","830.29","876.4","NGN"
"","Nigeria","Borno","Damassack (CBM)","exchange_rate_unofficial","2023-12-01","842.76","876.4","830.29","876.4","NGN"
"","Nigeria","Borno","Damboa","exchange_rate_unofficial","2023-12-01","842.76","876.4","830.29","876.4","NGN"
"","Nigeria","Borno","Dikwa Central","exchange_rate_unofficial","2023-12-01","842.76","876.4","830.29","876.4","NGN"
"","Nigeria","Borno","Gajiram","exchange_rate_unofficial","2023-12-01","842.76","876.4","830.29","876.4","NGN"
"","Nigeria","Borno","Gamboru","exchange_rate_unofficial","2023-12-01","842.76","876.4","830.29","876.4","NGN"
"","Nigeria","Borno","Gwoza Central","exchange_rate_unofficial","2023-12-01","842.76","876.4","830.29","876.4","NGN"
"","Nigeria","Borno","Kashuwan Shanu","exchange_rate_unofficial","2023-12-01","842.76","876.4","830.29","876.4","NGN"
"","Nigeria","Borno","Konduga","exchange_rate_unofficial","2023-12-01","842.76","876.4","830.29","876.4","NGN"
"","Nigeria","Borno","Kusawam Shanu","exchange_rate_unofficial","2023-12-01","842.76","876.4","830.29","876.4","NGN"
"","Nigeria","Borno","Mafa","exchange_rate_unofficial","2023-12-01","842.76","876.4","830.29","876.4","NGN"
"","Nigeria","Borno","Magumeri Central","exchange_rate_unofficial","2023-12-01","842.76","876.4","830.29","876.4","NGN"
"","Nigeria","Borno","Maiduguri","exchange_rate_unofficial","2023-12-01","842.76","876.4","830.29","876.4","NGN"
"","Nigeria","Borno","Monday","exchange_rate_unofficial","2023-12-01","842.76","876.4","830.29","876.4","NGN"
"","Nigeria","Borno","Monguno","exchange_rate_unofficial","2023-12-01","842.76","876.4","830.29","876.4","NGN"
"","Nigeria","Borno","Ngala","exchange_rate_unofficial","2023-12-01","842.76","876.4","830.29","876.4","NGN"
"","Nigeria","Borno","Pulka","exchange_rate_unofficial","2023-12-01","842.76","876.4","830.29","876.4","NGN"
"","Nigeria","Borno","Rann","exchange_rate_unofficial","2023-12-01","842.76","876.4","830.29","876.4","NGN"
"","Nigeria","Borno","Shani Main Market","exchange_rate_unofficial","2023-12-01","842.76","876.4","830.29","876.4","NGN"
"","Nigeria","Borno","Tashan Bama","exchange_rate_unofficial","2023-12-01","842.76","876.4","830.29","876.4","NGN"
"","Nigeria","Geopolitical Zone","North Central","exchange_rate_unofficial","2023-12-01","842.76","876.4","830.29","876.4","NGN"
"","Nigeria","Geopolitical Zone","North West","exchange_rate_unofficial","2023-12-01","842.76","876.4","830.29","876.4","NGN"
"","Nigeria","Geopolitical Zone","South East","exchange_rate_unofficial","2023-12-01","842.76","876.4","830.29","876.4","NGN"
"","Nigeria","Geopolitical Zone","South South","exchange_rate_unofficial","2023-12-01","842.76","876.4","830.29","876.4","NGN"
"","Nigeria","Geopolitical Zone","South West","exchange_rate_unofficial","2023-12-01","842.76","876.4","830.29","876.4","NGN"
"","Nigeria","Gombe","Gombe","exchange_rate_unofficial","2023-12-01","842.76","876.4","830.29","876.4","NGN"
"","Nigeria","Jigawa","Gujungu","exchange_rate_unofficial","2023-12-01","842.76","876.4","830.29","876.4","NGN"
"","Nigeria","Kaduna","Giwa","exchange_rate_unofficial","2023-12-01","842.76","876.4","830.29","876.4","NGN"
"","Nigeria","Kaduna","Saminaka","exchange_rate_unofficial","2023-12-01","842.76","876.4","830.29","876.4","NGN"
"","Nigeria","Kano","Dawanau","exchange_rate_unofficial","2023-12-01","842.76","876.4","830.29","876.4","NGN"
"","Nigeria","Kano State (1)","Kano","exchange_rate_unofficial","2023-12-01","842.76","876.4","830.29","876.4","NGN"
"","Nigeria","Katsina","Dandume","exchange_rate_unofficial","2023-12-01","842.76","876.4","830.29","876.4","NGN"
"","Nigeria","Katsina","Mai Adoua (CBM)","exchange_rate_unofficial","2023-12-01","842.76","876.4","830.29","876.4","NGN"
"","Nigeria","Kebbi","Gwandu","exchange_rate_unofficial","2023-12-01","842.76","876.4","830.29","876.4","NGN"
"","Nigeria","Lagos","Lagos","exchange_rate_unofficial","2023-12-01","842.76","876.4","830.29","876.4","NGN"
"","Nigeria","Market Average","Market Average","exchange_rate_unofficial","2023-12-01","842.76","876.4","830.29","876.4","NGN"
"","Nigeria","National Average","Abuja","exchange_rate_unofficial","2023-12-01","842.76","876.4","830.29","876.4","NGN"
"","Nigeria","Oyo","Ibadan","exchange_rate_unofficial","2023-12-01","842.76","876.4","830.29","876.4","NGN"
"","Nigeria","Sokoto","Illela (CBM)","exchange_rate_unofficial","2023-12-01","842.76","876.4","830.29","876.4","NGN"
"","Nigeria","Yobe","Bade (Gashua)","exchange_rate_unofficial","2023-12-01","842.76","876.4","830.29","876.4","NGN"
"","Nigeria","Yobe","Bayantasha","exchange_rate_unofficial","2023-12-01","842.76","876.4","830.29","876.4","NGN"
"","Nigeria","Yobe","Biriri","exchange_rate_unofficial","2023-12-01","842.76","876.4","830.29","876.4","NGN"
"","Nigeria","Yobe","Bursari","exchange_rate_unofficial","2023-12-01","842.76","876.4","830.29","876.4","NGN"
"","Nigeria","Yobe","Damagum","exchange_rate_unofficial","2023-12-01","842.76","876.4","830.29","876.4","NGN"
"","Nigeria","Yobe","Damaturu","exchange_rate_unofficial","2023-12-01","842.76","876.4","830.29","876.4","NGN"
"","Nigeria","Yobe","Damaturu (Sunday Market)","exchange_rate_unofficial","2023-12-01","842.76","876.4","830.29","876.4","NGN"
"","Nigeria","Yobe","Geidam","exchange_rate_unofficial","2023-12-01","842.76","876.4","830.29","876.4","NGN"
"","Nigeria","Yobe","Gujba (Buni Yadi)","exchange_rate_unofficial","2023-12-01","842.76","876.4","830.29","876.4","NGN"
"","Nigeria","Yobe","Gulani (Tettaba)","exchange_rate_unofficial","2023-12-01","842.76","876.4","830.29","876.4","NGN"
"","Nigeria","Yobe","Jakusko","exchange_rate_unofficial","2023-12-01","842.76","876.4","830.29","876.4","NGN"
"","Nigeria","Yobe","Machina Central","exchange_rate_unofficial","2023-12-01","842.76","876.4","830.29","876.4","NGN"
"","Nigeria","Yobe","Nangere","exchange_rate_unofficial","2023-12-01","842.76","876.4","830.29","876.4","NGN"
"","Nigeria","Yobe","Ngelzarma","exchange_rate_unofficial","2023-12-01","842.76","876.4","830.29","876.4","NGN"
"","Nigeria","Yobe","Nguru","exchange_rate_unofficial","2023-12-01","842.76","876.4","830.29","876.4","NGN"
"","Nigeria","Yobe","Potiskum","exchange_rate_unofficial","2023-12-01","842.76","876.4","830.29","876.4","NGN"
"","Nigeria","Yobe","Yunusari","exchange_rate_unofficial","2023-12-01","842.76","876.4","830.29","876.4","NGN"
"","Nigeria","Yobe","Yusufari","exchange_rate_unofficial","2023-12-01","842.76","876.4","830.29","876.4","NGN"
"","Nigeria","Zamfara","Kaura Namoda","exchange_rate_unofficial","2023-12-01","842.76","876.4","830.29","876.4","NGN"
"","Nigeria","Abia","Aba","exchange_rate_unofficial","2024-01-01","894.06","941.26","880.25","941.26","NGN"
"","Nigeria","Adamawa","Gombi","exchange_rate_unofficial","2024-01-01","894.06","941.26","880.25","941.26","NGN"
"","Nigeria","Adamawa","Jimeta Grain","exchange_rate_unofficial","2024-01-01","894.06","941.26","880.25","941.26","NGN"
"","Nigeria","Adamawa","Madagali","exchange_rate_unofficial","2024-01-01","894.06","941.26","880.25","941.26","NGN"
"","Nigeria","Adamawa","Michika","exchange_rate_unofficial","2024-01-01","894.06","941.26","880.25","941.26","NGN"
"","Nigeria","Adamawa","Mubi","exchange_rate_unofficial","2024-01-01","894.06","941.26","880.25","941.26","NGN"
"","Nigeria","Adamawa","Mubi North","exchange_rate_unofficial","2024-01-01","894.06","941.26","880.25","941.26","NGN"
"","Nigeria","Adamawa","Ngalang","exchange_rate_unofficial","2024-01-01","894.06","941.26","880.25","941.26","NGN"
"","Nigeria","Borno","Abba Gamaram","exchange_rate_unofficial","2024-01-01","894.06","941.26","880.25","941.26","NGN"
"","Nigeria","Borno","Baga Road","exchange_rate_unofficial","2024-01-01","894.06","941.26","880.25","941.26","NGN"
"","Nigeria","Borno","Bama","exchange_rate_unofficial","2024-01-01","894.06","941.26","880.25","941.26","NGN"
"","Nigeria","Borno","Banki","exchange_rate_unofficial","2024-01-01","894.06","941.26","880.25","941.26","NGN"
"","Nigeria","Borno","Biu","exchange_rate_unofficial","2024-01-01","894.06","941.26","880.25","941.26","NGN"
"","Nigeria","Borno","Bolori Stores","exchange_rate_unofficial","2024-01-01","894.06","941.26","880.25","941.26","NGN"
"","Nigeria","Borno","Budum","exchange_rate_unofficial","2024-01-01","894.06","941.26","880.25","941.26","NGN"
"","Nigeria","Borno","Bullunkutu","exchange_rate_unofficial","2024-01-01","894.06","941.26","880.25","941.26","NGN"
"","Nigeria","Borno","Custom","exchange_rate_unofficial","2024-01-01","894.06","941.26","880.25","941.26","NGN"
"","Nigeria","Borno","Damassack (CBM)","exchange_rate_unofficial","2024-01-01","894.06","941.26","880.25","941.26","NGN"
"","Nigeria","Borno","Damboa","exchange_rate_unofficial","2024-01-01","894.06","941.26","880.25","941.26","NGN"
"","Nigeria","Borno","Dikwa Central","exchange_rate_unofficial","2024-01-01","894.06","941.26","880.25","941.26","NGN"
"","Nigeria","Borno","Gajiram","exchange_rate_unofficial","2024-01-01","894.06","941.26","880.25","941.26","NGN"
"","Nigeria","Borno","Gamboru","exchange_rate_unofficial","2024-01-01","894.06","941.26","880.25","941.26","NGN"
"","Nigeria","Borno","Gwoza Central","exchange_rate_unofficial","2024-01-01","894.06","941.26","880.25","941.26","NGN"
"","Nigeria","Borno","Kashuwan Shanu","exchange_rate_unofficial","2024-01-01","894.06","941.26","880.25","941.26","NGN"
"","Nigeria","Borno","Konduga","exchange_rate_unofficial","2024-01-01","894.06","941.26","880.25","941.26","NGN"
"","Nigeria","Borno","Kusawam Shanu","exchange_rate_unofficial","2024-01-01","894.06","941.26","880.25","941.26","NGN"
"","Nigeria","Borno","Mafa","exchange_rate_unofficial","2024-01-01","894.06","941.26","880.25","941.26","NGN"
"","Nigeria","Borno","Magumeri Central","exchange_rate_unofficial","2024-01-01","894.06","941.26","880.25","941.26","NGN"
"","Nigeria","Borno","Maiduguri","exchange_rate_unofficial","2024-01-01","894.06","941.26","880.25","941.26","NGN"
"","Nigeria","Borno","Monday","exchange_rate_unofficial","2024-01-01","894.06","941.26","880.25","941.26","NGN"
"","Nigeria","Borno","Monguno","exchange_rate_unofficial","2024-01-01","894.06","941.26","880.25","941.26","NGN"
"","Nigeria","Borno","Ngala","exchange_rate_unofficial","2024-01-01","894.06","941.26","880.25","941.26","NGN"
"","Nigeria","Borno","Pulka","exchange_rate_unofficial","2024-01-01","894.06","941.26","880.25","941.26","NGN"
"","Nigeria","Borno","Rann","exchange_rate_unofficial","2024-01-01","894.06","941.26","880.25","941.26","NGN"
"","Nigeria","Borno","Shani Main Market","exchange_rate_unofficial","2024-01-01","894.06","941.26","880.25","941.26","NGN"
"","Nigeria","Borno","Tashan Bama","exchange_rate_unofficial","2024-01-01","894.06","941.26","880.25","941.26","NGN"
"","Nigeria","Geopolitical Zone","North Central","exchange_rate_unofficial","2024-01-01","894.06","941.26","880.25","941.26","NGN"
"","Nigeria","Geopolitical Zone","North West","exchange_rate_unofficial","2024-01-01","894.06","941.26","880.25","941.26","NGN"
"","Nigeria","Geopolitical Zone","South East","exchange_rate_unofficial","2024-01-01","894.06","941.26","880.25","941.26","NGN"
"","Nigeria","Geopolitical Zone","South South","exchange_rate_unofficial","2024-01-01","894.06","941.26","880.25","941.26","NGN"
"","Nigeria","Geopolitical Zone","South West","exchange_rate_unofficial","2024-01-01","894.06","941.26","880.25","941.26","NGN"
"","Nigeria","Gombe","Gombe","exchange_rate_unofficial","2024-01-01","894.06","941.26","880.25","941.26","NGN"
"","Nigeria","Jigawa","Gujungu","exchange_rate_unofficial","2024-01-01","894.06","941.26","880.25","941.26","NGN"
"","Nigeria","Kaduna","Giwa","exchange_rate_unofficial","2024-01-01","894.06","941.26","880.25","941.26","NGN"
"","Nigeria","Kaduna","Saminaka","exchange_rate_unofficial","2024-01-01","894.06","941.26","880.25","941.26","NGN"
"","Nigeria","Kano","Dawanau","exchange_rate_unofficial","2024-01-01","894.06","941.26","880.25","941.26","NGN"
"","Nigeria","Kano State (1)","Kano","exchange_rate_unofficial","2024-01-01","894.06","941.26","880.25","941.26","NGN"
"","Nigeria","Katsina","Dandume","exchange_rate_unofficial","2024-01-01","894.06","941.26","880.25","941.26","NGN"
"","Nigeria","Katsina","Mai Adoua (CBM)","exchange_rate_unofficial","2024-01-01","894.06","941.26","880.25","941.26","NGN"
"","Nigeria","Kebbi","Gwandu","exchange_rate_unofficial","2024-01-01","894.06","941.26","880.25","941.26","NGN"
"","Nigeria","Lagos","Lagos","exchange_rate_unofficial","2024-01-01","894.06","941.26","880.25","941.26","NGN"
"","Nigeria","Market Average","Market Average","exchange_rate_unofficial","2024-01-01","894.06","941.26","880.25","941.26","NGN"
"","Nigeria","National Average","Abuja","exchange_rate_unofficial","2024-01-01","894.06","941.26","880.25","941.26","NGN"
"","Nigeria","Oyo","Ibadan","exchange_rate_unofficial","2024-01-01","894.06","941.26","880.25","941.26","NGN"
"","Nigeria","Sokoto","Illela (CBM)","exchange_rate_unofficial","2024-01-01","894.06","941.26","880.25","941.26","NGN"
"","Nigeria","Yobe","Bade (Gashua)","exchange_rate_unofficial","2024-01-01","894.06","941.26","880.25","941.26","NGN"
"","Nigeria","Yobe","Bayantasha","exchange_rate_unofficial","2024-01-01","894.06","941.26","880.25","941.26","NGN"
"","Nigeria","Yobe","Biriri","exchange_rate_unofficial","2024-01-01","894.06","941.26","880.25","941.26","NGN"
"","Nigeria","Yobe","Bursari","exchange_rate_unofficial","2024-01-01","894.06","941.26","880.25","941.26","NGN"
"","Nigeria","Yobe","Damagum","exchange_rate_unofficial","2024-01-01","894.06","941.26","880.25","941.26","NGN"
"","Nigeria","Yobe","Damaturu","exchange_rate_unofficial","2024-01-01","894.06","941.26","880.25","941.26","NGN"
"","Nigeria","Yobe","Damaturu (Sunday Market)","exchange_rate_unofficial","2024-01-01","894.06","941.26","880.25","941.26","NGN"
"","Nigeria","Yobe","Geidam","exchange_rate_unofficial","2024-01-01","894.06","941.26","880.25","941.26","NGN"
"","Nigeria","Yobe","Gujba (Buni Yadi)","exchange_rate_unofficial","2024-01-01","894.06","941.26","880.25","941.26","NGN"
"","Nigeria","Yobe","Gulani (Tettaba)","exchange_rate_unofficial","2024-01-01","894.06","941.26","880.25","941.26","NGN"
"","Nigeria","Yobe","Jakusko","exchange_rate_unofficial","2024-01-01","894.06","941.26","880.25","941.26","NGN"
"","Nigeria","Yobe","Machina Central","exchange_rate_unofficial","2024-01-01","894.06","941.26","880.25","941.26","NGN"
"","Nigeria","Yobe","Nangere","exchange_rate_unofficial","2024-01-01","894.06","941.26","880.25","941.26","NGN"
"","Nigeria","Yobe","Ngelzarma","exchange_rate_unofficial","2024-01-01","894.06","941.26","880.25","941.26","NGN"
"","Nigeria","Yobe","Nguru","exchange_rate_unofficial","2024-01-01","894.06","941.26","880.25","941.26","NGN"
"","Nigeria","Yobe","Potiskum","exchange_rate_unofficial","2024-01-01","894.06","941.26","880.25","941.26","NGN"
"","Nigeria","Yobe","Yunusari","exchange_rate_unofficial","2024-01-01","894.06","941.26","880.25","941.26","NGN"
"","Nigeria","Yobe","Yusufari","exchange_rate_unofficial","2024-01-01","894.06","941.26","880.25","941.26","NGN"
"","Nigeria","Zamfara","Kaura Namoda","exchange_rate_unofficial","2024-01-01","894.06","941.26","880.25","941.26","NGN"
"","Nigeria","Abia","Aba","exchange_rate_unofficial","2024-02-01","960.63","1510.33","944.08","1510.33","NGN"
"","Nigeria","Adamawa","Gombi","exchange_rate_unofficial","2024-02-01","960.63","1510.33","944.08","1510.33","NGN"
"","Nigeria","Adamawa","Jimeta Grain","exchange_rate_unofficial","2024-02-01","960.63","1510.33","944.08","1510.33","NGN"
"","Nigeria","Adamawa","Madagali","exchange_rate_unofficial","2024-02-01","960.63","1510.33","944.08","1510.33","NGN"
"","Nigeria","Adamawa","Michika","exchange_rate_unofficial","2024-02-01","960.63","1510.33","944.08","1510.33","NGN"
"","Nigeria","Adamawa","Mubi","exchange_rate_unofficial","2024-02-01","960.63","1510.33","944.08","1510.33","NGN"
"","Nigeria","Adamawa","Mubi North","exchange_rate_unofficial","2024-02-01","960.63","1510.33","944.08","1510.33","NGN"
"","Nigeria","Adamawa","Ngalang","exchange_rate_unofficial","2024-02-01","960.63","1510.33","944.08","1510.33","NGN"
"","Nigeria","Borno","Abba Gamaram","exchange_rate_unofficial","2024-02-01","960.63","1510.33","944.08","1510.33","NGN"
"","Nigeria","Borno","Baga Road","exchange_rate_unofficial","2024-02-01","960.63","1510.33","944.08","1510.33","NGN"
"","Nigeria","Borno","Bama","exchange_rate_unofficial","2024-02-01","960.63","1510.33","944.08","1510.33","NGN"
"","Nigeria","Borno","Banki","exchange_rate_unofficial","2024-02-01","960.63","1510.33","944.08","1510.33","NGN"
"","Nigeria","Borno","Biu","exchange_rate_unofficial","2024-02-01","960.63","1510.33","944.08","1510.33","NGN"
"","Nigeria","Borno","Bolori Stores","exchange_rate_unofficial","2024-02-01","960.63","1510.33","944.08","1510.33","NGN"
"","Nigeria","Borno","Budum","exchange_rate_unofficial","2024-02-01","960.63","1510.33","944.08","1510.33","NGN"
"","Nigeria","Borno","Bullunkutu","exchange_rate_unofficial","2024-02-01","960.63","1510.33","944.08","1510.33","NGN"
"","Nigeria","Borno","Custom","exchange_rate_unofficial","2024-02-01","960.63","1510.33","944.08","1510.33","NGN"
"","Nigeria","Borno","Damassack (CBM)","exchange_rate_unofficial","2024-02-01","960.63","1510.33","944.08","1510.33","NGN"
"","Nigeria","Borno","Damboa","exchange_rate_unofficial","2024-02-01","960.63","1510.33","944.08","1510.33","NGN"
"","Nigeria","Borno","Dikwa Central","exchange_rate_unofficial","2024-02-01","960.63","1510.33","944.08","1510.33","NGN"
"","Nigeria","Borno","Gajiram","exchange_rate_unofficial","2024-02-01","960.63","1510.33","944.08","1510.33","NGN"
"","Nigeria","Borno","Gamboru","exchange_rate_unofficial","2024-02-01","960.63","1510.33","944.08","1510.33","NGN"
"","Nigeria","Borno","Gwoza Central","exchange_rate_unofficial","2024-02-01","960.63","1510.33","944.08","1510.33","NGN"
"","Nigeria","Borno","Kashuwan Shanu","exchange_rate_unofficial","2024-02-01","960.63","1510.33","944.08","1510.33","NGN"
"","Nigeria","Borno","Konduga","exchange_rate_unofficial","2024-02-01","960.63","1510.33","944.08","1510.33","NGN"
"","Nigeria","Borno","Kusawam Shanu","exchange_rate_unofficial","2024-02-01","960.63","1510.33","944.08","1510.33","NGN"
"","Nigeria","Borno","Mafa","exchange_rate_unofficial","2024-02-01","960.63","1510.33","944.08","1510.33","NGN"
"","Nigeria","Borno","Magumeri Central","exchange_rate_unofficial","2024-02-01","960.63","1510.33","944.08","1510.33","NGN"
"","Nigeria","Borno","Maiduguri","exchange_rate_unofficial","2024-02-01","960.63","1510.33","944.08","1510.33","NGN"
"","Nigeria","Borno","Monday","exchange_rate_unofficial","2024-02-01","960.63","1510.33","944.08","1510.33","NGN"
"","Nigeria","Borno","Monguno","exchange_rate_unofficial","2024-02-01","960.63","1510.33","944.08","1510.33","NGN"
"","Nigeria","Borno","Ngala","exchange_rate_unofficial","2024-02-01","960.63","1510.33","944.08","1510.33","NGN"
"","Nigeria","Borno","Pulka","exchange_rate_unofficial","2024-02-01","960.63","1510.33","944.08","1510.33","NGN"
"","Nigeria","Borno","Rann","exchange_rate_unofficial","2024-02-01","960.63","1510.33","944.08","1510.33","NGN"
"","Nigeria","Borno","Shani Main Market","exchange_rate_unofficial","2024-02-01","960.63","1510.33","944.08","1510.33","NGN"
"","Nigeria","Borno","Tashan Bama","exchange_rate_unofficial","2024-02-01","960.63","1510.33","944.08","1510.33","NGN"
"","Nigeria","Geopolitical Zone","North Central","exchange_rate_unofficial","2024-02-01","960.63","1510.33","944.08","1510.33","NGN"
"","Nigeria","Geopolitical Zone","North West","exchange_rate_unofficial","2024-02-01","960.63","1510.33","944.08","1510.33","NGN"
"","Nigeria","Geopolitical Zone","South East","exchange_rate_unofficial","2024-02-01","960.63","1510.33","944.08","1510.33","NGN"
"","Nigeria","Geopolitical Zone","South South","exchange_rate_unofficial","2024-02-01","960.63","1510.33","944.08","1510.33","NGN"
"","Nigeria","Geopolitical Zone","South West","exchange_rate_unofficial","2024-02-01","960.63","1510.33","944.08","1510.33","NGN"
"","Nigeria","Gombe","Gombe","exchange_rate_unofficial","2024-02-01","960.63","1510.33","944.08","1510.33","NGN"
"","Nigeria","Jigawa","Gujungu","exchange_rate_unofficial","2024-02-01","960.63","1510.33","944.08","1510.33","NGN"
"","Nigeria","Kaduna","Giwa","exchange_rate_unofficial","2024-02-01","960.63","1510.33","944.08","1510.33","NGN"
"","Nigeria","Kaduna","Saminaka","exchange_rate_unofficial","2024-02-01","960.63","1510.33","944.08","1510.33","NGN"
"","Nigeria","Kano","Dawanau","exchange_rate_unofficial","2024-02-01","960.63","1510.33","944.08","1510.33","NGN"
"","Nigeria","Kano State (1)","Kano","exchange_rate_unofficial","2024-02-01","960.63","1510.33","944.08","1510.33","NGN"
"","Nigeria","Katsina","Dandume","exchange_rate_unofficial","2024-02-01","960.63","1510.33","944.08","1510.33","NGN"
"","Nigeria","Katsina","Mai Adoua (CBM)","exchange_rate_unofficial","2024-02-01","960.63","1510.33","944.08","1510.33","NGN"
"","Nigeria","Kebbi","Gwandu","exchange_rate_unofficial","2024-02-01","960.63","1510.33","944.08","1510.33","NGN"
"","Nigeria","Lagos","Lagos","exchange_rate_unofficial","2024-02-01","960.63","1510.33","944.08","1510.33","NGN"
"","Nigeria","Market Average","Market Average","exchange_rate_unofficial","2024-02-01","960.63","1510.33","944.08","1510.33","NGN"
"","Nigeria","National Average","Abuja","exchange_rate_unofficial","2024-02-01","960.63","1510.33","944.08","1510.33","NGN"
"","Nigeria","Oyo","Ibadan","exchange_rate_unofficial","2024-02-01","960.63","1510.33","944.08","1510.33","NGN"
"","Nigeria","Sokoto","Illela (CBM)","exchange_rate_unofficial","2024-02-01","960.63","1510.33","944.08","1510.33","NGN"
"","Nigeria","Yobe","Bade (Gashua)","exchange_rate_unofficial","2024-02-01","960.63","1510.33","944.08","1510.33","NGN"
"","Nigeria","Yobe","Bayantasha","exchange_rate_unofficial","2024-02-01","960.63","1510.33","944.08","1510.33","NGN"
"","Nigeria","Yobe","Biriri","exchange_rate_unofficial","2024-02-01","960.63","1510.33","944.08","1510.33","NGN"
"","Nigeria","Yobe","Bursari","exchange_rate_unofficial","2024-02-01","960.63","1510.33","944.08","1510.33","NGN"
"","Nigeria","Yobe","Damagum","exchange_rate_unofficial","2024-02-01","960.63","1510.33","944.08","1510.33","NGN"
"","Nigeria","Yobe","Damaturu","exchange_rate_unofficial","2024-02-01","960.63","1510.33","944.08","1510.33","NGN"
"","Nigeria","Yobe","Damaturu (Sunday Market)","exchange_rate_unofficial","2024-02-01","960.63","1510.33","944.08","1510.33","NGN"
"","Nigeria","Yobe","Geidam","exchange_rate_unofficial","2024-02-01","960.63","1510.33","944.08","1510.33","NGN"
"","Nigeria","Yobe","Gujba (Buni Yadi)","exchange_rate_unofficial","2024-02-01","960.63","1510.33","944.08","1510.33","NGN"
"","Nigeria","Yobe","Gulani (Tettaba)","exchange_rate_unofficial","2024-02-01","960.63","1510.33","944.08","1510.33","NGN"
"","Nigeria","Yobe","Jakusko","exchange_rate_unofficial","2024-02-01","960.63","1510.33","944.08","1510.33","NGN"
"","Nigeria","Yobe","Machina Central","exchange_rate_unofficial","2024-02-01","960.63","1510.33","944.08","1510.33","NGN"
"","Nigeria","Yobe","Nangere","exchange_rate_unofficial","2024-02-01","960.63","1510.33","944.08","1510.33","NGN"
"","Nigeria","Yobe","Ngelzarma","exchange_rate_unofficial","2024-02-01","960.63","1510.33","944.08","1510.33","NGN"
"","Nigeria","Yobe","Nguru","exchange_rate_unofficial","2024-02-01","960.63","1510.33","944.08","1510.33","NGN"
"","Nigeria","Yobe","Potiskum","exchange_rate_unofficial","2024-02-01","960.63","1510.33","944.08","1510.33","NGN"
"","Nigeria","Yobe","Yunusari","exchange_rate_unofficial","2024-02-01","960.63","1510.33","944.08","1510.33","NGN"
"","Nigeria","Yobe","Yusufari","exchange_rate_unofficial","2024-02-01","960.63","1510.33","944.08","1510.33","NGN"
"","Nigeria","Zamfara","Kaura Namoda","exchange_rate_unofficial","2024-02-01","960.63","1510.33","944.08","1510.33","NGN"
"","Nigeria","Abia","Aba","exchange_rate_unofficial","2024-03-01","1545.83","1574.2","1506.56","1506.56","NGN"
"","Nigeria","Adamawa","Gombi","exchange_rate_unofficial","2024-03-01","1545.83","1574.2","1506.56","1506.56","NGN"
"","Nigeria","Adamawa","Jimeta Grain","exchange_rate_unofficial","2024-03-01","1545.83","1574.2","1506.56","1506.56","NGN"
"","Nigeria","Adamawa","Madagali","exchange_rate_unofficial","2024-03-01","1545.83","1574.2","1506.56","1506.56","NGN"
"","Nigeria","Adamawa","Michika","exchange_rate_unofficial","2024-03-01","1545.83","1574.2","1506.56","1506.56","NGN"
"","Nigeria","Adamawa","Mubi","exchange_rate_unofficial","2024-03-01","1545.83","1574.2","1506.56","1506.56","NGN"
"","Nigeria","Adamawa","Mubi North","exchange_rate_unofficial","2024-03-01","1545.83","1574.2","1506.56","1506.56","NGN"
"","Nigeria","Adamawa","Ngalang","exchange_rate_unofficial","2024-03-01","1545.83","1574.2","1506.56","1506.56","NGN"
"","Nigeria","Borno","Abba Gamaram","exchange_rate_unofficial","2024-03-01","1545.83","1574.2","1506.56","1506.56","NGN"
"","Nigeria","Borno","Baga Road","exchange_rate_unofficial","2024-03-01","1545.83","1574.2","1506.56","1506.56","NGN"
"","Nigeria","Borno","Bama","exchange_rate_unofficial","2024-03-01","1545.83","1574.2","1506.56","1506.56","NGN"
"","Nigeria","Borno","Banki","exchange_rate_unofficial","2024-03-01","1545.83","1574.2","1506.56","1506.56","NGN"
"","Nigeria","Borno","Biu","exchange_rate_unofficial","2024-03-01","1545.83","1574.2","1506.56","1506.56","NGN"
"","Nigeria","Borno","Bolori Stores","exchange_rate_unofficial","2024-03-01","1545.83","1574.2","1506.56","1506.56","NGN"
"","Nigeria","Borno","Budum","exchange_rate_unofficial","2024-03-01","1545.83","1574.2","1506.56","1506.56","NGN"
"","Nigeria","Borno","Bullunkutu","exchange_rate_unofficial","2024-03-01","1545.83","1574.2","1506.56","1506.56","NGN"
"","Nigeria","Borno","Custom","exchange_rate_unofficial","2024-03-01","1545.83","1574.2","1506.56","1506.56","NGN"
"","Nigeria","Borno","Damassack (CBM)","exchange_rate_unofficial","2024-03-01","1545.83","1574.2","1506.56","1506.56","NGN"
"","Nigeria","Borno","Damboa","exchange_rate_unofficial","2024-03-01","1545.83","1574.2","1506.56","1506.56","NGN"
"","Nigeria","Borno","Dikwa Central","exchange_rate_unofficial","2024-03-01","1545.83","1574.2","1506.56","1506.56","NGN"
"","Nigeria","Borno","Gajiram","exchange_rate_unofficial","2024-03-01","1545.83","1574.2","1506.56","1506.56","NGN"
"","Nigeria","Borno","Gamboru","exchange_rate_unofficial","2024-03-01","1545.83","1574.2","1506.56","1506.56","NGN"
"","Nigeria","Borno","Gwoza Central","exchange_rate_unofficial","2024-03-01","1545.83","1574.2","1506.56","1506.56","NGN"
"","Nigeria","Borno","Kashuwan Shanu","exchange_rate_unofficial","2024-03-01","1545.83","1574.2","1506.56","1506.56","NGN"
"","Nigeria","Borno","Konduga","exchange_rate_unofficial","2024-03-01","1545.83","1574.2","1506.56","1506.56","NGN"
"","Nigeria","Borno","Kusawam Shanu","exchange_rate_unofficial","2024-03-01","1545.83","1574.2","1506.56","1506.56","NGN"
"","Nigeria","Borno","Mafa","exchange_rate_unofficial","2024-03-01","1545.83","1574.2","1506.56","1506.56","NGN"
"","Nigeria","Borno","Magumeri Central","exchange_rate_unofficial","2024-03-01","1545.83","1574.2","1506.56","1506.56","NGN"
"","Nigeria","Borno","Maiduguri","exchange_rate_unofficial","2024-03-01","1545.83","1574.2","1506.56","1506.56","NGN"
"","Nigeria","Borno","Monday","exchange_rate_unofficial","2024-03-01","1545.83","1574.2","1506.56","1506.56","NGN"
"","Nigeria","Borno","Monguno","exchange_rate_unofficial","2024-03-01","1545.83","1574.2","1506.56","1506.56","NGN"
"","Nigeria","Borno","Ngala","exchange_rate_unofficial","2024-03-01","1545.83","1574.2","1506.56","1506.56","NGN"
"","Nigeria","Borno","Pulka","exchange_rate_unofficial","2024-03-01","1545.83","1574.2","1506.56","1506.56","NGN"
"","Nigeria","Borno","Rann","exchange_rate_unofficial","2024-03-01","1545.83","1574.2","1506.56","1506.56","NGN"
"","Nigeria","Borno","Shani Main Market","exchange_rate_unofficial","2024-03-01","1545.83","1574.2","1506.56","1506.56","NGN"
"","Nigeria","Borno","Tashan Bama","exchange_rate_unofficial","2024-03-01","1545.83","1574.2","1506.56","1506.56","NGN"
"","Nigeria","Geopolitical Zone","North Central","exchange_rate_unofficial","2024-03-01","1545.83","1574.2","1506.56","1506.56","NGN"
"","Nigeria","Geopolitical Zone","North West","exchange_rate_unofficial","2024-03-01","1545.83","1574.2","1506.56","1506.56","NGN"
"","Nigeria","Geopolitical Zone","South East","exchange_rate_unofficial","2024-03-01","1545.83","1574.2","1506.56","1506.56","NGN"
"","Nigeria","Geopolitical Zone","South South","exchange_rate_unofficial","2024-03-01","1545.83","1574.2","1506.56","1506.56","NGN"
"","Nigeria","Geopolitical Zone","South West","exchange_rate_unofficial","2024-03-01","1545.83","1574.2","1506.56","1506.56","NGN"
"","Nigeria","Gombe","Gombe","exchange_rate_unofficial","2024-03-01","1545.83","1574.2","1506.56","1506.56","NGN"
"","Nigeria","Jigawa","Gujungu","exchange_rate_unofficial","2024-03-01","1545.83","1574.2","1506.56","1506.56","NGN"
"","Nigeria","Kaduna","Giwa","exchange_rate_unofficial","2024-03-01","1545.83","1574.2","1506.56","1506.56","NGN"
"","Nigeria","Kaduna","Saminaka","exchange_rate_unofficial","2024-03-01","1545.83","1574.2","1506.56","1506.56","NGN"
"","Nigeria","Kano","Dawanau","exchange_rate_unofficial","2024-03-01","1545.83","1574.2","1506.56","1506.56","NGN"
"","Nigeria","Kano State (1)","Kano","exchange_rate_unofficial","2024-03-01","1545.83","1574.2","1506.56","1506.56","NGN"
"","Nigeria","Katsina","Dandume","exchange_rate_unofficial","2024-03-01","1545.83","1574.2","1506.56","1506.56","NGN"
"","Nigeria","Katsina","Mai Adoua (CBM)","exchange_rate_unofficial","2024-03-01","1545.83","1574.2","1506.56","1506.56","NGN"
"","Nigeria","Kebbi","Gwandu","exchange_rate_unofficial","2024-03-01","1545.83","1574.2","1506.56","1506.56","NGN"
"","Nigeria","Lagos","Lagos","exchange_rate_unofficial","2024-03-01","1545.83","1574.2","1506.56","1506.56","NGN"
"","Nigeria","Market Average","Market Average","exchange_rate_unofficial","2024-03-01","1545.83","1574.2","1506.56","1506.56","NGN"
"","Nigeria","National Average","Abuja","exchange_rate_unofficial","2024-03-01","1545.83","1574.2","1506.56","1506.56","NGN"
"","Nigeria","Oyo","Ibadan","exchange_rate_unofficial","2024-03-01","1545.83","1574.2","1506.56","1506.56","NGN"
"","Nigeria","Sokoto","Illela (CBM)","exchange_rate_unofficial","2024-03-01","1545.83","1574.2","1506.56","1506.56","NGN"
"","Nigeria","Yobe","Bade (Gashua)","exchange_rate_unofficial","2024-03-01","1545.83","1574.2","1506.56","1506.56","NGN"
"","Nigeria","Yobe","Bayantasha","exchange_rate_unofficial","2024-03-01","1545.83","1574.2","1506.56","1506.56","NGN"
"","Nigeria","Yobe","Biriri","exchange_rate_unofficial","2024-03-01","1545.83","1574.2","1506.56","1506.56","NGN"
"","Nigeria","Yobe","Bursari","exchange_rate_unofficial","2024-03-01","1545.83","1574.2","1506.56","1506.56","NGN"
"","Nigeria","Yobe","Damagum","exchange_rate_unofficial","2024-03-01","1545.83","1574.2","1506.56","1506.56","NGN"
"","Nigeria","Yobe","Damaturu","exchange_rate_unofficial","2024-03-01","1545.83","1574.2","1506.56","1506.56","NGN"
"","Nigeria","Yobe","Damaturu (Sunday Market)","exchange_rate_unofficial","2024-03-01","1545.83","1574.2","1506.56","1506.56","NGN"
"","Nigeria","Yobe","Geidam","exchange_rate_unofficial","2024-03-01","1545.83","1574.2","1506.56","1506.56","NGN"
"","Nigeria","Yobe","Gujba (Buni Yadi)","exchange_rate_unofficial","2024-03-01","1545.83","1574.2","1506.56","1506.56","NGN"
"","Nigeria","Yobe","Gulani (Tettaba)","exchange_rate_unofficial","2024-03-01","1545.83","1574.2","1506.56","1506.56","NGN"
"","Nigeria","Yobe","Jakusko","exchange_rate_unofficial","2024-03-01","1545.83","1574.2","1506.56","1506.56","NGN"
"","Nigeria","Yobe","Machina Central","exchange_rate_unofficial","2024-03-01","1545.83","1574.2","1506.56","1506.56","NGN"
"","Nigeria","Yobe","Nangere","exchange_rate_unofficial","2024-03-01","1545.83","1574.2","1506.56","1506.56","NGN"
"","Nigeria","Yobe","Ngelzarma","exchange_rate_unofficial","2024-03-01","1545.83","1574.2","1506.56","1506.56","NGN"
"","Nigeria","Yobe","Nguru","exchange_rate_unofficial","2024-03-01","1545.83","1574.2","1506.56","1506.56","NGN"
"","Nigeria","Yobe","Potiskum","exchange_rate_unofficial","2024-03-01","1545.83","1574.2","1506.56","1506.56","NGN"
"","Nigeria","Yobe","Yunusari","exchange_rate_unofficial","2024-03-01","1545.83","1574.2","1506.56","1506.56","NGN"
"","Nigeria","Yobe","Yusufari","exchange_rate_unofficial","2024-03-01","1545.83","1574.2","1506.56","1506.56","NGN"
"","Nigeria","Zamfara","Kaura Namoda","exchange_rate_unofficial","2024-03-01","1545.83","1574.2","1506.56","1506.56","NGN"
"","Nigeria","Abia","Aba","exchange_rate_unofficial","2024-04-01","1498.98","1526.25","1231.05","1231.05","NGN"
"","Nigeria","Adamawa","Gombi","exchange_rate_unofficial","2024-04-01","1498.98","1526.25","1231.05","1231.05","NGN"
"","Nigeria","Adamawa","Jimeta Grain","exchange_rate_unofficial","2024-04-01","1498.98","1526.25","1231.05","1231.05","NGN"
"","Nigeria","Adamawa","Madagali","exchange_rate_unofficial","2024-04-01","1498.98","1526.25","1231.05","1231.05","NGN"
"","Nigeria","Adamawa","Michika","exchange_rate_unofficial","2024-04-01","1498.98","1526.25","1231.05","1231.05","NGN"
"","Nigeria","Adamawa","Mubi","exchange_rate_unofficial","2024-04-01","1498.98","1526.25","1231.05","1231.05","NGN"
"","Nigeria","Adamawa","Mubi North","exchange_rate_unofficial","2024-04-01","1498.98","1526.25","1231.05","1231.05","NGN"
"","Nigeria","Adamawa","Ngalang","exchange_rate_unofficial","2024-04-01","1498.98","1526.25","1231.05","1231.05","NGN"
"","Nigeria","Borno","Abba Gamaram","exchange_rate_unofficial","2024-04-01","1498.98","1526.25","1231.05","1231.05","NGN"
"","Nigeria","Borno","Baga Road","exchange_rate_unofficial","2024-04-01","1498.98","1526.25","1231.05","1231.05","NGN"
"","Nigeria","Borno","Bama","exchange_rate_unofficial","2024-04-01","1498.98","1526.25","1231.05","1231.05","NGN"
"","Nigeria","Borno","Banki","exchange_rate_unofficial","2024-04-01","1498.98","1526.25","1231.05","1231.05","NGN"
"","Nigeria","Borno","Biu","exchange_rate_unofficial","2024-04-01","1498.98","1526.25","1231.05","1231.05","NGN"
"","Nigeria","Borno","Bolori Stores","exchange_rate_unofficial","2024-04-01","1498.98","1526.25","1231.05","1231.05","NGN"
"","Nigeria","Borno","Budum","exchange_rate_unofficial","2024-04-01","1498.98","1526.25","1231.05","1231.05","NGN"
"","Nigeria","Borno","Bullunkutu","exchange_rate_unofficial","2024-04-01","1498.98","1526.25","1231.05","1231.05","NGN"
"","Nigeria","Borno","Custom","exchange_rate_unofficial","2024-04-01","1498.98","1526.25","1231.05","1231.05","NGN"
"","Nigeria","Borno","Damassack (CBM)","exchange_rate_unofficial","2024-04-01","1498.98","1526.25","1231.05","1231.05","NGN"
"","Nigeria","Borno","Damboa","exchange_rate_unofficial","2024-04-01","1498.98","1526.25","1231.05","1231.05","NGN"
"","Nigeria","Borno","Dikwa Central","exchange_rate_unofficial","2024-04-01","1498.98","1526.25","1231.05","1231.05","NGN"
"","Nigeria","Borno","Gajiram","exchange_rate_unofficial","2024-04-01","1498.98","1526.25","1231.05","1231.05","NGN"
"","Nigeria","Borno","Gamboru","exchange_rate_unofficial","2024-04-01","1498.98","1526.25","1231.05","1231.05","NGN"
"","Nigeria","Borno","Gwoza Central","exchange_rate_unofficial","2024-04-01","1498.98","1526.25","1231.05","1231.05","NGN"
"","Nigeria","Borno","Kashuwan Shanu","exchange_rate_unofficial","2024-04-01","1498.98","1526.25","1231.05","1231.05","NGN"
"","Nigeria","Borno","Konduga","exchange_rate_unofficial","2024-04-01","1498.98","1526.25","1231.05","1231.05","NGN"
"","Nigeria","Borno","Kusawam Shanu","exchange_rate_unofficial","2024-04-01","1498.98","1526.25","1231.05","1231.05","NGN"
"","Nigeria","Borno","Mafa","exchange_rate_unofficial","2024-04-01","1498.98","1526.25","1231.05","1231.05","NGN"
"","Nigeria","Borno","Magumeri Central","exchange_rate_unofficial","2024-04-01","1498.98","1526.25","1231.05","1231.05","NGN"
"","Nigeria","Borno","Maiduguri","exchange_rate_unofficial","2024-04-01","1498.98","1526.25","1231.05","1231.05","NGN"
"","Nigeria","Borno","Monday","exchange_rate_unofficial","2024-04-01","1498.98","1526.25","1231.05","1231.05","NGN"
"","Nigeria","Borno","Monguno","exchange_rate_unofficial","2024-04-01","1498.98","1526.25","1231.05","1231.05","NGN"
"","Nigeria","Borno","Ngala","exchange_rate_unofficial","2024-04-01","1498.98","1526.25","1231.05","1231.05","NGN"
"","Nigeria","Borno","Pulka","exchange_rate_unofficial","2024-04-01","1498.98","1526.25","1231.05","1231.05","NGN"
"","Nigeria","Borno","Rann","exchange_rate_unofficial","2024-04-01","1498.98","1526.25","1231.05","1231.05","NGN"
"","Nigeria","Borno","Shani Main Market","exchange_rate_unofficial","2024-04-01","1498.98","1526.25","1231.05","1231.05","NGN"
"","Nigeria","Borno","Tashan Bama","exchange_rate_unofficial","2024-04-01","1498.98","1526.25","1231.05","1231.05","NGN"
"","Nigeria","Geopolitical Zone","North Central","exchange_rate_unofficial","2024-04-01","1498.98","1526.25","1231.05","1231.05","NGN"
"","Nigeria","Geopolitical Zone","North West","exchange_rate_unofficial","2024-04-01","1498.98","1526.25","1231.05","1231.05","NGN"
"","Nigeria","Geopolitical Zone","South East","exchange_rate_unofficial","2024-04-01","1498.98","1526.25","1231.05","1231.05","NGN"
"","Nigeria","Geopolitical Zone","South South","exchange_rate_unofficial","2024-04-01","1498.98","1526.25","1231.05","1231.05","NGN"
"","Nigeria","Geopolitical Zone","South West","exchange_rate_unofficial","2024-04-01","1498.98","1526.25","1231.05","1231.05","NGN"
"","Nigeria","Gombe","Gombe","exchange_rate_unofficial","2024-04-01","1498.98","1526.25","1231.05","1231.05","NGN"
"","Nigeria","Jigawa","Gujungu","exchange_rate_unofficial","2024-04-01","1498.98","1526.25","1231.05","1231.05","NGN"
"","Nigeria","Kaduna","Giwa","exchange_rate_unofficial","2024-04-01","1498.98","1526.25","1231.05","1231.05","NGN"
"","Nigeria","Kaduna","Saminaka","exchange_rate_unofficial","2024-04-01","1498.98","1526.25","1231.05","1231.05","NGN"
"","Nigeria","Kano","Dawanau","exchange_rate_unofficial","2024-04-01","1498.98","1526.25","1231.05","1231.05","NGN"
"","Nigeria","Kano State (1)","Kano","exchange_rate_unofficial","2024-04-01","1498.98","1526.25","1231.05","1231.05","NGN"
"","Nigeria","Katsina","Dandume","exchange_rate_unofficial","2024-04-01","1498.98","1526.25","1231.05","1231.05","NGN"
"","Nigeria","Katsina","Mai Adoua (CBM)","exchange_rate_unofficial","2024-04-01","1498.98","1526.25","1231.05","1231.05","NGN"
"","Nigeria","Kebbi","Gwandu","exchange_rate_unofficial","2024-04-01","1498.98","1526.25","1231.05","1231.05","NGN"
"","Nigeria","Lagos","Lagos","exchange_rate_unofficial","2024-04-01","1498.98","1526.25","1231.05","1231.05","NGN"
"","Nigeria","Market Average","Market Average","exchange_rate_unofficial","2024-04-01","1498.98","1526.25","1231.05","1231.05","NGN"
"","Nigeria","National Average","Abuja","exchange_rate_unofficial","2024-04-01","1498.98","1526.25","1231.05","1231.05","NGN"
"","Nigeria","Oyo","Ibadan","exchange_rate_unofficial","2024-04-01","1498.98","1526.25","1231.05","1231.05","NGN"
"","Nigeria","Sokoto","Illela (CBM)","exchange_rate_unofficial","2024-04-01","1498.98","1526.25","1231.05","1231.05","NGN"
"","Nigeria","Yobe","Bade (Gashua)","exchange_rate_unofficial","2024-04-01","1498.98","1526.25","1231.05","1231.05","NGN"
"","Nigeria","Yobe","Bayantasha","exchange_rate_unofficial","2024-04-01","1498.98","1526.25","1231.05","1231.05","NGN"
"","Nigeria","Yobe","Biriri","exchange_rate_unofficial","2024-04-01","1498.98","1526.25","1231.05","1231.05","NGN"
"","Nigeria","Yobe","Bursari","exchange_rate_unofficial","2024-04-01","1498.98","1526.25","1231.05","1231.05","NGN"
"","Nigeria","Yobe","Damagum","exchange_rate_unofficial","2024-04-01","1498.98","1526.25","1231.05","1231.05","NGN"
"","Nigeria","Yobe","Damaturu","exchange_rate_unofficial","2024-04-01","1498.98","1526.25","1231.05","1231.05","NGN"
"","Nigeria","Yobe","Damaturu (Sunday Market)","exchange_rate_unofficial","2024-04-01","1498.98","1526.25","1231.05","1231.05","NGN"
"","Nigeria","Yobe","Geidam","exchange_rate_unofficial","2024-04-01","1498.98","1526.25","1231.05","1231.05","NGN"
"","Nigeria","Yobe","Gujba (Buni Yadi)","exchange_rate_unofficial","2024-04-01","1498.98","1526.25","1231.05","1231.05","NGN"
"","Nigeria","Yobe","Gulani (Tettaba)","exchange_rate_unofficial","2024-04-01","1498.98","1526.25","1231.05","1231.05","NGN"
"","Nigeria","Yobe","Jakusko","exchange_rate_unofficial","2024-04-01","1498.98","1526.25","1231.05","1231.05","NGN"
"","Nigeria","Yobe","Machina Central","exchange_rate_unofficial","2024-04-01","1498.98","1526.25","1231.05","1231.05","NGN"
"","Nigeria","Yobe","Nangere","exchange_rate_unofficial","2024-04-01","1498.98","1526.25","1231.05","1231.05","NGN"
"","Nigeria","Yobe","Ngelzarma","exchange_rate_unofficial","2024-04-01","1498.98","1526.25","1231.05","1231.05","NGN"
"","Nigeria","Yobe","Nguru","exchange_rate_unofficial","2024-04-01","1498.98","1526.25","1231.05","1231.05","NGN"
"","Nigeria","Yobe","Potiskum","exchange_rate_unofficial","2024-04-01","1498.98","1526.25","1231.05","1231.05","NGN"
"","Nigeria","Yobe","Yunusari","exchange_rate_unofficial","2024-04-01","1498.98","1526.25","1231.05","1231.05","NGN"
"","Nigeria","Yobe","Yusufari","exchange_rate_unofficial","2024-04-01","1498.98","1526.25","1231.05","1231.05","NGN"
"","Nigeria","Zamfara","Kaura Namoda","exchange_rate_unofficial","2024-04-01","1498.98","1526.25","1231.05","1231.05","NGN"
"","Nigeria","Abia","Aba","exchange_rate_unofficial","2024-05-01","1215.84","1433.31","1190.97","1433.31","NGN"
"","Nigeria","Adamawa","Gombi","exchange_rate_unofficial","2024-05-01","1215.84","1433.31","1190.97","1433.31","NGN"
"","Nigeria","Adamawa","Jimeta Grain","exchange_rate_unofficial","2024-05-01","1215.84","1433.31","1190.97","1433.31","NGN"
"","Nigeria","Adamawa","Madagali","exchange_rate_unofficial","2024-05-01","1215.84","1433.31","1190.97","1433.31","NGN"
"","Nigeria","Adamawa","Michika","exchange_rate_unofficial","2024-05-01","1215.84","1433.31","1190.97","1433.31","NGN"
"","Nigeria","Adamawa","Mubi","exchange_rate_unofficial","2024-05-01","1215.84","1433.31","1190.97","1433.31","NGN"
"","Nigeria","Adamawa","Mubi North","exchange_rate_unofficial","2024-05-01","1215.84","1433.31","1190.97","1433.31","NGN"
"","Nigeria","Adamawa","Ngalang","exchange_rate_unofficial","2024-05-01","1215.84","1433.31","1190.97","1433.31","NGN"
"","Nigeria","Borno","Abba Gamaram","exchange_rate_unofficial","2024-05-01","1215.84","1433.31","1190.97","1433.31","NGN"
"","Nigeria","Borno","Baga Road","exchange_rate_unofficial","2024-05-01","1215.84","1433.31","1190.97","1433.31","NGN"
"","Nigeria","Borno","Bama","exchange_rate_unofficial","2024-05-01","1215.84","1433.31","1190.97","1433.31","NGN"
"","Nigeria","Borno","Banki","exchange_rate_unofficial","2024-05-01","1215.84","1433.31","1190.97","1433.31","NGN"
"","Nigeria","Borno","Biu","exchange_rate_unofficial","2024-05-01","1215.84","1433.31","1190.97","1433.31","NGN"
"","Nigeria","Borno","Bolori Stores","exchange_rate_unofficial","2024-05-01","1215.84","1433.31","1190.97","1433.31","NGN"
"","Nigeria","Borno","Budum","exchange_rate_unofficial","2024-05-01","1215.84","1433.31","1190.97","1433.31","NGN"
"","Nigeria","Borno","Bullunkutu","exchange_rate_unofficial","2024-05-01","1215.84","1433.31","1190.97","1433.31","NGN"
"","Nigeria","Borno","Custom","exchange_rate_unofficial","2024-05-01","1215.84","1433.31","1190.97","1433.31","NGN"
"","Nigeria","Borno","Damassack (CBM)","exchange_rate_unofficial","2024-05-01","1215.84","1433.31","1190.97","1433.31","NGN"
"","Nigeria","Borno","Damboa","exchange_rate_unofficial","2024-05-01","1215.84","1433.31","1190.97","1433.31","NGN"
"","Nigeria","Borno","Dikwa Central","exchange_rate_unofficial","2024-05-01","1215.84","1433.31","1190.97","1433.31","NGN"
"","Nigeria","Borno","Gajiram","exchange_rate_unofficial","2024-05-01","1215.84","1433.31","1190.97","1433.31","NGN"
"","Nigeria","Borno","Gamboru","exchange_rate_unofficial","2024-05-01","1215.84","1433.31","1190.97","1433.31","NGN"
"","Nigeria","Borno","Gwoza Central","exchange_rate_unofficial","2024-05-01","1215.84","1433.31","1190.97","1433.31","NGN"
"","Nigeria","Borno","Kashuwan Shanu","exchange_rate_unofficial","2024-05-01","1215.84","1433.31","1190.97","1433.31","NGN"
"","Nigeria","Borno","Konduga","exchange_rate_unofficial","2024-05-01","1215.84","1433.31","1190.97","1433.31","NGN"
"","Nigeria","Borno","Kusawam Shanu","exchange_rate_unofficial","2024-05-01","1215.84","1433.31","1190.97","1433.31","NGN"
"","Nigeria","Borno","Mafa","exchange_rate_unofficial","2024-05-01","1215.84","1433.31","1190.97","1433.31","NGN"
"","Nigeria","Borno","Magumeri Central","exchange_rate_unofficial","2024-05-01","1215.84","1433.31","1190.97","1433.31","NGN"
"","Nigeria","Borno","Maiduguri","exchange_rate_unofficial","2024-05-01","1215.84","1433.31","1190.97","1433.31","NGN"
"","Nigeria","Borno","Monday","exchange_rate_unofficial","2024-05-01","1215.84","1433.31","1190.97","1433.31","NGN"
"","Nigeria","Borno","Monguno","exchange_rate_unofficial","2024-05-01","1215.84","1433.31","1190.97","1433.31","NGN"
"","Nigeria","Borno","Ngala","exchange_rate_unofficial","2024-05-01","1215.84","1433.31","1190.97","1433.31","NGN"
"","Nigeria","Borno","Pulka","exchange_rate_unofficial","2024-05-01","1215.84","1433.31","1190.97","1433.31","NGN"
"","Nigeria","Borno","Rann","exchange_rate_unofficial","2024-05-01","1215.84","1433.31","1190.97","1433.31","NGN"
"","Nigeria","Borno","Shani Main Market","exchange_rate_unofficial","2024-05-01","1215.84","1433.31","1190.97","1433.31","NGN"
"","Nigeria","Borno","Tashan Bama","exchange_rate_unofficial","2024-05-01","1215.84","1433.31","1190.97","1433.31","NGN"
"","Nigeria","Geopolitical Zone","North Central","exchange_rate_unofficial","2024-05-01","1215.84","1433.31","1190.97","1433.31","NGN"
"","Nigeria","Geopolitical Zone","North West","exchange_rate_unofficial","2024-05-01","1215.84","1433.31","1190.97","1433.31","NGN"
"","Nigeria","Geopolitical Zone","South East","exchange_rate_unofficial","2024-05-01","1215.84","1433.31","1190.97","1433.31","NGN"
"","Nigeria","Geopolitical Zone","South South","exchange_rate_unofficial","2024-05-01","1215.84","1433.31","1190.97","1433.31","NGN"
"","Nigeria","Geopolitical Zone","South West","exchange_rate_unofficial","2024-05-01","1215.84","1433.31","1190.97","1433.31","NGN"
"","Nigeria","Gombe","Gombe","exchange_rate_unofficial","2024-05-01","1215.84","1433.31","1190.97","1433.31","NGN"
"","Nigeria","Jigawa","Gujungu","exchange_rate_unofficial","2024-05-01","1215.84","1433.31","1190.97","1433.31","NGN"
"","Nigeria","Kaduna","Giwa","exchange_rate_unofficial","2024-05-01","1215.84","1433.31","1190.97","1433.31","NGN"
"","Nigeria","Kaduna","Saminaka","exchange_rate_unofficial","2024-05-01","1215.84","1433.31","1190.97","1433.31","NGN"
"","Nigeria","Kano","Dawanau","exchange_rate_unofficial","2024-05-01","1215.84","1433.31","1190.97","1433.31","NGN"
"","Nigeria","Kano State (1)","Kano","exchange_rate_unofficial","2024-05-01","1215.84","1433.31","1190.97","1433.31","NGN"
"","Nigeria","Katsina","Dandume","exchange_rate_unofficial","2024-05-01","1215.84","1433.31","1190.97","1433.31","NGN"
"","Nigeria","Katsina","Mai Adoua (CBM)","exchange_rate_unofficial","2024-05-01","1215.84","1433.31","1190.97","1433.31","NGN"
"","Nigeria","Kebbi","Gwandu","exchange_rate_unofficial","2024-05-01","1215.84","1433.31","1190.97","1433.31","NGN"
"","Nigeria","Lagos","Lagos","exchange_rate_unofficial","2024-05-01","1215.84","1433.31","1190.97","1433.31","NGN"
"","Nigeria","Market Average","Market Average","exchange_rate_unofficial","2024-05-01","1215.84","1433.31","1190.97","1433.31","NGN"
"","Nigeria","National Average","Abuja","exchange_rate_unofficial","2024-05-01","1215.84","1433.31","1190.97","1433.31","NGN"
"","Nigeria","Oyo","Ibadan","exchange_rate_unofficial","2024-05-01","1215.84","1433.31","1190.97","1433.31","NGN"
"","Nigeria","Sokoto","Illela (CBM)","exchange_rate_unofficial","2024-05-01","1215.84","1433.31","1190.97","1433.31","NGN"
"","Nigeria","Yobe","Bade (Gashua)","exchange_rate_unofficial","2024-05-01","1215.84","1433.31","1190.97","1433.31","NGN"
"","Nigeria","Yobe","Bayantasha","exchange_rate_unofficial","2024-05-01","1215.84","1433.31","1190.97","1433.31","NGN"
"","Nigeria","Yobe","Biriri","exchange_rate_unofficial","2024-05-01","1215.84","1433.31","1190.97","1433.31","NGN"
"","Nigeria","Yobe","Bursari","exchange_rate_unofficial","2024-05-01","1215.84","1433.31","1190.97","1433.31","NGN"
"","Nigeria","Yobe","Damagum","exchange_rate_unofficial","2024-05-01","1215.84","1433.31","1190.97","1433.31","NGN"
"","Nigeria","Yobe","Damaturu","exchange_rate_unofficial","2024-05-01","1215.84","1433.31","1190.97","1433.31","NGN"
"","Nigeria","Yobe","Damaturu (Sunday Market)","exchange_rate_unofficial","2024-05-01","1215.84","1433.31","1190.97","1433.31","NGN"
"","Nigeria","Yobe","Geidam","exchange_rate_unofficial","2024-05-01","1215.84","1433.31","1190.97","1433.31","NGN"
"","Nigeria","Yobe","Gujba (Buni Yadi)","exchange_rate_unofficial","2024-05-01","1215.84","1433.31","1190.97","1433.31","NGN"
"","Nigeria","Yobe","Gulani (Tettaba)","exchange_rate_unofficial","2024-05-01","1215.84","1433.31","1190.97","1433.31","NGN"
"","Nigeria","Yobe","Jakusko","exchange_rate_unofficial","2024-05-01","1215.84","1433.31","1190.97","1433.31","NGN"
"","Nigeria","Yobe","Machina Central","exchange_rate_unofficial","2024-05-01","1215.84","1433.31","1190.97","1433.31","NGN"
"","Nigeria","Yobe","Nangere","exchange_rate_unofficial","2024-05-01","1215.84","1433.31","1190.97","1433.31","NGN"
"","Nigeria","Yobe","Ngelzarma","exchange_rate_unofficial","2024-05-01","1215.84","1433.31","1190.97","1433.31","NGN"
"","Nigeria","Yobe","Nguru","exchange_rate_unofficial","2024-05-01","1215.84","1433.31","1190.97","1433.31","NGN"
"","Nigeria","Yobe","Potiskum","exchange_rate_unofficial","2024-05-01","1215.84","1433.31","1190.97","1433.31","NGN"
"","Nigeria","Yobe","Yunusari","exchange_rate_unofficial","2024-05-01","1215.84","1433.31","1190.97","1433.31","NGN"
"","Nigeria","Yobe","Yusufari","exchange_rate_unofficial","2024-05-01","1215.84","1433.31","1190.97","1433.31","NGN"
"","Nigeria","Zamfara","Kaura Namoda","exchange_rate_unofficial","2024-05-01","1215.84","1433.31","1190.97","1433.31","NGN"
"","Nigeria","Abia","Aba","exchange_rate_unofficial","2024-06-01","1478.16","1512.78","1443.54","1481.83","NGN"
"","Nigeria","Adamawa","Gombi","exchange_rate_unofficial","2024-06-01","1478.16","1512.78","1443.54","1481.83","NGN"
"","Nigeria","Adamawa","Jimeta Grain","exchange_rate_unofficial","2024-06-01","1478.16","1512.78","1443.54","1481.83","NGN"
"","Nigeria","Adamawa","Madagali","exchange_rate_unofficial","2024-06-01","1478.16","1512.78","1443.54","1481.83","NGN"
"","Nigeria","Adamawa","Michika","exchange_rate_unofficial","2024-06-01","1478.16","1512.78","1443.54","1481.83","NGN"
"","Nigeria","Adamawa","Mubi","exchange_rate_unofficial","2024-06-01","1478.16","1512.78","1443.54","1481.83","NGN"
"","Nigeria","Adamawa","Mubi North","exchange_rate_unofficial","2024-06-01","1478.16","1512.78","1443.54","1481.83","NGN"
"","Nigeria","Adamawa","Ngalang","exchange_rate_unofficial","2024-06-01","1478.16","1512.78","1443.54","1481.83","NGN"
"","Nigeria","Borno","Abba Gamaram","exchange_rate_unofficial","2024-06-01","1478.16","1512.78","1443.54","1481.83","NGN"
"","Nigeria","Borno","Baga Road","exchange_rate_unofficial","2024-06-01","1478.16","1512.78","1443.54","1481.83","NGN"
"","Nigeria","Borno","Bama","exchange_rate_unofficial","2024-06-01","1478.16","1512.78","1443.54","1481.83","NGN"
"","Nigeria","Borno","Banki","exchange_rate_unofficial","2024-06-01","1478.16","1512.78","1443.54","1481.83","NGN"
"","Nigeria","Borno","Biu","exchange_rate_unofficial","2024-06-01","1478.16","1512.78","1443.54","1481.83","NGN"
"","Nigeria","Borno","Bolori Stores","exchange_rate_unofficial","2024-06-01","1478.16","1512.78","1443.54","1481.83","NGN"
"","Nigeria","Borno","Budum","exchange_rate_unofficial","2024-06-01","1478.16","1512.78","1443.54","1481.83","NGN"
"","Nigeria","Borno","Bullunkutu","exchange_rate_unofficial","2024-06-01","1478.16","1512.78","1443.54","1481.83","NGN"
"","Nigeria","Borno","Custom","exchange_rate_unofficial","2024-06-01","1478.16","1512.78","1443.54","1481.83","NGN"
"","Nigeria","Borno","Damassack (CBM)","exchange_rate_unofficial","2024-06-01","1478.16","1512.78","1443.54","1481.83","NGN"
"","Nigeria","Borno","Damboa","exchange_rate_unofficial","2024-06-01","1478.16","1512.78","1443.54","1481.83","NGN"
"","Nigeria","Borno","Dikwa Central","exchange_rate_unofficial","2024-06-01","1478.16","1512.78","1443.54","1481.83","NGN"
"","Nigeria","Borno","Gajiram","exchange_rate_unofficial","2024-06-01","1478.16","1512.78","1443.54","1481.83","NGN"
"","Nigeria","Borno","Gamboru","exchange_rate_unofficial","2024-06-01","1478.16","1512.78","1443.54","1481.83","NGN"
"","Nigeria","Borno","Gwoza Central","exchange_rate_unofficial","2024-06-01","1478.16","1512.78","1443.54","1481.83","NGN"
"","Nigeria","Borno","Kashuwan Shanu","exchange_rate_unofficial","2024-06-01","1478.16","1512.78","1443.54","1481.83","NGN"
"","Nigeria","Borno","Konduga","exchange_rate_unofficial","2024-06-01","1478.16","1512.78","1443.54","1481.83","NGN"
"","Nigeria","Borno","Kusawam Shanu","exchange_rate_unofficial","2024-06-01","1478.16","1512.78","1443.54","1481.83","NGN"
"","Nigeria","Borno","Mafa","exchange_rate_unofficial","2024-06-01","1478.16","1512.78","1443.54","1481.83","NGN"
"","Nigeria","Borno","Magumeri Central","exchange_rate_unofficial","2024-06-01","1478.16","1512.78","1443.54","1481.83","NGN"
"","Nigeria","Borno","Maiduguri","exchange_rate_unofficial","2024-06-01","1478.16","1512.78","1443.54","1481.83","NGN"
"","Nigeria","Borno","Monday","exchange_rate_unofficial","2024-06-01","1478.16","1512.78","1443.54","1481.83","NGN"
"","Nigeria","Borno","Monguno","exchange_rate_unofficial","2024-06-01","1478.16","1512.78","1443.54","1481.83","NGN"
"","Nigeria","Borno","Ngala","exchange_rate_unofficial","2024-06-01","1478.16","1512.78","1443.54","1481.83","NGN"
"","Nigeria","Borno","Pulka","exchange_rate_unofficial","2024-06-01","1478.16","1512.78","1443.54","1481.83","NGN"
"","Nigeria","Borno","Rann","exchange_rate_unofficial","2024-06-01","1478.16","1512.78","1443.54","1481.83","NGN"
"","Nigeria","Borno","Shani Main Market","exchange_rate_unofficial","2024-06-01","1478.16","1512.78","1443.54","1481.83","NGN"
"","Nigeria","Borno","Tashan Bama","exchange_rate_unofficial","2024-06-01","1478.16","1512.78","1443.54","1481.83","NGN"
"","Nigeria","Geopolitical Zone","North Central","exchange_rate_unofficial","2024-06-01","1478.16","1512.78","1443.54","1481.83","NGN"
"","Nigeria","Geopolitical Zone","North West","exchange_rate_unofficial","2024-06-01","1478.16","1512.78","1443.54","1481.83","NGN"
"","Nigeria","Geopolitical Zone","South East","exchange_rate_unofficial","2024-06-01","1478.16","1512.78","1443.54","1481.83","NGN"
"","Nigeria","Geopolitical Zone","South South","exchange_rate_unofficial","2024-06-01","1478.16","1512.78","1443.54","1481.83","NGN"
"","Nigeria","Geopolitical Zone","South West","exchange_rate_unofficial","2024-06-01","1478.16","1512.78","1443.54","1481.83","NGN"
"","Nigeria","Gombe","Gombe","exchange_rate_unofficial","2024-06-01","1478.16","1512.78","1443.54","1481.83","NGN"
"","Nigeria","Jigawa","Gujungu","exchange_rate_unofficial","2024-06-01","1478.16","1512.78","1443.54","1481.83","NGN"
"","Nigeria","Kaduna","Giwa","exchange_rate_unofficial","2024-06-01","1478.16","1512.78","1443.54","1481.83","NGN"
"","Nigeria","Kaduna","Saminaka","exchange_rate_unofficial","2024-06-01","1478.16","1512.78","1443.54","1481.83","NGN"
"","Nigeria","Kano","Dawanau","exchange_rate_unofficial","2024-06-01","1478.16","1512.78","1443.54","1481.83","NGN"
"","Nigeria","Kano State (1)","Kano","exchange_rate_unofficial","2024-06-01","1478.16","1512.78","1443.54","1481.83","NGN"
"","Nigeria","Katsina","Dandume","exchange_rate_unofficial","2024-06-01","1478.16","1512.78","1443.54","1481.83","NGN"
"","Nigeria","Katsina","Mai Adoua (CBM)","exchange_rate_unofficial","2024-06-01","1478.16","1512.78","1443.54","1481.83","NGN"
"","Nigeria","Kebbi","Gwandu","exchange_rate_unofficial","2024-06-01","1478.16","1512.78","1443.54","1481.83","NGN"
"","Nigeria","Lagos","Lagos","exchange_rate_unofficial","2024-06-01","1478.16","1512.78","1443.54","1481.83","NGN"
"","Nigeria","Market Average","Market Average","exchange_rate_unofficial","2024-06-01","1478.16","1512.78","1443.54","1481.83","NGN"
"","Nigeria","National Average","Abuja","exchange_rate_unofficial","2024-06-01","1478.16","1512.78","1443.54","1481.83","NGN"
"","Nigeria","Oyo","Ibadan","exchange_rate_unofficial","2024-06-01","1478.16","1512.78","1443.54","1481.83","NGN"
"","Nigeria","Sokoto","Illela (CBM)","exchange_rate_unofficial","2024-06-01","1478.16","1512.78","1443.54","1481.83","NGN"
"","Nigeria","Yobe","Bade (Gashua)","exchange_rate_unofficial","2024-06-01","1478.16","1512.78","1443.54","1481.83","NGN"
"","Nigeria","Yobe","Bayantasha","exchange_rate_unofficial","2024-06-01","1478.16","1512.78","1443.54","1481.83","NGN"
"","Nigeria","Yobe","Biriri","exchange_rate_unofficial","2024-06-01","1478.16","1512.78","1443.54","1481.83","NGN"
"","Nigeria","Yobe","Bursari","exchange_rate_unofficial","2024-06-01","1478.16","1512.78","1443.54","1481.83","NGN"
"","Nigeria","Yobe","Damagum","exchange_rate_unofficial","2024-06-01","1478.16","1512.78","1443.54","1481.83","NGN"
"","Nigeria","Yobe","Damaturu","exchange_rate_unofficial","2024-06-01","1478.16","1512.78","1443.54","1481.83","NGN"
"","Nigeria","Yobe","Damaturu (Sunday Market)","exchange_rate_unofficial","2024-06-01","1478.16","1512.78","1443.54","1481.83","NGN"
"","Nigeria","Yobe","Geidam","exchange_rate_unofficial","2024-06-01","1478.16","1512.78","1443.54","1481.83","NGN"
"","Nigeria","Yobe","Gujba (Buni Yadi)","exchange_rate_unofficial","2024-06-01","1478.16","1512.78","1443.54","1481.83","NGN"
"","Nigeria","Yobe","Gulani (Tettaba)","exchange_rate_unofficial","2024-06-01","1478.16","1512.78","1443.54","1481.83","NGN"
"","Nigeria","Yobe","Jakusko","exchange_rate_unofficial","2024-06-01","1478.16","1512.78","1443.54","1481.83","NGN"
"","Nigeria","Yobe","Machina Central","exchange_rate_unofficial","2024-06-01","1478.16","1512.78","1443.54","1481.83","NGN"
"","Nigeria","Yobe","Nangere","exchange_rate_unofficial","2024-06-01","1478.16","1512.78","1443.54","1481.83","NGN"
"","Nigeria","Yobe","Ngelzarma","exchange_rate_unofficial","2024-06-01","1478.16","1512.78","1443.54","1481.83","NGN"
"","Nigeria","Yobe","Nguru","exchange_rate_unofficial","2024-06-01","1478.16","1512.78","1443.54","1481.83","NGN"
"","Nigeria","Yobe","Potiskum","exchange_rate_unofficial","2024-06-01","1478.16","1512.78","1443.54","1481.83","NGN"
"","Nigeria","Yobe","Yunusari","exchange_rate_unofficial","2024-06-01","1478.16","1512.78","1443.54","1481.83","NGN"
"","Nigeria","Yobe","Yusufari","exchange_rate_unofficial","2024-06-01","1478.16","1512.78","1443.54","1481.83","NGN"
"","Nigeria","Zamfara","Kaura Namoda","exchange_rate_unofficial","2024-06-01","1478.16","1512.78","1443.54","1481.83","NGN"
"","Nigeria","Abia","Aba","exchange_rate_unofficial","2024-07-01","1491.83","1557.57","1458.61","1557.57","NGN"
"","Nigeria","Adamawa","Gombi","exchange_rate_unofficial","2024-07-01","1491.83","1557.57","1458.61","1557.57","NGN"
"","Nigeria","Adamawa","Jimeta Grain","exchange_rate_unofficial","2024-07-01","1491.83","1557.57","1458.61","1557.57","NGN"
"","Nigeria","Adamawa","Madagali","exchange_rate_unofficial","2024-07-01","1491.83","1557.57","1458.61","1557.57","NGN"
"","Nigeria","Adamawa","Michika","exchange_rate_unofficial","2024-07-01","1491.83","1557.57","1458.61","1557.57","NGN"
"","Nigeria","Adamawa","Mubi","exchange_rate_unofficial","2024-07-01","1491.83","1557.57","1458.61","1557.57","NGN"
"","Nigeria","Adamawa","Mubi North","exchange_rate_unofficial","2024-07-01","1491.83","1557.57","1458.61","1557.57","NGN"
"","Nigeria","Adamawa","Ngalang","exchange_rate_unofficial","2024-07-01","1491.83","1557.57","1458.61","1557.57","NGN"
"","Nigeria","Borno","Abba Gamaram","exchange_rate_unofficial","2024-07-01","1491.83","1557.57","1458.61","1557.57","NGN"
"","Nigeria","Borno","Baga Road","exchange_rate_unofficial","2024-07-01","1491.83","1557.57","1458.61","1557.57","NGN"
"","Nigeria","Borno","Bama","exchange_rate_unofficial","2024-07-01","1491.83","1557.57","1458.61","1557.57","NGN"
"","Nigeria","Borno","Banki","exchange_rate_unofficial","2024-07-01","1491.83","1557.57","1458.61","1557.57","NGN"
"","Nigeria","Borno","Biu","exchange_rate_unofficial","2024-07-01","1491.83","1557.57","1458.61","1557.57","NGN"
"","Nigeria","Borno","Bolori Stores","exchange_rate_unofficial","2024-07-01","1491.83","1557.57","1458.61","1557.57","NGN"
"","Nigeria","Borno","Budum","exchange_rate_unofficial","2024-07-01","1491.83","1557.57","1458.61","1557.57","NGN"
"","Nigeria","Borno","Bullunkutu","exchange_rate_unofficial","2024-07-01","1491.83","1557.57","1458.61","1557.57","NGN"
"","Nigeria","Borno","Custom","exchange_rate_unofficial","2024-07-01","1491.83","1557.57","1458.61","1557.57","NGN"
"","Nigeria","Borno","Damassack (CBM)","exchange_rate_unofficial","2024-07-01","1491.83","1557.57","1458.61","1557.57","NGN"
"","Nigeria","Borno","Damboa","exchange_rate_unofficial","2024-07-01","1491.83","1557.57","1458.61","1557.57","NGN"
"","Nigeria","Borno","Dikwa Central","exchange_rate_unofficial","2024-07-01","1491.83","1557.57","1458.61","1557.57","NGN"
"","Nigeria","Borno","Gajiram","exchange_rate_unofficial","2024-07-01","1491.83","1557.57","1458.61","1557.57","NGN"
"","Nigeria","Borno","Gamboru","exchange_rate_unofficial","2024-07-01","1491.83","1557.57","1458.61","1557.57","NGN"
"","Nigeria","Borno","Gwoza Central","exchange_rate_unofficial","2024-07-01","1491.83","1557.57","1458.61","1557.57","NGN"
"","Nigeria","Borno","Kashuwan Shanu","exchange_rate_unofficial","2024-07-01","1491.83","1557.57","1458.61","1557.57","NGN"
"","Nigeria","Borno","Konduga","exchange_rate_unofficial","2024-07-01","1491.83","1557.57","1458.61","1557.57","NGN"
"","Nigeria","Borno","Kusawam Shanu","exchange_rate_unofficial","2024-07-01","1491.83","1557.57","1458.61","1557.57","NGN"
"","Nigeria","Borno","Mafa","exchange_rate_unofficial","2024-07-01","1491.83","1557.57","1458.61","1557.57","NGN"
"","Nigeria","Borno","Magumeri Central","exchange_rate_unofficial","2024-07-01","1491.83","1557.57","1458.61","1557.57","NGN"
"","Nigeria","Borno","Maiduguri","exchange_rate_unofficial","2024-07-01","1491.83","1557.57","1458.61","1557.57","NGN"
"","Nigeria","Borno","Monday","exchange_rate_unofficial","2024-07-01","1491.83","1557.57","1458.61","1557.57","NGN"
"","Nigeria","Borno","Monguno","exchange_rate_unofficial","2024-07-01","1491.83","1557.57","1458.61","1557.57","NGN"
"","Nigeria","Borno","Ngala","exchange_rate_unofficial","2024-07-01","1491.83","1557.57","1458.61","1557.57","NGN"
"","Nigeria","Borno","Pulka","exchange_rate_unofficial","2024-07-01","1491.83","1557.57","1458.61","1557.57","NGN"
"","Nigeria","Borno","Rann","exchange_rate_unofficial","2024-07-01","1491.83","1557.57","1458.61","1557.57","NGN"
"","Nigeria","Borno","Shani Main Market","exchange_rate_unofficial","2024-07-01","1491.83","1557.57","1458.61","1557.57","NGN"
"","Nigeria","Borno","Tashan Bama","exchange_rate_unofficial","2024-07-01","1491.83","1557.57","1458.61","1557.57","NGN"
"","Nigeria","Geopolitical Zone","North Central","exchange_rate_unofficial","2024-07-01","1491.83","1557.57","1458.61","1557.57","NGN"
"","Nigeria","Geopolitical Zone","North West","exchange_rate_unofficial","2024-07-01","1491.83","1557.57","1458.61","1557.57","NGN"
"","Nigeria","Geopolitical Zone","South East","exchange_rate_unofficial","2024-07-01","1491.83","1557.57","1458.61","1557.57","NGN"
"","Nigeria","Geopolitical Zone","South South","exchange_rate_unofficial","2024-07-01","1491.83","1557.57","1458.61","1557.57","NGN"
"","Nigeria","Geopolitical Zone","South West","exchange_rate_unofficial","2024-07-01","1491.83","1557.57","1458.61","1557.57","NGN"
"","Nigeria","Gombe","Gombe","exchange_rate_unofficial","2024-07-01","1491.83","1557.57","1458.61","1557.57","NGN"
"","Nigeria","Jigawa","Gujungu","exchange_rate_unofficial","2024-07-01","1491.83","1557.57","1458.61","1557.57","NGN"
"","Nigeria","Kaduna","Giwa","exchange_rate_unofficial","2024-07-01","1491.83","1557.57","1458.61","1557.57","NGN"
"","Nigeria","Kaduna","Saminaka","exchange_rate_unofficial","2024-07-01","1491.83","1557.57","1458.61","1557.57","NGN"
"","Nigeria","Kano","Dawanau","exchange_rate_unofficial","2024-07-01","1491.83","1557.57","1458.61","1557.57","NGN"
"","Nigeria","Kano State (1)","Kano","exchange_rate_unofficial","2024-07-01","1491.83","1557.57","1458.61","1557.57","NGN"
"","Nigeria","Katsina","Dandume","exchange_rate_unofficial","2024-07-01","1491.83","1557.57","1458.61","1557.57","NGN"
"","Nigeria","Katsina","Mai Adoua (CBM)","exchange_rate_unofficial","2024-07-01","1491.83","1557.57","1458.61","1557.57","NGN"
"","Nigeria","Kebbi","Gwandu","exchange_rate_unofficial","2024-07-01","1491.83","1557.57","1458.61","1557.57","NGN"
"","Nigeria","Lagos","Lagos","exchange_rate_unofficial","2024-07-01","1491.83","1557.57","1458.61","1557.57","NGN"
"","Nigeria","Market Average","Market Average","exchange_rate_unofficial","2024-07-01","1491.83","1557.57","1458.61","1557.57","NGN"
"","Nigeria","National Average","Abuja","exchange_rate_unofficial","2024-07-01","1491.83","1557.57","1458.61","1557.57","NGN"
"","Nigeria","Oyo","Ibadan","exchange_rate_unofficial","2024-07-01","1491.83","1557.57","1458.61","1557.57","NGN"
"","Nigeria","Sokoto","Illela (CBM)","exchange_rate_unofficial","2024-07-01","1491.83","1557.57","1458.61","1557.57","NGN"
"","Nigeria","Yobe","Bade (Gashua)","exchange_rate_unofficial","2024-07-01","1491.83","1557.57","1458.61","1557.57","NGN"
"","Nigeria","Yobe","Bayantasha","exchange_rate_unofficial","2024-07-01","1491.83","1557.57","1458.61","1557.57","NGN"
"","Nigeria","Yobe","Biriri","exchange_rate_unofficial","2024-07-01","1491.83","1557.57","1458.61","1557.57","NGN"
"","Nigeria","Yobe","Bursari","exchange_rate_unofficial","2024-07-01","1491.83","1557.57","1458.61","1557.57","NGN"
"","Nigeria","Yobe","Damagum","exchange_rate_unofficial","2024-07-01","1491.83","1557.57","1458.61","1557.57","NGN"
"","Nigeria","Yobe","Damaturu","exchange_rate_unofficial","2024-07-01","1491.83","1557.57","1458.61","1557.57","NGN"
"","Nigeria","Yobe","Damaturu (Sunday Market)","exchange_rate_unofficial","2024-07-01","1491.83","1557.57","1458.61","1557.57","NGN"
"","Nigeria","Yobe","Geidam","exchange_rate_unofficial","2024-07-01","1491.83","1557.57","1458.61","1557.57","NGN"
"","Nigeria","Yobe","Gujba (Buni Yadi)","exchange_rate_unofficial","2024-07-01","1491.83","1557.57","1458.61","1557.57","NGN"
"","Nigeria","Yobe","Gulani (Tettaba)","exchange_rate_unofficial","2024-07-01","1491.83","1557.57","1458.61","1557.57","NGN"
"","Nigeria","Yobe","Jakusko","exchange_rate_unofficial","2024-07-01","1491.83","1557.57","1458.61","1557.57","NGN"
"","Nigeria","Yobe","Machina Central","exchange_rate_unofficial","2024-07-01","1491.83","1557.57","1458.61","1557.57","NGN"
"","Nigeria","Yobe","Nangere","exchange_rate_unofficial","2024-07-01","1491.83","1557.57","1458.61","1557.57","NGN"
"","Nigeria","Yobe","Ngelzarma","exchange_rate_unofficial","2024-07-01","1491.83","1557.57","1458.61","1557.57","NGN"
"","Nigeria","Yobe","Nguru","exchange_rate_unofficial","2024-07-01","1491.83","1557.57","1458.61","1557.57","NGN"
"","Nigeria","Yobe","Potiskum","exchange_rate_unofficial","2024-07-01","1491.83","1557.57","1458.61","1557.57","NGN"
"","Nigeria","Yobe","Yunusari","exchange_rate_unofficial","2024-07-01","1491.83","1557.57","1458.61","1557.57","NGN"
"","Nigeria","Yobe","Yusufari","exchange_rate_unofficial","2024-07-01","1491.83","1557.57","1458.61","1557.57","NGN"
"","Nigeria","Zamfara","Kaura Namoda","exchange_rate_unofficial","2024-07-01","1491.83","1557.57","1458.61","1557.57","NGN"
"","Nigeria","Abia","Aba","exchange_rate_unofficial","2024-08-01","1587.43","1622.13","1552.74","1587.57","NGN"
"","Nigeria","Adamawa","Gombi","exchange_rate_unofficial","2024-08-01","1587.43","1622.13","1552.74","1587.57","NGN"
"","Nigeria","Adamawa","Jimeta Grain","exchange_rate_unofficial","2024-08-01","1587.43","1622.13","1552.74","1587.57","NGN"
"","Nigeria","Adamawa","Madagali","exchange_rate_unofficial","2024-08-01","1587.43","1622.13","1552.74","1587.57","NGN"
"","Nigeria","Adamawa","Michika","exchange_rate_unofficial","2024-08-01","1587.43","1622.13","1552.74","1587.57","NGN"
"","Nigeria","Adamawa","Mubi","exchange_rate_unofficial","2024-08-01","1587.43","1622.13","1552.74","1587.57","NGN"
"","Nigeria","Adamawa","Mubi North","exchange_rate_unofficial","2024-08-01","1587.43","1622.13","1552.74","1587.57","NGN"
"","Nigeria","Adamawa","Ngalang","exchange_rate_unofficial","2024-08-01","1587.43","1622.13","1552.74","1587.57","NGN"
"","Nigeria","Borno","Abba Gamaram","exchange_rate_unofficial","2024-08-01","1587.43","1622.13","1552.74","1587.57","NGN"
"","Nigeria","Borno","Baga Road","exchange_rate_unofficial","2024-08-01","1587.43","1622.13","1552.74","1587.57","NGN"
"","Nigeria","Borno","Bama","exchange_rate_unofficial","2024-08-01","1587.43","1622.13","1552.74","1587.57","NGN"
"","Nigeria","Borno","Banki","exchange_rate_unofficial","2024-08-01","1587.43","1622.13","1552.74","1587.57","NGN"
"","Nigeria","Borno","Biu","exchange_rate_unofficial","2024-08-01","1587.43","1622.13","1552.74","1587.57","NGN"
"","Nigeria","Borno","Bolori Stores","exchange_rate_unofficial","2024-08-01","1587.43","1622.13","1552.74","1587.57","NGN"
"","Nigeria","Borno","Budum","exchange_rate_unofficial","2024-08-01","1587.43","1622.13","1552.74","1587.57","NGN"
"","Nigeria","Borno","Bullunkutu","exchange_rate_unofficial","2024-08-01","1587.43","1622.13","1552.74","1587.57","NGN"
"","Nigeria","Borno","Custom","exchange_rate_unofficial","2024-08-01","1587.43","1622.13","1552.74","1587.57","NGN"
"","Nigeria","Borno","Damassack (CBM)","exchange_rate_unofficial","2024-08-01","1587.43","1622.13","1552.74","1587.57","NGN"
"","Nigeria","Borno","Damboa","exchange_rate_unofficial","2024-08-01","1587.43","1622.13","1552.74","1587.57","NGN"
"","Nigeria","Borno","Dikwa Central","exchange_rate_unofficial","2024-08-01","1587.43","1622.13","1552.74","1587.57","NGN"
"","Nigeria","Borno","Gajiram","exchange_rate_unofficial","2024-08-01","1587.43","1622.13","1552.74","1587.57","NGN"
"","Nigeria","Borno","Gamboru","exchange_rate_unofficial","2024-08-01","1587.43","1622.13","1552.74","1587.57","NGN"
"","Nigeria","Borno","Gwoza Central","exchange_rate_unofficial","2024-08-01","1587.43","1622.13","1552.74","1587.57","NGN"
"","Nigeria","Borno","Kashuwan Shanu","exchange_rate_unofficial","2024-08-01","1587.43","1622.13","1552.74","1587.57","NGN"
"","Nigeria","Borno","Konduga","exchange_rate_unofficial","2024-08-01","1587.43","1622.13","1552.74","1587.57","NGN"
"","Nigeria","Borno","Kusawam Shanu","exchange_rate_unofficial","2024-08-01","1587.43","1622.13","1552.74","1587.57","NGN"
"","Nigeria","Borno","Mafa","exchange_rate_unofficial","2024-08-01","1587.43","1622.13","1552.74","1587.57","NGN"
"","Nigeria","Borno","Magumeri Central","exchange_rate_unofficial","2024-08-01","1587.43","1622.13","1552.74","1587.57","NGN"
"","Nigeria","Borno","Maiduguri","exchange_rate_unofficial","2024-08-01","1587.43","1622.13","1552.74","1587.57","NGN"
"","Nigeria","Borno","Monday","exchange_rate_unofficial","2024-08-01","1587.43","1622.13","1552.74","1587.57","NGN"
"","Nigeria","Borno","Monguno","exchange_rate_unofficial","2024-08-01","1587.43","1622.13","1552.74","1587.57","NGN"
"","Nigeria","Borno","Ngala","exchange_rate_unofficial","2024-08-01","1587.43","1622.13","1552.74","1587.57","NGN"
"","Nigeria","Borno","Pulka","exchange_rate_unofficial","2024-08-01","1587.43","1622.13","1552.74","1587.57","NGN"
"","Nigeria","Borno","Rann","exchange_rate_unofficial","2024-08-01","1587.43","1622.13","1552.74","1587.57","NGN"
"","Nigeria","Borno","Shani Main Market","exchange_rate_unofficial","2024-08-01","1587.43","1622.13","1552.74","1587.57","NGN"
"","Nigeria","Borno","Tashan Bama","exchange_rate_unofficial","2024-08-01","1587.43","1622.13","1552.74","1587.57","NGN"
"","Nigeria","Geopolitical Zone","North Central","exchange_rate_unofficial","2024-08-01","1587.43","1622.13","1552.74","1587.57","NGN"
"","Nigeria","Geopolitical Zone","North West","exchange_rate_unofficial","2024-08-01","1587.43","1622.13","1552.74","1587.57","NGN"
"","Nigeria","Geopolitical Zone","South East","exchange_rate_unofficial","2024-08-01","1587.43","1622.13","1552.74","1587.57","NGN"
"","Nigeria","Geopolitical Zone","South South","exchange_rate_unofficial","2024-08-01","1587.43","1622.13","1552.74","1587.57","NGN"
"","Nigeria","Geopolitical Zone","South West","exchange_rate_unofficial","2024-08-01","1587.43","1622.13","1552.74","1587.57","NGN"
"","Nigeria","Gombe","Gombe","exchange_rate_unofficial","2024-08-01","1587.43","1622.13","1552.74","1587.57","NGN"
"","Nigeria","Jigawa","Gujungu","exchange_rate_unofficial","2024-08-01","1587.43","1622.13","1552.74","1587.57","NGN"
"","Nigeria","Kaduna","Giwa","exchange_rate_unofficial","2024-08-01","1587.43","1622.13","1552.74","1587.57","NGN"
"","Nigeria","Kaduna","Saminaka","exchange_rate_unofficial","2024-08-01","1587.43","1622.13","1552.74","1587.57","NGN"
"","Nigeria","Kano","Dawanau","exchange_rate_unofficial","2024-08-01","1587.43","1622.13","1552.74","1587.57","NGN"
"","Nigeria","Kano State (1)","Kano","exchange_rate_unofficial","2024-08-01","1587.43","1622.13","1552.74","1587.57","NGN"
"","Nigeria","Katsina","Dandume","exchange_rate_unofficial","2024-08-01","1587.43","1622.13","1552.74","1587.57","NGN"
"","Nigeria","Katsina","Mai Adoua (CBM)","exchange_rate_unofficial","2024-08-01","1587.43","1622.13","1552.74","1587.57","NGN"
"","Nigeria","Kebbi","Gwandu","exchange_rate_unofficial","2024-08-01","1587.43","1622.13","1552.74","1587.57","NGN"
"","Nigeria","Lagos","Lagos","exchange_rate_unofficial","2024-08-01","1587.43","1622.13","1552.74","1587.57","NGN"
"","Nigeria","Market Average","Market Average","exchange_rate_unofficial","2024-08-01","1587.43","1622.13","1552.74","1587.57","NGN"
"","Nigeria","National Average","Abuja","exchange_rate_unofficial","2024-08-01","1587.43","1622.13","1552.74","1587.57","NGN"
"","Nigeria","Oyo","Ibadan","exchange_rate_unofficial","2024-08-01","1587.43","1622.13","1552.74","1587.57","NGN"
"","Nigeria","Sokoto","Illela (CBM)","exchange_rate_unofficial","2024-08-01","1587.43","1622.13","1552.74","1587.57","NGN"
"","Nigeria","Yobe","Bade (Gashua)","exchange_rate_unofficial","2024-08-01","1587.43","1622.13","1552.74","1587.57","NGN"
"","Nigeria","Yobe","Bayantasha","exchange_rate_unofficial","2024-08-01","1587.43","1622.13","1552.74","1587.57","NGN"
"","Nigeria","Yobe","Biriri","exchange_rate_unofficial","2024-08-01","1587.43","1622.13","1552.74","1587.57","NGN"
"","Nigeria","Yobe","Bursari","exchange_rate_unofficial","2024-08-01","1587.43","1622.13","1552.74","1587.57","NGN"
"","Nigeria","Yobe","Damagum","exchange_rate_unofficial","2024-08-01","1587.43","1622.13","1552.74","1587.57","NGN"
"","Nigeria","Yobe","Damaturu","exchange_rate_unofficial","2024-08-01","1587.43","1622.13","1552.74","1587.57","NGN"
"","Nigeria","Yobe","Damaturu (Sunday Market)","exchange_rate_unofficial","2024-08-01","1587.43","1622.13","1552.74","1587.57","NGN"
"","Nigeria","Yobe","Geidam","exchange_rate_unofficial","2024-08-01","1587.43","1622.13","1552.74","1587.57","NGN"
"","Nigeria","Yobe","Gujba (Buni Yadi)","exchange_rate_unofficial","2024-08-01","1587.43","1622.13","1552.74","1587.57","NGN"
"","Nigeria","Yobe","Gulani (Tettaba)","exchange_rate_unofficial","2024-08-01","1587.43","1622.13","1552.74","1587.57","NGN"
"","Nigeria","Yobe","Jakusko","exchange_rate_unofficial","2024-08-01","1587.43","1622.13","1552.74","1587.57","NGN"
"","Nigeria","Yobe","Machina Central","exchange_rate_unofficial","2024-08-01","1587.43","1622.13","1552.74","1587.57","NGN"
"","Nigeria","Yobe","Nangere","exchange_rate_unofficial","2024-08-01","1587.43","1622.13","1552.74","1587.57","NGN"
"","Nigeria","Yobe","Ngelzarma","exchange_rate_unofficial","2024-08-01","1587.43","1622.13","1552.74","1587.57","NGN"
"","Nigeria","Yobe","Nguru","exchange_rate_unofficial","2024-08-01","1587.43","1622.13","1552.74","1587.57","NGN"
"","Nigeria","Yobe","Potiskum","exchange_rate_unofficial","2024-08-01","1587.43","1622.13","1552.74","1587.57","NGN"
"","Nigeria","Yobe","Yunusari","exchange_rate_unofficial","2024-08-01","1587.43","1622.13","1552.74","1587.57","NGN"
"","Nigeria","Yobe","Yusufari","exchange_rate_unofficial","2024-08-01","1587.43","1622.13","1552.74","1587.57","NGN"
"","Nigeria","Zamfara","Kaura Namoda","exchange_rate_unofficial","2024-08-01","1587.43","1622.13","1552.74","1587.57","NGN"
"","Nigeria","Abia","Aba","exchange_rate_unofficial","2024-09-01","1596.2","1629.05","1563.35","1619.31","NGN"
"","Nigeria","Adamawa","Gombi","exchange_rate_unofficial","2024-09-01","1596.2","1629.05","1563.35","1619.31","NGN"
"","Nigeria","Adamawa","Jimeta Grain","exchange_rate_unofficial","2024-09-01","1596.2","1629.05","1563.35","1619.31","NGN"
"","Nigeria","Adamawa","Madagali","exchange_rate_unofficial","2024-09-01","1596.2","1629.05","1563.35","1619.31","NGN"
"","Nigeria","Adamawa","Michika","exchange_rate_unofficial","2024-09-01","1596.2","1629.05","1563.35","1619.31","NGN"
"","Nigeria","Adamawa","Mubi","exchange_rate_unofficial","2024-09-01","1596.2","1629.05","1563.35","1619.31","NGN"
"","Nigeria","Adamawa","Mubi North","exchange_rate_unofficial","2024-09-01","1596.2","1629.05","1563.35","1619.31","NGN"
"","Nigeria","Adamawa","Ngalang","exchange_rate_unofficial","2024-09-01","1596.2","1629.05","1563.35","1619.31","NGN"
"","Nigeria","Borno","Abba Gamaram","exchange_rate_unofficial","2024-09-01","1596.2","1629.05","1563.35","1619.31","NGN"
"","Nigeria","Borno","Baga Road","exchange_rate_unofficial","2024-09-01","1596.2","1629.05","1563.35","1619.31","NGN"
"","Nigeria","Borno","Bama","exchange_rate_unofficial","2024-09-01","1596.2","1629.05","1563.35","1619.31","NGN"
"","Nigeria","Borno","Banki","exchange_rate_unofficial","2024-09-01","1596.2","1629.05","1563.35","1619.31","NGN"
"","Nigeria","Borno","Biu","exchange_rate_unofficial","2024-09-01","1596.2","1629.05","1563.35","1619.31","NGN"
"","Nigeria","Borno","Bolori Stores","exchange_rate_unofficial","2024-09-01","1596.2","1629.05","1563.35","1619.31","NGN"
"","Nigeria","Borno","Budum","exchange_rate_unofficial","2024-09-01","1596.2","1629.05","1563.35","1619.31","NGN"
"","Nigeria","Borno","Bullunkutu","exchange_rate_unofficial","2024-09-01","1596.2","1629.05","1563.35","1619.31","NGN"
"","Nigeria","Borno","Custom","exchange_rate_unofficial","2024-09-01","1596.2","1629.05","1563.35","1619.31","NGN"
"","Nigeria","Borno","Damassack (CBM)","exchange_rate_unofficial","2024-09-01","1596.2","1629.05","1563.35","1619.31","NGN"
"","Nigeria","Borno","Damboa","exchange_rate_unofficial","2024-09-01","1596.2","1629.05","1563.35","1619.31","NGN"
"","Nigeria","Borno","Dikwa Central","exchange_rate_unofficial","2024-09-01","1596.2","1629.05","1563.35","1619.31","NGN"
"","Nigeria","Borno","Gajiram","exchange_rate_unofficial","2024-09-01","1596.2","1629.05","1563.35","1619.31","NGN"
"","Nigeria","Borno","Gamboru","exchange_rate_unofficial","2024-09-01","1596.2","1629.05","1563.35","1619.31","NGN"
"","Nigeria","Borno","Gwoza Central","exchange_rate_unofficial","2024-09-01","1596.2","1629.05","1563.35","1619.31","NGN"
"","Nigeria","Borno","Kashuwan Shanu","exchange_rate_unofficial","2024-09-01","1596.2","1629.05","1563.35","1619.31","NGN"
"","Nigeria","Borno","Konduga","exchange_rate_unofficial","2024-09-01","1596.2","1629.05","1563.35","1619.31","NGN"
"","Nigeria","Borno","Kusawam Shanu","exchange_rate_unofficial","2024-09-01","1596.2","1629.05","1563.35","1619.31","NGN"
"","Nigeria","Borno","Mafa","exchange_rate_unofficial","2024-09-01","1596.2","1629.05","1563.35","1619.31","NGN"
"","Nigeria","Borno","Magumeri Central","exchange_rate_unofficial","2024-09-01","1596.2","1629.05","1563.35","1619.31","NGN"
"","Nigeria","Borno","Maiduguri","exchange_rate_unofficial","2024-09-01","1596.2","1629.05","1563.35","1619.31","NGN"
"","Nigeria","Borno","Monday","exchange_rate_unofficial","2024-09-01","1596.2","1629.05","1563.35","1619.31","NGN"
"","Nigeria","Borno","Monguno","exchange_rate_unofficial","2024-09-01","1596.2","1629.05","1563.35","1619.31","NGN"
"","Nigeria","Borno","Ngala","exchange_rate_unofficial","2024-09-01","1596.2","1629.05","1563.35","1619.31","NGN"
"","Nigeria","Borno","Pulka","exchange_rate_unofficial","2024-09-01","1596.2","1629.05","1563.35","1619.31","NGN"
"","Nigeria","Borno","Rann","exchange_rate_unofficial","2024-09-01","1596.2","1629.05","1563.35","1619.31","NGN"
"","Nigeria","Borno","Shani Main Market","exchange_rate_unofficial","2024-09-01","1596.2","1629.05","1563.35","1619.31","NGN"
"","Nigeria","Borno","Tashan Bama","exchange_rate_unofficial","2024-09-01","1596.2","1629.05","1563.35","1619.31","NGN"
"","Nigeria","Geopolitical Zone","North Central","exchange_rate_unofficial","2024-09-01","1596.2","1629.05","1563.35","1619.31","NGN"
"","Nigeria","Geopolitical Zone","North West","exchange_rate_unofficial","2024-09-01","1596.2","1629.05","1563.35","1619.31","NGN"
"","Nigeria","Geopolitical Zone","South East","exchange_rate_unofficial","2024-09-01","1596.2","1629.05","1563.35","1619.31","NGN"
"","Nigeria","Geopolitical Zone","South South","exchange_rate_unofficial","2024-09-01","1596.2","1629.05","1563.35","1619.31","NGN"
"","Nigeria","Geopolitical Zone","South West","exchange_rate_unofficial","2024-09-01","1596.2","1629.05","1563.35","1619.31","NGN"
"","Nigeria","Gombe","Gombe","exchange_rate_unofficial","2024-09-01","1596.2","1629.05","1563.35","1619.31","NGN"
"","Nigeria","Jigawa","Gujungu","exchange_rate_unofficial","2024-09-01","1596.2","1629.05","1563.35","1619.31","NGN"
"","Nigeria","Kaduna","Giwa","exchange_rate_unofficial","2024-09-01","1596.2","1629.05","1563.35","1619.31","NGN"
"","Nigeria","Kaduna","Saminaka","exchange_rate_unofficial","2024-09-01","1596.2","1629.05","1563.35","1619.31","NGN"
"","Nigeria","Kano","Dawanau","exchange_rate_unofficial","2024-09-01","1596.2","1629.05","1563.35","1619.31","NGN"
"","Nigeria","Kano State (1)","Kano","exchange_rate_unofficial","2024-09-01","1596.2","1629.05","1563.35","1619.31","NGN"
"","Nigeria","Katsina","Dandume","exchange_rate_unofficial","2024-09-01","1596.2","1629.05","1563.35","1619.31","NGN"
"","Nigeria","Katsina","Mai Adoua (CBM)","exchange_rate_unofficial","2024-09-01","1596.2","1629.05","1563.35","1619.31","NGN"
"","Nigeria","Kebbi","Gwandu","exchange_rate_unofficial","2024-09-01","1596.2","1629.05","1563.35","1619.31","NGN"
"","Nigeria","Lagos","Lagos","exchange_rate_unofficial","2024-09-01","1596.2","1629.05","1563.35","1619.31","NGN"
"","Nigeria","Market Average","Market Average","exchange_rate_unofficial","2024-09-01","1596.2","1629.05","1563.35","1619.31","NGN"
"","Nigeria","National Average","Abuja","exchange_rate_unofficial","2024-09-01","1596.2","1629.05","1563.35","1619.31","NGN"
"","Nigeria","Oyo","Ibadan","exchange_rate_unofficial","2024-09-01","1596.2","1629.05","1563.35","1619.31","NGN"
"","Nigeria","Sokoto","Illela (CBM)","exchange_rate_unofficial","2024-09-01","1596.2","1629.05","1563.35","1619.31","NGN"
"","Nigeria","Yobe","Bade (Gashua)","exchange_rate_unofficial","2024-09-01","1596.2","1629.05","1563.35","1619.31","NGN"
"","Nigeria","Yobe","Bayantasha","exchange_rate_unofficial","2024-09-01","1596.2","1629.05","1563.35","1619.31","NGN"
"","Nigeria","Yobe","Biriri","exchange_rate_unofficial","2024-09-01","1596.2","1629.05","1563.35","1619.31","NGN"
"","Nigeria","Yobe","Bursari","exchange_rate_unofficial","2024-09-01","1596.2","1629.05","1563.35","1619.31","NGN"
"","Nigeria","Yobe","Damagum","exchange_rate_unofficial","2024-09-01","1596.2","1629.05","1563.35","1619.31","NGN"
"","Nigeria","Yobe","Damaturu","exchange_rate_unofficial","2024-09-01","1596.2","1629.05","1563.35","1619.31","NGN"
"","Nigeria","Yobe","Damaturu (Sunday Market)","exchange_rate_unofficial","2024-09-01","1596.2","1629.05","1563.35","1619.31","NGN"
"","Nigeria","Yobe","Geidam","exchange_rate_unofficial","2024-09-01","1596.2","1629.05","1563.35","1619.31","NGN"
"","Nigeria","Yobe","Gujba (Buni Yadi)","exchange_rate_unofficial","2024-09-01","1596.2","1629.05","1563.35","1619.31","NGN"
"","Nigeria","Yobe","Gulani (Tettaba)","exchange_rate_unofficial","2024-09-01","1596.2","1629.05","1563.35","1619.31","NGN"
"","Nigeria","Yobe","Jakusko","exchange_rate_unofficial","2024-09-01","1596.2","1629.05","1563.35","1619.31","NGN"
"","Nigeria","Yobe","Machina Central","exchange_rate_unofficial","2024-09-01","1596.2","1629.05","1563.35","1619.31","NGN"
"","Nigeria","Yobe","Nangere","exchange_rate_unofficial","2024-09-01","1596.2","1629.05","1563.35","1619.31","NGN"
"","Nigeria","Yobe","Ngelzarma","exchange_rate_unofficial","2024-09-01","1596.2","1629.05","1563.35","1619.31","NGN"
"","Nigeria","Yobe","Nguru","exchange_rate_unofficial","2024-09-01","1596.2","1629.05","1563.35","1619.31","NGN"
"","Nigeria","Yobe","Potiskum","exchange_rate_unofficial","2024-09-01","1596.2","1629.05","1563.35","1619.31","NGN"
"","Nigeria","Yobe","Yunusari","exchange_rate_unofficial","2024-09-01","1596.2","1629.05","1563.35","1619.31","NGN"
"","Nigeria","Yobe","Yusufari","exchange_rate_unofficial","2024-09-01","1596.2","1629.05","1563.35","1619.31","NGN"
"","Nigeria","Zamfara","Kaura Namoda","exchange_rate_unofficial","2024-09-01","1596.2","1629.05","1563.35","1619.31","NGN"
"","Nigeria","Abia","Aba","exchange_rate_unofficial","2024-10-01","1635.68","1667.12","1604.24","1640.66","NGN"
"","Nigeria","Adamawa","Gombi","exchange_rate_unofficial","2024-10-01","1635.68","1667.12","1604.24","1640.66","NGN"
"","Nigeria","Adamawa","Jimeta Grain","exchange_rate_unofficial","2024-10-01","1635.68","1667.12","1604.24","1640.66","NGN"
"","Nigeria","Adamawa","Madagali","exchange_rate_unofficial","2024-10-01","1635.68","1667.12","1604.24","1640.66","NGN"
"","Nigeria","Adamawa","Michika","exchange_rate_unofficial","2024-10-01","1635.68","1667.12","1604.24","1640.66","NGN"
"","Nigeria","Adamawa","Mubi","exchange_rate_unofficial","2024-10-01","1635.68","1667.12","1604.24","1640.66","NGN"
"","Nigeria","Adamawa","Mubi North","exchange_rate_unofficial","2024-10-01","1635.68","1667.12","1604.24","1640.66","NGN"
"","Nigeria","Adamawa","Ngalang","exchange_rate_unofficial","2024-10-01","1635.68","1667.12","1604.24","1640.66","NGN"
"","Nigeria","Borno","Abba Gamaram","exchange_rate_unofficial","2024-10-01","1635.68","1667.12","1604.24","1640.66","NGN"
"","Nigeria","Borno","Baga Road","exchange_rate_unofficial","2024-10-01","1635.68","1667.12","1604.24","1640.66","NGN"
"","Nigeria","Borno","Bama","exchange_rate_unofficial","2024-10-01","1635.68","1667.12","1604.24","1640.66","NGN"
"","Nigeria","Borno","Banki","exchange_rate_unofficial","2024-10-01","1635.68","1667.12","1604.24","1640.66","NGN"
"","Nigeria","Borno","Biu","exchange_rate_unofficial","2024-10-01","1635.68","1667.12","1604.24","1640.66","NGN"
"","Nigeria","Borno","Bolori Stores","exchange_rate_unofficial","2024-10-01","1635.68","1667.12","1604.24","1640.66","NGN"
"","Nigeria","Borno","Budum","exchange_rate_unofficial","2024-10-01","1635.68","1667.12","1604.24","1640.66","NGN"
"","Nigeria","Borno","Bullunkutu","exchange_rate_unofficial","2024-10-01","1635.68","1667.12","1604.24","1640.66","NGN"
"","Nigeria","Borno","Custom","exchange_rate_unofficial","2024-10-01","1635.68","1667.12","1604.24","1640.66","NGN"
"","Nigeria","Borno","Damassack (CBM)","exchange_rate_unofficial","2024-10-01","1635.68","1667.12","1604.24","1640.66","NGN"
"","Nigeria","Borno","Damboa","exchange_rate_unofficial","2024-10-01","1635.68","1667.12","1604.24","1640.66","NGN"
"","Nigeria","Borno","Dikwa Central","exchange_rate_unofficial","2024-10-01","1635.68","1667.12","1604.24","1640.66","NGN"
"","Nigeria","Borno","Gajiram","exchange_rate_unofficial","2024-10-01","1635.68","1667.12","1604.24","1640.66","NGN"
"","Nigeria","Borno","Gamboru","exchange_rate_unofficial","2024-10-01","1635.68","1667.12","1604.24","1640.66","NGN"
"","Nigeria","Borno","Gwoza Central","exchange_rate_unofficial","2024-10-01","1635.68","1667.12","1604.24","1640.66","NGN"
"","Nigeria","Borno","Kashuwan Shanu","exchange_rate_unofficial","2024-10-01","1635.68","1667.12","1604.24","1640.66","NGN"
"","Nigeria","Borno","Konduga","exchange_rate_unofficial","2024-10-01","1635.68","1667.12","1604.24","1640.66","NGN"
"","Nigeria","Borno","Kusawam Shanu","exchange_rate_unofficial","2024-10-01","1635.68","1667.12","1604.24","1640.66","NGN"
"","Nigeria","Borno","Mafa","exchange_rate_unofficial","2024-10-01","1635.68","1667.12","1604.24","1640.66","NGN"
"","Nigeria","Borno","Magumeri Central","exchange_rate_unofficial","2024-10-01","1635.68","1667.12","1604.24","1640.66","NGN"
"","Nigeria","Borno","Maiduguri","exchange_rate_unofficial","2024-10-01","1635.68","1667.12","1604.24","1640.66","NGN"
"","Nigeria","Borno","Monday","exchange_rate_unofficial","2024-10-01","1635.68","1667.12","1604.24","1640.66","NGN"
"","Nigeria","Borno","Monguno","exchange_rate_unofficial","2024-10-01","1635.68","1667.12","1604.24","1640.66","NGN"
"","Nigeria","Borno","Ngala","exchange_rate_unofficial","2024-10-01","1635.68","1667.12","1604.24","1640.66","NGN"
"","Nigeria","Borno","Pulka","exchange_rate_unofficial","2024-10-01","1635.68","1667.12","1604.24","1640.66","NGN"
"","Nigeria","Borno","Rann","exchange_rate_unofficial","2024-10-01","1635.68","1667.12","1604.24","1640.66","NGN"
"","Nigeria","Borno","Shani Main Market","exchange_rate_unofficial","2024-10-01","1635.68","1667.12","1604.24","1640.66","NGN"
"","Nigeria","Borno","Tashan Bama","exchange_rate_unofficial","2024-10-01","1635.68","1667.12","1604.24","1640.66","NGN"
"","Nigeria","Geopolitical Zone","North Central","exchange_rate_unofficial","2024-10-01","1635.68","1667.12","1604.24","1640.66","NGN"
"","Nigeria","Geopolitical Zone","North West","exchange_rate_unofficial","2024-10-01","1635.68","1667.12","1604.24","1640.66","NGN"
"","Nigeria","Geopolitical Zone","South East","exchange_rate_unofficial","2024-10-01","1635.68","1667.12","1604.24","1640.66","NGN"
"","Nigeria","Geopolitical Zone","South South","exchange_rate_unofficial","2024-10-01","1635.68","1667.12","1604.24","1640.66","NGN"
"","Nigeria","Geopolitical Zone","South West","exchange_rate_unofficial","2024-10-01","1635.68","1667.12","1604.24","1640.66","NGN"
"","Nigeria","Gombe","Gombe","exchange_rate_unofficial","2024-10-01","1635.68","1667.12","1604.24","1640.66","NGN"
"","Nigeria","Jigawa","Gujungu","exchange_rate_unofficial","2024-10-01","1635.68","1667.12","1604.24","1640.66","NGN"
"","Nigeria","Kaduna","Giwa","exchange_rate_unofficial","2024-10-01","1635.68","1667.12","1604.24","1640.66","NGN"
"","Nigeria","Kaduna","Saminaka","exchange_rate_unofficial","2024-10-01","1635.68","1667.12","1604.24","1640.66","NGN"
"","Nigeria","Kano","Dawanau","exchange_rate_unofficial","2024-10-01","1635.68","1667.12","1604.24","1640.66","NGN"
"","Nigeria","Kano State (1)","Kano","exchange_rate_unofficial","2024-10-01","1635.68","1667.12","1604.24","1640.66","NGN"
"","Nigeria","Katsina","Dandume","exchange_rate_unofficial","2024-10-01","1635.68","1667.12","1604.24","1640.66","NGN"
"","Nigeria","Katsina","Mai Adoua (CBM)","exchange_rate_unofficial","2024-10-01","1635.68","1667.12","1604.24","1640.66","NGN"
"","Nigeria","Kebbi","Gwandu","exchange_rate_unofficial","2024-10-01","1635.68","1667.12","1604.24","1640.66","NGN"
"","Nigeria","Lagos","Lagos","exchange_rate_unofficial","2024-10-01","1635.68","1667.12","1604.24","1640.66","NGN"
"","Nigeria","Market Average","Market Average","exchange_rate_unofficial","2024-10-01","1635.68","1667.12","1604.24","1640.66","NGN"
"","Nigeria","National Average","Abuja","exchange_rate_unofficial","2024-10-01","1635.68","1667.12","1604.24","1640.66","NGN"
"","Nigeria","Oyo","Ibadan","exchange_rate_unofficial","2024-10-01","1635.68","1667.12","1604.24","1640.66","NGN"
"","Nigeria","Sokoto","Illela (CBM)","exchange_rate_unofficial","2024-10-01","1635.68","1667.12","1604.24","1640.66","NGN"
"","Nigeria","Yobe","Bade (Gashua)","exchange_rate_unofficial","2024-10-01","1635.68","1667.12","1604.24","1640.66","NGN"
"","Nigeria","Yobe","Bayantasha","exchange_rate_unofficial","2024-10-01","1635.68","1667.12","1604.24","1640.66","NGN"
"","Nigeria","Yobe","Biriri","exchange_rate_unofficial","2024-10-01","1635.68","1667.12","1604.24","1640.66","NGN"
"","Nigeria","Yobe","Bursari","exchange_rate_unofficial","2024-10-01","1635.68","1667.12","1604.24","1640.66","NGN"
"","Nigeria","Yobe","Damagum","exchange_rate_unofficial","2024-10-01","1635.68","1667.12","1604.24","1640.66","NGN"
"","Nigeria","Yobe","Damaturu","exchange_rate_unofficial","2024-10-01","1635.68","1667.12","1604.24","1640.66","NGN"
"","Nigeria","Yobe","Damaturu (Sunday Market)","exchange_rate_unofficial","2024-10-01","1635.68","1667.12","1604.24","1640.66","NGN"
"","Nigeria","Yobe","Geidam","exchange_rate_unofficial","2024-10-01","1635.68","1667.12","1604.24","1640.66","NGN"
"","Nigeria","Yobe","Gujba (Buni Yadi)","exchange_rate_unofficial","2024-10-01","1635.68","1667.12","1604.24","1640.66","NGN"
"","Nigeria","Yobe","Gulani (Tettaba)","exchange_rate_unofficial","2024-10-01","1635.68","1667.12","1604.24","1640.66","NGN"
"","Nigeria","Yobe","Jakusko","exchange_rate_unofficial","2024-10-01","1635.68","1667.12","1604.24","1640.66","NGN"
"","Nigeria","Yobe","Machina Central","exchange_rate_unofficial","2024-10-01","1635.68","1667.12","1604.24","1640.66","NGN"
"","Nigeria","Yobe","Nangere","exchange_rate_unofficial","2024-10-01","1635.68","1667.12","1604.24","1640.66","NGN"
"","Nigeria","Yobe","Ngelzarma","exchange_rate_unofficial","2024-10-01","1635.68","1667.12","1604.24","1640.66","NGN"
"","Nigeria","Yobe","Nguru","exchange_rate_unofficial","2024-10-01","1635.68","1667.12","1604.24","1640.66","NGN"
"","Nigeria","Yobe","Potiskum","exchange_rate_unofficial","2024-10-01","1635.68","1667.12","1604.24","1640.66","NGN"
"","Nigeria","Yobe","Yunusari","exchange_rate_unofficial","2024-10-01","1635.68","1667.12","1604.24","1640.66","NGN"
"","Nigeria","Yobe","Yusufari","exchange_rate_unofficial","2024-10-01","1635.68","1667.12","1604.24","1640.66","NGN"
"","Nigeria","Zamfara","Kaura Namoda","exchange_rate_unofficial","2024-10-01","1635.68","1667.12","1604.24","1640.66","NGN"
"","Nigeria","Abia","Aba","exchange_rate_unofficial","2024-11-01","1650.88","1680.53","1621.22","1670.28","NGN"
"","Nigeria","Adamawa","Gombi","exchange_rate_unofficial","2024-11-01","1650.88","1680.53","1621.22","1670.28","NGN"
"","Nigeria","Adamawa","Jimeta Grain","exchange_rate_unofficial","2024-11-01","1650.88","1680.53","1621.22","1670.28","NGN"
"","Nigeria","Adamawa","Madagali","exchange_rate_unofficial","2024-11-01","1650.88","1680.53","1621.22","1670.28","NGN"
"","Nigeria","Adamawa","Michika","exchange_rate_unofficial","2024-11-01","1650.88","1680.53","1621.22","1670.28","NGN"
"","Nigeria","Adamawa","Mubi","exchange_rate_unofficial","2024-11-01","1650.88","1680.53","1621.22","1670.28","NGN"
"","Nigeria","Adamawa","Mubi North","exchange_rate_unofficial","2024-11-01","1650.88","1680.53","1621.22","1670.28","NGN"
"","Nigeria","Adamawa","Ngalang","exchange_rate_unofficial","2024-11-01","1650.88","1680.53","1621.22","1670.28","NGN"
"","Nigeria","Borno","Abba Gamaram","exchange_rate_unofficial","2024-11-01","1650.88","1680.53","1621.22","1670.28","NGN"
"","Nigeria","Borno","Baga Road","exchange_rate_unofficial","2024-11-01","1650.88","1680.53","1621.22","1670.28","NGN"
"","Nigeria","Borno","Bama","exchange_rate_unofficial","2024-11-01","1650.88","1680.53","1621.22","1670.28","NGN"
"","Nigeria","Borno","Banki","exchange_rate_unofficial","2024-11-01","1650.88","1680.53","1621.22","1670.28","NGN"
"","Nigeria","Borno","Biu","exchange_rate_unofficial","2024-11-01","1650.88","1680.53","1621.22","1670.28","NGN"
"","Nigeria","Borno","Bolori Stores","exchange_rate_unofficial","2024-11-01","1650.88","1680.53","1621.22","1670.28","NGN"
"","Nigeria","Borno","Budum","exchange_rate_unofficial","2024-11-01","1650.88","1680.53","1621.22","1670.28","NGN"
"","Nigeria","Borno","Bullunkutu","exchange_rate_unofficial","2024-11-01","1650.88","1680.53","1621.22","1670.28","NGN"
"","Nigeria","Borno","Custom","exchange_rate_unofficial","2024-11-01","1650.88","1680.53","1621.22","1670.28","NGN"
"","Nigeria","Borno","Damassack (CBM)","exchange_rate_unofficial","2024-11-01","1650.88","1680.53","1621.22","1670.28","NGN"
"","Nigeria","Borno","Damboa","exchange_rate_unofficial","2024-11-01","1650.88","1680.53","1621.22","1670.28","NGN"
"","Nigeria","Borno","Dikwa Central","exchange_rate_unofficial","2024-11-01","1650.88","1680.53","1621.22","1670.28","NGN"
"","Nigeria","Borno","Gajiram","exchange_rate_unofficial","2024-11-01","1650.88","1680.53","1621.22","1670.28","NGN"
"","Nigeria","Borno","Gamboru","exchange_rate_unofficial","2024-11-01","1650.88","1680.53","1621.22","1670.28","NGN"
"","Nigeria","Borno","Gwoza Central","exchange_rate_unofficial","2024-11-01","1650.88","1680.53","1621.22","1670.28","NGN"
"","Nigeria","Borno","Kashuwan Shanu","exchange_rate_unofficial","2024-11-01","1650.88","1680.53","1621.22","1670.28","NGN"
"","Nigeria","Borno","Konduga","exchange_rate_unofficial","2024-11-01","1650.88","1680.53","1621.22","1670.28","NGN"
"","Nigeria","Borno","Kusawam Shanu","exchange_rate_unofficial","2024-11-01","1650.88","1680.53","1621.22","1670.28","NGN"
"","Nigeria","Borno","Mafa","exchange_rate_unofficial","2024-11-01","1650.88","1680.53","1621.22","1670.28","NGN"
"","Nigeria","Borno","Magumeri Central","exchange_rate_unofficial","2024-11-01","1650.88","1680.53","1621.22","1670.28","NGN"
"","Nigeria","Borno","Maiduguri","exchange_rate_unofficial","2024-11-01","1650.88","1680.53","1621.22","1670.28","NGN"
"","Nigeria","Borno","Monday","exchange_rate_unofficial","2024-11-01","1650.88","1680.53","1621.22","1670.28","NGN"
"","Nigeria","Borno","Monguno","exchange_rate_unofficial","2024-11-01","1650.88","1680.53","1621.22","1670.28","NGN"
"","Nigeria","Borno","Ngala","exchange_rate_unofficial","2024-11-01","1650.88","1680.53","1621.22","1670.28","NGN"
"","Nigeria","Borno","Pulka","exchange_rate_unofficial","2024-11-01","1650.88","1680.53","1621.22","1670.28","NGN"
"","Nigeria","Borno","Rann","exchange_rate_unofficial","2024-11-01","1650.88","1680.53","1621.22","1670.28","NGN"
"","Nigeria","Borno","Shani Main Market","exchange_rate_unofficial","2024-11-01","1650.88","1680.53","1621.22","1670.28","NGN"
"","Nigeria","Borno","Tashan Bama","exchange_rate_unofficial","2024-11-01","1650.88","1680.53","1621.22","1670.28","NGN"
"","Nigeria","Geopolitical Zone","North Central","exchange_rate_unofficial","2024-11-01","1650.88","1680.53","1621.22","1670.28","NGN"
"","Nigeria","Geopolitical Zone","North West","exchange_rate_unofficial","2024-11-01","1650.88","1680.53","1621.22","1670.28","NGN"
"","Nigeria","Geopolitical Zone","South East","exchange_rate_unofficial","2024-11-01","1650.88","1680.53","1621.22","1670.28","NGN"
"","Nigeria","Geopolitical Zone","South South","exchange_rate_unofficial","2024-11-01","1650.88","1680.53","1621.22","1670.28","NGN"
"","Nigeria","Geopolitical Zone","South West","exchange_rate_unofficial","2024-11-01","1650.88","1680.53","1621.22","1670.28","NGN"
"","Nigeria","Gombe","Gombe","exchange_rate_unofficial","2024-11-01","1650.88","1680.53","1621.22","1670.28","NGN"
"","Nigeria","Jigawa","Gujungu","exchange_rate_unofficial","2024-11-01","1650.88","1680.53","1621.22","1670.28","NGN"
"","Nigeria","Kaduna","Giwa","exchange_rate_unofficial","2024-11-01","1650.88","1680.53","1621.22","1670.28","NGN"
"","Nigeria","Kaduna","Saminaka","exchange_rate_unofficial","2024-11-01","1650.88","1680.53","1621.22","1670.28","NGN"
"","Nigeria","Kano","Dawanau","exchange_rate_unofficial","2024-11-01","1650.88","1680.53","1621.22","1670.28","NGN"
"","Nigeria","Kano State (1)","Kano","exchange_rate_unofficial","2024-11-01","1650.88","1680.53","1621.22","1670.28","NGN"
"","Nigeria","Katsina","Dandume","exchange_rate_unofficial","2024-11-01","1650.88","1680.53","1621.22","1670.28","NGN"
"","Nigeria","Katsina","Mai Adoua (CBM)","exchange_rate_unofficial","2024-11-01","1650.88","1680.53","1621.22","1670.28","NGN"
"","Nigeria","Kebbi","Gwandu","exchange_rate_unofficial","2024-11-01","1650.88","1680.53","1621.22","1670.28","NGN"
"","Nigeria","Lagos","Lagos","exchange_rate_unofficial","2024-11-01","1650.88","1680.53","1621.22","1670.28","NGN"
"","Nigeria","Market Average","Market Average","exchange_rate_unofficial","2024-11-01","1650.88","1680.53","1621.22","1670.28","NGN"
"","Nigeria","National Average","Abuja","exchange_rate_unofficial","2024-11-01","1650.88","1680.53","1621.22","1670.28","NGN"
"","Nigeria","Oyo","Ibadan","exchange_rate_unofficial","2024-11-01","1650.88","1680.53","1621.22","1670.28","NGN"
"","Nigeria","Sokoto","Illela (CBM)","exchange_rate_unofficial","2024-11-01","1650.88","1680.53","1621.22","1670.28","NGN"
"","Nigeria","Yobe","Bade (Gashua)","exchange_rate_unofficial","2024-11-01","1650.88","1680.53","1621.22","1670.28","NGN"
"","Nigeria","Yobe","Bayantasha","exchange_rate_unofficial","2024-11-01","1650.88","1680.53","1621.22","1670.28","NGN"
"","Nigeria","Yobe","Biriri","exchange_rate_unofficial","2024-11-01","1650.88","1680.53","1621.22","1670.28","NGN"
"","Nigeria","Yobe","Bursari","exchange_rate_unofficial","2024-11-01","1650.88","1680.53","1621.22","1670.28","NGN"
"","Nigeria","Yobe","Damagum","exchange_rate_unofficial","2024-11-01","1650.88","1680.53","1621.22","1670.28","NGN"
"","Nigeria","Yobe","Damaturu","exchange_rate_unofficial","2024-11-01","1650.88","1680.53","1621.22","1670.28","NGN"
"","Nigeria","Yobe","Damaturu (Sunday Market)","exchange_rate_unofficial","2024-11-01","1650.88","1680.53","1621.22","1670.28","NGN"
"","Nigeria","Yobe","Geidam","exchange_rate_unofficial","2024-11-01","1650.88","1680.53","1621.22","1670.28","NGN"
"","Nigeria","Yobe","Gujba (Buni Yadi)","exchange_rate_unofficial","2024-11-01","1650.88","1680.53","1621.22","1670.28","NGN"
"","Nigeria","Yobe","Gulani (Tettaba)","exchange_rate_unofficial","2024-11-01","1650.88","1680.53","1621.22","1670.28","NGN"
"","Nigeria","Yobe","Jakusko","exchange_rate_unofficial","2024-11-01","1650.88","1680.53","1621.22","1670.28","NGN"
"","Nigeria","Yobe","Machina Central","exchange_rate_unofficial","2024-11-01","1650.88","1680.53","1621.22","1670.28","NGN"
"","Nigeria","Yobe","Nangere","exchange_rate_unofficial","2024-11-01","1650.88","1680.53","1621.22","1670.28","NGN"
"","Nigeria","Yobe","Ngelzarma","exchange_rate_unofficial","2024-11-01","1650.88","1680.53","1621.22","1670.28","NGN"
"","Nigeria","Yobe","Nguru","exchange_rate_unofficial","2024-11-01","1650.88","1680.53","1621.22","1670.28","NGN"
"","Nigeria","Yobe","Potiskum","exchange_rate_unofficial","2024-11-01","1650.88","1680.53","1621.22","1670.28","NGN"
"","Nigeria","Yobe","Yunusari","exchange_rate_unofficial","2024-11-01","1650.88","1680.53","1621.22","1670.28","NGN"
"","Nigeria","Yobe","Yusufari","exchange_rate_unofficial","2024-11-01","1650.88","1680.53","1621.22","1670.28","NGN"
"","Nigeria","Zamfara","Kaura Namoda","exchange_rate_unofficial","2024-11-01","1650.88","1680.53","1621.22","1670.28","NGN"
"","Nigeria","Abia","Aba","exchange_rate_unofficial","2024-12-01","1685.91","1714.27","1553.25","1553.25","NGN"
"","Nigeria","Adamawa","Gombi","exchange_rate_unofficial","2024-12-01","1685.91","1714.27","1553.25","1553.25","NGN"
"","Nigeria","Adamawa","Jimeta Grain","exchange_rate_unofficial","2024-12-01","1685.91","1714.27","1553.25","1553.25","NGN"
"","Nigeria","Adamawa","Madagali","exchange_rate_unofficial","2024-12-01","1685.91","1714.27","1553.25","1553.25","NGN"
"","Nigeria","Adamawa","Michika","exchange_rate_unofficial","2024-12-01","1685.91","1714.27","1553.25","1553.25","NGN"
"","Nigeria","Adamawa","Mubi","exchange_rate_unofficial","2024-12-01","1685.91","1714.27","1553.25","1553.25","NGN"
"","Nigeria","Adamawa","Mubi North","exchange_rate_unofficial","2024-12-01","1685.91","1714.27","1553.25","1553.25","NGN"
"","Nigeria","Adamawa","Ngalang","exchange_rate_unofficial","2024-12-01","1685.91","1714.27","1553.25","1553.25","NGN"
"","Nigeria","Borno","Abba Gamaram","exchange_rate_unofficial","2024-12-01","1685.91","1714.27","1553.25","1553.25","NGN"
"","Nigeria","Borno","Baga Road","exchange_rate_unofficial","2024-12-01","1685.91","1714.27","1553.25","1553.25","NGN"
"","Nigeria","Borno","Bama","exchange_rate_unofficial","2024-12-01","1685.91","1714.27","1553.25","1553.25","NGN"
"","Nigeria","Borno","Banki","exchange_rate_unofficial","2024-12-01","1685.91","1714.27","1553.25","1553.25","NGN"
"","Nigeria","Borno","Biu","exchange_rate_unofficial","2024-12-01","1685.91","1714.27","1553.25","1553.25","NGN"
"","Nigeria","Borno","Bolori Stores","exchange_rate_unofficial","2024-12-01","1685.91","1714.27","1553.25","1553.25","NGN"
"","Nigeria","Borno","Budum","exchange_rate_unofficial","2024-12-01","1685.91","1714.27","1553.25","1553.25","NGN"
"","Nigeria","Borno","Bullunkutu","exchange_rate_unofficial","2024-12-01","1685.91","1714.27","1553.25","1553.25","NGN"
"","Nigeria","Borno","Custom","exchange_rate_unofficial","2024-12-01","1685.91","1714.27","1553.25","1553.25","NGN"
"","Nigeria","Borno","Damassack (CBM)","exchange_rate_unofficial","2024-12-01","1685.91","1714.27","1553.25","1553.25","NGN"
"","Nigeria","Borno","Damboa","exchange_rate_unofficial","2024-12-01","1685.91","1714.27","1553.25","1553.25","NGN"
"","Nigeria","Borno","Dikwa Central","exchange_rate_unofficial","2024-12-01","1685.91","1714.27","1553.25","1553.25","NGN"
"","Nigeria","Borno","Gajiram","exchange_rate_unofficial","2024-12-01","1685.91","1714.27","1553.25","1553.25","NGN"
"","Nigeria","Borno","Gamboru","exchange_rate_unofficial","2024-12-01","1685.91","1714.27","1553.25","1553.25","NGN"
"","Nigeria","Borno","Gwoza Central","exchange_rate_unofficial","2024-12-01","1685.91","1714.27","1553.25","1553.25","NGN"
"","Nigeria","Borno","Kashuwan Shanu","exchange_rate_unofficial","2024-12-01","1685.91","1714.27","1553.25","1553.25","NGN"
"","Nigeria","Borno","Konduga","exchange_rate_unofficial","2024-12-01","1685.91","1714.27","1553.25","1553.25","NGN"
"","Nigeria","Borno","Kusawam Shanu","exchange_rate_unofficial","2024-12-01","1685.91","1714.27","1553.25","1553.25","NGN"
"","Nigeria","Borno","Mafa","exchange_rate_unofficial","2024-12-01","1685.91","1714.27","1553.25","1553.25","NGN"
"","Nigeria","Borno","Magumeri Central","exchange_rate_unofficial","2024-12-01","1685.91","1714.27","1553.25","1553.25","NGN"
"","Nigeria","Borno","Maiduguri","exchange_rate_unofficial","2024-12-01","1685.91","1714.27","1553.25","1553.25","NGN"
"","Nigeria","Borno","Monday","exchange_rate_unofficial","2024-12-01","1685.91","1714.27","1553.25","1553.25","NGN"
"","Nigeria","Borno","Monguno","exchange_rate_unofficial","2024-12-01","1685.91","1714.27","1553.25","1553.25","NGN"
"","Nigeria","Borno","Ngala","exchange_rate_unofficial","2024-12-01","1685.91","1714.27","1553.25","1553.25","NGN"
"","Nigeria","Borno","Pulka","exchange_rate_unofficial","2024-12-01","1685.91","1714.27","1553.25","1553.25","NGN"
"","Nigeria","Borno","Rann","exchange_rate_unofficial","2024-12-01","1685.91","1714.27","1553.25","1553.25","NGN"
"","Nigeria","Borno","Shani Main Market","exchange_rate_unofficial","2024-12-01","1685.91","1714.27","1553.25","1553.25","NGN"
"","Nigeria","Borno","Tashan Bama","exchange_rate_unofficial","2024-12-01","1685.91","1714.27","1553.25","1553.25","NGN"
"","Nigeria","Geopolitical Zone","North Central","exchange_rate_unofficial","2024-12-01","1685.91","1714.27","1553.25","1553.25","NGN"
"","Nigeria","Geopolitical Zone","North West","exchange_rate_unofficial","2024-12-01","1685.91","1714.27","1553.25","1553.25","NGN"
"","Nigeria","Geopolitical Zone","South East","exchange_rate_unofficial","2024-12-01","1685.91","1714.27","1553.25","1553.25","NGN"
"","Nigeria","Geopolitical Zone","South South","exchange_rate_unofficial","2024-12-01","1685.91","1714.27","1553.25","1553.25","NGN"
"","Nigeria","Geopolitical Zone","South West","exchange_rate_unofficial","2024-12-01","1685.91","1714.27","1553.25","1553.25","NGN"
"","Nigeria","Gombe","Gombe","exchange_rate_unofficial","2024-12-01","1685.91","1714.27","1553.25","1553.25","NGN"
"","Nigeria","Jigawa","Gujungu","exchange_rate_unofficial","2024-12-01","1685.91","1714.27","1553.25","1553.25","NGN"
"","Nigeria","Kaduna","Giwa","exchange_rate_unofficial","2024-12-01","1685.91","1714.27","1553.25","1553.25","NGN"
"","Nigeria","Kaduna","Saminaka","exchange_rate_unofficial","2024-12-01","1685.91","1714.27","1553.25","1553.25","NGN"
"","Nigeria","Kano","Dawanau","exchange_rate_unofficial","2024-12-01","1685.91","1714.27","1553.25","1553.25","NGN"
"","Nigeria","Kano State (1)","Kano","exchange_rate_unofficial","2024-12-01","1685.91","1714.27","1553.25","1553.25","NGN"
"","Nigeria","Katsina","Dandume","exchange_rate_unofficial","2024-12-01","1685.91","1714.27","1553.25","1553.25","NGN"
"","Nigeria","Katsina","Mai Adoua (CBM)","exchange_rate_unofficial","2024-12-01","1685.91","1714.27","1553.25","1553.25","NGN"
"","Nigeria","Kebbi","Gwandu","exchange_rate_unofficial","2024-12-01","1685.91","1714.27","1553.25","1553.25","NGN"
"","Nigeria","Lagos","Lagos","exchange_rate_unofficial","2024-12-01","1685.91","1714.27","1553.25","1553.25","NGN"
"","Nigeria","Market Average","Market Average","exchange_rate_unofficial","2024-12-01","1685.91","1714.27","1553.25","1553.25","NGN"
"","Nigeria","National Average","Abuja","exchange_rate_unofficial","2024-12-01","1685.91","1714.27","1553.25","1553.25","NGN"
"","Nigeria","Oyo","Ibadan","exchange_rate_unofficial","2024-12-01","1685.91","1714.27","1553.25","1553.25","NGN"
"","Nigeria","Sokoto","Illela (CBM)","exchange_rate_unofficial","2024-12-01","1685.91","1714.27","1553.25","1553.25","NGN"
"","Nigeria","Yobe","Bade (Gashua)","exchange_rate_unofficial","2024-12-01","1685.91","1714.27","1553.25","1553.25","NGN"
"","Nigeria","Yobe","Bayantasha","exchange_rate_unofficial","2024-12-01","1685.91","1714.27","1553.25","1553.25","NGN"
"","Nigeria","Yobe","Biriri","exchange_rate_unofficial","2024-12-01","1685.91","1714.27","1553.25","1553.25","NGN"
"","Nigeria","Yobe","Bursari","exchange_rate_unofficial","2024-12-01","1685.91","1714.27","1553.25","1553.25","NGN"
"","Nigeria","Yobe","Damagum","exchange_rate_unofficial","2024-12-01","1685.91","1714.27","1553.25","1553.25","NGN"
"","Nigeria","Yobe","Damaturu","exchange_rate_unofficial","2024-12-01","1685.91","1714.27","1553.25","1553.25","NGN"
"","Nigeria","Yobe","Damaturu (Sunday Market)","exchange_rate_unofficial","2024-12-01","1685.91","1714.27","1553.25","1553.25","NGN"
"","Nigeria","Yobe","Geidam","exchange_rate_unofficial","2024-12-01","1685.91","1714.27","1553.25","1553.25","NGN"
"","Nigeria","Yobe","Gujba (Buni Yadi)","exchange_rate_unofficial","2024-12-01","1685.91","1714.27","1553.25","1553.25","NGN"
"","Nigeria","Yobe","Gulani (Tettaba)","exchange_rate_unofficial","2024-12-01","1685.91","1714.27","1553.25","1553.25","NGN"
"","Nigeria","Yobe","Jakusko","exchange_rate_unofficial","2024-12-01","1685.91","1714.27","1553.25","1553.25","NGN"
"","Nigeria","Yobe","Machina Central","exchange_rate_unofficial","2024-12-01","1685.91","1714.27","1553.25","1553.25","NGN"
"","Nigeria","Yobe","Nangere","exchange_rate_unofficial","2024-12-01","1685.91","1714.27","1553.25","1553.25","NGN"
"","Nigeria","Yobe","Ngelzarma","exchange_rate_unofficial","2024-12-01","1685.91","1714.27","1553.25","1553.25","NGN"
"","Nigeria","Yobe","Nguru","exchange_rate_unofficial","2024-12-01","1685.91","1714.27","1553.25","1553.25","NGN"
"","Nigeria","Yobe","Potiskum","exchange_rate_unofficial","2024-12-01","1685.91","1714.27","1553.25","1553.25","NGN"
"","Nigeria","Yobe","Yunusari","exchange_rate_unofficial","2024-12-01","1685.91","1714.27","1553.25","1553.25","NGN"
"","Nigeria","Yobe","Yusufari","exchange_rate_unofficial","2024-12-01","1685.91","1714.27","1553.25","1553.25","NGN"
"","Nigeria","Zamfara","Kaura Namoda","exchange_rate_unofficial","2024-12-01","1685.91","1714.27","1553.25","1553.25","NGN"
"","Nigeria","Abia","Aba","exchange_rate_unofficial","2025-01-01","1523.15","1555.54","1490.76","1535.44","NGN"
"","Nigeria","Adamawa","Gombi","exchange_rate_unofficial","2025-01-01","1523.15","1555.54","1490.76","1535.44","NGN"
"","Nigeria","Adamawa","Jimeta Grain","exchange_rate_unofficial","2025-01-01","1523.15","1555.54","1490.76","1535.44","NGN"
"","Nigeria","Adamawa","Madagali","exchange_rate_unofficial","2025-01-01","1523.15","1555.54","1490.76","1535.44","NGN"
"","Nigeria","Adamawa","Michika","exchange_rate_unofficial","2025-01-01","1523.15","1555.54","1490.76","1535.44","NGN"
"","Nigeria","Adamawa","Mubi","exchange_rate_unofficial","2025-01-01","1523.15","1555.54","1490.76","1535.44","NGN"
"","Nigeria","Adamawa","Mubi North","exchange_rate_unofficial","2025-01-01","1523.15","1555.54","1490.76","1535.44","NGN"
"","Nigeria","Adamawa","Ngalang","exchange_rate_unofficial","2025-01-01","1523.15","1555.54","1490.76","1535.44","NGN"
"","Nigeria","Borno","Abba Gamaram","exchange_rate_unofficial","2025-01-01","1523.15","1555.54","1490.76","1535.44","NGN"
"","Nigeria","Borno","Baga Road","exchange_rate_unofficial","2025-01-01","1523.15","1555.54","1490.76","1535.44","NGN"
"","Nigeria","Borno","Bama","exchange_rate_unofficial","2025-01-01","1523.15","1555.54","1490.76","1535.44","NGN"
"","Nigeria","Borno","Banki","exchange_rate_unofficial","2025-01-01","1523.15","1555.54","1490.76","1535.44","NGN"
"","Nigeria","Borno","Biu","exchange_rate_unofficial","2025-01-01","1523.15","1555.54","1490.76","1535.44","NGN"
"","Nigeria","Borno","Bolori Stores","exchange_rate_unofficial","2025-01-01","1523.15","1555.54","1490.76","1535.44","NGN"
"","Nigeria","Borno","Budum","exchange_rate_unofficial","2025-01-01","1523.15","1555.54","1490.76","1535.44","NGN"
"","Nigeria","Borno","Bullunkutu","exchange_rate_unofficial","2025-01-01","1523.15","1555.54","1490.76","1535.44","NGN"
"","Nigeria","Borno","Custom","exchange_rate_unofficial","2025-01-01","1523.15","1555.54","1490.76","1535.44","NGN"
"","Nigeria","Borno","Damassack (CBM)","exchange_rate_unofficial","2025-01-01","1523.15","1555.54","1490.76","1535.44","NGN"
"","Nigeria","Borno","Damboa","exchange_rate_unofficial","2025-01-01","1523.15","1555.54","1490.76","1535.44","NGN"
"","Nigeria","Borno","Dikwa Central","exchange_rate_unofficial","2025-01-01","1523.15","1555.54","1490.76","1535.44","NGN"
"","Nigeria","Borno","Gajiram","exchange_rate_unofficial","2025-01-01","1523.15","1555.54","1490.76","1535.44","NGN"
"","Nigeria","Borno","Gamboru","exchange_rate_unofficial","2025-01-01","1523.15","1555.54","1490.76","1535.44","NGN"
"","Nigeria","Borno","Gwoza Central","exchange_rate_unofficial","2025-01-01","1523.15","1555.54","1490.76","1535.44","NGN"
"","Nigeria","Borno","Kashuwan Shanu","exchange_rate_unofficial","2025-01-01","1523.15","1555.54","1490.76","1535.44","NGN"
"","Nigeria","Borno","Konduga","exchange_rate_unofficial","2025-01-01","1523.15","1555.54","1490.76","1535.44","NGN"
"","Nigeria","Borno","Kusawam Shanu","exchange_rate_unofficial","2025-01-01","1523.15","1555.54","1490.76","1535.44","NGN"
"","Nigeria","Borno","Mafa","exchange_rate_unofficial","2025-01-01","1523.15","1555.54","1490.76","1535.44","NGN"
"","Nigeria","Borno","Magumeri Central","exchange_rate_unofficial","2025-01-01","1523.15","1555.54","1490.76","1535.44","NGN"
"","Nigeria","Borno","Maiduguri","exchange_rate_unofficial","2025-01-01","1523.15","1555.54","1490.76","1535.44","NGN"
"","Nigeria","Borno","Monday","exchange_rate_unofficial","2025-01-01","1523.15","1555.54","1490.76","1535.44","NGN"
"","Nigeria","Borno","Monguno","exchange_rate_unofficial","2025-01-01","1523.15","1555.54","1490.76","1535.44","NGN"
"","Nigeria","Borno","Ngala","exchange_rate_unofficial","2025-01-01","1523.15","1555.54","1490.76","1535.44","NGN"
"","Nigeria","Borno","Pulka","exchange_rate_unofficial","2025-01-01","1523.15","1555.54","1490.76","1535.44","NGN"
"","Nigeria","Borno","Rann","exchange_rate_unofficial","2025-01-01","1523.15","1555.54","1490.76","1535.44","NGN"
"","Nigeria","Borno","Shani Main Market","exchange_rate_unofficial","2025-01-01","1523.15","1555.54","1490.76","1535.44","NGN"
"","Nigeria","Borno","Tashan Bama","exchange_rate_unofficial","2025-01-01","1523.15","1555.54","1490.76","1535.44","NGN"
"","Nigeria","Geopolitical Zone","North Central","exchange_rate_unofficial","2025-01-01","1523.15","1555.54","1490.76","1535.44","NGN"
"","Nigeria","Geopolitical Zone","North West","exchange_rate_unofficial","2025-01-01","1523.15","1555.54","1490.76","1535.44","NGN"
"","Nigeria","Geopolitical Zone","South East","exchange_rate_unofficial","2025-01-01","1523.15","1555.54","1490.76","1535.44","NGN"
"","Nigeria","Geopolitical Zone","South South","exchange_rate_unofficial","2025-01-01","1523.15","1555.54","1490.76","1535.44","NGN"
"","Nigeria","Geopolitical Zone","South West","exchange_rate_unofficial","2025-01-01","1523.15","1555.54","1490.76","1535.44","NGN"
"","Nigeria","Gombe","Gombe","exchange_rate_unofficial","2025-01-01","1523.15","1555.54","1490.76","1535.44","NGN"
"","Nigeria","Jigawa","Gujungu","exchange_rate_unofficial","2025-01-01","1523.15","1555.54","1490.76","1535.44","NGN"
"","Nigeria","Kaduna","Giwa","exchange_rate_unofficial","2025-01-01","1523.15","1555.54","1490.76","1535.44","NGN"
"","Nigeria","Kaduna","Saminaka","exchange_rate_unofficial","2025-01-01","1523.15","1555.54","1490.76","1535.44","NGN"
"","Nigeria","Kano","Dawanau","exchange_rate_unofficial","2025-01-01","1523.15","1555.54","1490.76","1535.44","NGN"
"","Nigeria","Kano State (1)","Kano","exchange_rate_unofficial","2025-01-01","1523.15","1555.54","1490.76","1535.44","NGN"
"","Nigeria","Katsina","Dandume","exchange_rate_unofficial","2025-01-01","1523.15","1555.54","1490.76","1535.44","NGN"
"","Nigeria","Katsina","Mai Adoua (CBM)","exchange_rate_unofficial","2025-01-01","1523.15","1555.54","1490.76","1535.44","NGN"
"","Nigeria","Kebbi","Gwandu","exchange_rate_unofficial","2025-01-01","1523.15","1555.54","1490.76","1535.44","NGN"
"","Nigeria","Lagos","Lagos","exchange_rate_unofficial","2025-01-01","1523.15","1555.54","1490.76","1535.44","NGN"
"","Nigeria","Market Average","Market Average","exchange_rate_unofficial","2025-01-01","1523.15","1555.54","1490.76","1535.44","NGN"
"","Nigeria","National Average","Abuja","exchange_rate_unofficial","2025-01-01","1523.15","1555.54","1490.76","1535.44","NGN"
"","Nigeria","Oyo","Ibadan","exchange_rate_unofficial","2025-01-01","1523.15","1555.54","1490.76","1535.44","NGN"
"","Nigeria","Sokoto","Illela (CBM)","exchange_rate_unofficial","2025-01-01","1523.15","1555.54","1490.76","1535.44","NGN"
"","Nigeria","Yobe","Bade (Gashua)","exchange_rate_unofficial","2025-01-01","1523.15","1555.54","1490.76","1535.44","NGN"
"","Nigeria","Yobe","Bayantasha","exchange_rate_unofficial","2025-01-01","1523.15","1555.54","1490.76","1535.44","NGN"
"","Nigeria","Yobe","Biriri","exchange_rate_unofficial","2025-01-01","1523.15","1555.54","1490.76","1535.44","NGN"
"","Nigeria","Yobe","Bursari","exchange_rate_unofficial","2025-01-01","1523.15","1555.54","1490.76","1535.44","NGN"
"","Nigeria","Yobe","Damagum","exchange_rate_unofficial","2025-01-01","1523.15","1555.54","1490.76","1535.44","NGN"
"","Nigeria","Yobe","Damaturu","exchange_rate_unofficial","2025-01-01","1523.15","1555.54","1490.76","1535.44","NGN"
"","Nigeria","Yobe","Damaturu (Sunday Market)","exchange_rate_unofficial","2025-01-01","1523.15","1555.54","1490.76","1535.44","NGN"
"","Nigeria","Yobe","Geidam","exchange_rate_unofficial","2025-01-01","1523.15","1555.54","1490.76","1535.44","NGN"
"","Nigeria","Yobe","Gujba (Buni Yadi)","exchange_rate_unofficial","2025-01-01","1523.15","1555.54","1490.76","1535.44","NGN"
"","Nigeria","Yobe","Gulani (Tettaba)","exchange_rate_unofficial","2025-01-01","1523.15","1555.54","1490.76","1535.44","NGN"
"","Nigeria","Yobe","Jakusko","exchange_rate_unofficial","2025-01-01","1523.15","1555.54","1490.76","1535.44","NGN"
"","Nigeria","Yobe","Machina Central","exchange_rate_unofficial","2025-01-01","1523.15","1555.54","1490.76","1535.44","NGN"
"","Nigeria","Yobe","Nangere","exchange_rate_unofficial","2025-01-01","1523.15","1555.54","1490.76","1535.44","NGN"
"","Nigeria","Yobe","Ngelzarma","exchange_rate_unofficial","2025-01-01","1523.15","1555.54","1490.76","1535.44","NGN"
"","Nigeria","Yobe","Nguru","exchange_rate_unofficial","2025-01-01","1523.15","1555.54","1490.76","1535.44","NGN"
"","Nigeria","Yobe","Potiskum","exchange_rate_unofficial","2025-01-01","1523.15","1555.54","1490.76","1535.44","NGN"
"","Nigeria","Yobe","Yunusari","exchange_rate_unofficial","2025-01-01","1523.15","1555.54","1490.76","1535.44","NGN"
"","Nigeria","Yobe","Yusufari","exchange_rate_unofficial","2025-01-01","1523.15","1555.54","1490.76","1535.44","NGN"
"","Nigeria","Zamfara","Kaura Namoda","exchange_rate_unofficial","2025-01-01","1523.15","1555.54","1490.76","1535.44","NGN"
"","Nigeria","Abia","Aba","exchange_rate_unofficial","2025-02-01","1549.48","1579.32","1500.47","1500.47","NGN"
"","Nigeria","Adamawa","Gombi","exchange_rate_unofficial","2025-02-01","1549.48","1579.32","1500.47","1500.47","NGN"
"","Nigeria","Adamawa","Jimeta Grain","exchange_rate_unofficial","2025-02-01","1549.48","1579.32","1500.47","1500.47","NGN"
"","Nigeria","Adamawa","Madagali","exchange_rate_unofficial","2025-02-01","1549.48","1579.32","1500.47","1500.47","NGN"
"","Nigeria","Adamawa","Michika","exchange_rate_unofficial","2025-02-01","1549.48","1579.32","1500.47","1500.47","NGN"
"","Nigeria","Adamawa","Mubi","exchange_rate_unofficial","2025-02-01","1549.48","1579.32","1500.47","1500.47","NGN"
"","Nigeria","Adamawa","Mubi North","exchange_rate_unofficial","2025-02-01","1549.48","1579.32","1500.47","1500.47","NGN"
"","Nigeria","Adamawa","Ngalang","exchange_rate_unofficial","2025-02-01","1549.48","1579.32","1500.47","1500.47","NGN"
"","Nigeria","Borno","Abba Gamaram","exchange_rate_unofficial","2025-02-01","1549.48","1579.32","1500.47","1500.47","NGN"
"","Nigeria","Borno","Baga Road","exchange_rate_unofficial","2025-02-01","1549.48","1579.32","1500.47","1500.47","NGN"
"","Nigeria","Borno","Bama","exchange_rate_unofficial","2025-02-01","1549.48","1579.32","1500.47","1500.47","NGN"
"","Nigeria","Borno","Banki","exchange_rate_unofficial","2025-02-01","1549.48","1579.32","1500.47","1500.47","NGN"
"","Nigeria","Borno","Biu","exchange_rate_unofficial","2025-02-01","1549.48","1579.32","1500.47","1500.47","NGN"
"","Nigeria","Borno","Bolori Stores","exchange_rate_unofficial","2025-02-01","1549.48","1579.32","1500.47","1500.47","NGN"
"","Nigeria","Borno","Budum","exchange_rate_unofficial","2025-02-01","1549.48","1579.32","1500.47","1500.47","NGN"
"","Nigeria","Borno","Bullunkutu","exchange_rate_unofficial","2025-02-01","1549.48","1579.32","1500.47","1500.47","NGN"
"","Nigeria","Borno","Custom","exchange_rate_unofficial","2025-02-01","1549.48","1579.32","1500.47","1500.47","NGN"
"","Nigeria","Borno","Damassack (CBM)","exchange_rate_unofficial","2025-02-01","1549.48","1579.32","1500.47","1500.47","NGN"
"","Nigeria","Borno","Damboa","exchange_rate_unofficial","2025-02-01","1549.48","1579.32","1500.47","1500.47","NGN"
"","Nigeria","Borno","Dikwa Central","exchange_rate_unofficial","2025-02-01","1549.48","1579.32","1500.47","1500.47","NGN"
"","Nigeria","Borno","Gajiram","exchange_rate_unofficial","2025-02-01","1549.48","1579.32","1500.47","1500.47","NGN"
"","Nigeria","Borno","Gamboru","exchange_rate_unofficial","2025-02-01","1549.48","1579.32","1500.47","1500.47","NGN"
"","Nigeria","Borno","Gwoza Central","exchange_rate_unofficial","2025-02-01","1549.48","1579.32","1500.47","1500.47","NGN"
"","Nigeria","Borno","Kashuwan Shanu","exchange_rate_unofficial","2025-02-01","1549.48","1579.32","1500.47","1500.47","NGN"
"","Nigeria","Borno","Konduga","exchange_rate_unofficial","2025-02-01","1549.48","1579.32","1500.47","1500.47","NGN"
"","Nigeria","Borno","Kusawam Shanu","exchange_rate_unofficial","2025-02-01","1549.48","1579.32","1500.47","1500.47","NGN"
"","Nigeria","Borno","Mafa","exchange_rate_unofficial","2025-02-01","1549.48","1579.32","1500.47","1500.47","NGN"
"","Nigeria","Borno","Magumeri Central","exchange_rate_unofficial","2025-02-01","1549.48","1579.32","1500.47","1500.47","NGN"
"","Nigeria","Borno","Maiduguri","exchange_rate_unofficial","2025-02-01","1549.48","1579.32","1500.47","1500.47","NGN"
"","Nigeria","Borno","Monday","exchange_rate_unofficial","2025-02-01","1549.48","1579.32","1500.47","1500.47","NGN"
"","Nigeria","Borno","Monguno","exchange_rate_unofficial","2025-02-01","1549.48","1579.32","1500.47","1500.47","NGN"
"","Nigeria","Borno","Ngala","exchange_rate_unofficial","2025-02-01","1549.48","1579.32","1500.47","1500.47","NGN"
"","Nigeria","Borno","Pulka","exchange_rate_unofficial","2025-02-01","1549.48","1579.32","1500.47","1500.47","NGN"
"","Nigeria","Borno","Rann","exchange_rate_unofficial","2025-02-01","1549.48","1579.32","1500.47","1500.47","NGN"
"","Nigeria","Borno","Shani Main Market","exchange_rate_unofficial","2025-02-01","1549.48","1579.32","1500.47","1500.47","NGN"
"","Nigeria","Borno","Tashan Bama","exchange_rate_unofficial","2025-02-01","1549.48","1579.32","1500.47","1500.47","NGN"
"","Nigeria","Geopolitical Zone","North Central","exchange_rate_unofficial","2025-02-01","1549.48","1579.32","1500.47","1500.47","NGN"
"","Nigeria","Geopolitical Zone","North West","exchange_rate_unofficial","2025-02-01","1549.48","1579.32","1500.47","1500.47","NGN"
"","Nigeria","Geopolitical Zone","South East","exchange_rate_unofficial","2025-02-01","1549.48","1579.32","1500.47","1500.47","NGN"
"","Nigeria","Geopolitical Zone","South South","exchange_rate_unofficial","2025-02-01","1549.48","1579.32","1500.47","1500.47","NGN"
"","Nigeria","Geopolitical Zone","South West","exchange_rate_unofficial","2025-02-01","1549.48","1579.32","1500.47","1500.47","NGN"
"","Nigeria","Gombe","Gombe","exchange_rate_unofficial","2025-02-01","1549.48","1579.32","1500.47","1500.47","NGN"
"","Nigeria","Jigawa","Gujungu","exchange_rate_unofficial","2025-02-01","1549.48","1579.32","1500.47","1500.47","NGN"
"","Nigeria","Kaduna","Giwa","exchange_rate_unofficial","2025-02-01","1549.48","1579.32","1500.47","1500.47","NGN"
"","Nigeria","Kaduna","Saminaka","exchange_rate_unofficial","2025-02-01","1549.48","1579.32","1500.47","1500.47","NGN"
"","Nigeria","Kano","Dawanau","exchange_rate_unofficial","2025-02-01","1549.48","1579.32","1500.47","1500.47","NGN"
"","Nigeria","Kano State (1)","Kano","exchange_rate_unofficial","2025-02-01","1549.48","1579.32","1500.47","1500.47","NGN"
"","Nigeria","Katsina","Dandume","exchange_rate_unofficial","2025-02-01","1549.48","1579.32","1500.47","1500.47","NGN"
"","Nigeria","Katsina","Mai Adoua (CBM)","exchange_rate_unofficial","2025-02-01","1549.48","1579.32","1500.47","1500.47","NGN"
"","Nigeria","Kebbi","Gwandu","exchange_rate_unofficial","2025-02-01","1549.48","1579.32","1500.47","1500.47","NGN"
"","Nigeria","Lagos","Lagos","exchange_rate_unofficial","2025-02-01","1549.48","1579.32","1500.47","1500.47","NGN"
"","Nigeria","Market Average","Market Average","exchange_rate_unofficial","2025-02-01","1549.48","1579.32","1500.47","1500.47","NGN"
"","Nigeria","National Average","Abuja","exchange_rate_unofficial","2025-02-01","1549.48","1579.32","1500.47","1500.47","NGN"
"","Nigeria","Oyo","Ibadan","exchange_rate_unofficial","2025-02-01","1549.48","1579.32","1500.47","1500.47","NGN"
"","Nigeria","Sokoto","Illela (CBM)","exchange_rate_unofficial","2025-02-01","1549.48","1579.32","1500.47","1500.47","NGN"
"","Nigeria","Yobe","Bade (Gashua)","exchange_rate_unofficial","2025-02-01","1549.48","1579.32","1500.47","1500.47","NGN"
"","Nigeria","Yobe","Bayantasha","exchange_rate_unofficial","2025-02-01","1549.48","1579.32","1500.47","1500.47","NGN"
"","Nigeria","Yobe","Biriri","exchange_rate_unofficial","2025-02-01","1549.48","1579.32","1500.47","1500.47","NGN"
"","Nigeria","Yobe","Bursari","exchange_rate_unofficial","2025-02-01","1549.48","1579.32","1500.47","1500.47","NGN"
"","Nigeria","Yobe","Damagum","exchange_rate_unofficial","2025-02-01","1549.48","1579.32","1500.47","1500.47","NGN"
"","Nigeria","Yobe","Damaturu","exchange_rate_unofficial","2025-02-01","1549.48","1579.32","1500.47","1500.47","NGN"
"","Nigeria","Yobe","Damaturu (Sunday Market)","exchange_rate_unofficial","2025-02-01","1549.48","1579.32","1500.47","1500.47","NGN"
"","Nigeria","Yobe","Geidam","exchange_rate_unofficial","2025-02-01","1549.48","1579.32","1500.47","1500.47","NGN"
"","Nigeria","Yobe","Gujba (Buni Yadi)","exchange_rate_unofficial","2025-02-01","1549.48","1579.32","1500.47","1500.47","NGN"
"","Nigeria","Yobe","Gulani (Tettaba)","exchange_rate_unofficial","2025-02-01","1549.48","1579.32","1500.47","1500.47","NGN"
"","Nigeria","Yobe","Jakusko","exchange_rate_unofficial","2025-02-01","1549.48","1579.32","1500.47","1500.47","NGN"
"","Nigeria","Yobe","Machina Central","exchange_rate_unofficial","2025-02-01","1549.48","1579.32","1500.47","1500.47","NGN"
"","Nigeria","Yobe","Nangere","exchange_rate_unofficial","2025-02-01","1549.48","1579.32","1500.47","1500.47","NGN"
"","Nigeria","Yobe","Ngelzarma","exchange_rate_unofficial","2025-02-01","1549.48","1579.32","1500.47","1500.47","NGN"
"","Nigeria","Yobe","Nguru","exchange_rate_unofficial","2025-02-01","1549.48","1579.32","1500.47","1500.47","NGN"
"","Nigeria","Yobe","Potiskum","exchange_rate_unofficial","2025-02-01","1549.48","1579.32","1500.47","1500.47","NGN"
"","Nigeria","Yobe","Yunusari","exchange_rate_unofficial","2025-02-01","1549.48","1579.32","1500.47","1500.47","NGN"
"","Nigeria","Yobe","Yusufari","exchange_rate_unofficial","2025-02-01","1549.48","1579.32","1500.47","1500.47","NGN"
"","Nigeria","Zamfara","Kaura Namoda","exchange_rate_unofficial","2025-02-01","1549.48","1579.32","1500.47","1500.47","NGN"
"","Nigeria","Abia","Aba","exchange_rate_unofficial","2025-03-01","1491.31","1525.87","1462.85","1525.87","NGN"
"","Nigeria","Adamawa","Gombi","exchange_rate_unofficial","2025-03-01","1491.31","1525.87","1462.85","1525.87","NGN"
"","Nigeria","Adamawa","Jimeta Grain","exchange_rate_unofficial","2025-03-01","1491.31","1525.87","1462.85","1525.87","NGN"
"","Nigeria","Adamawa","Madagali","exchange_rate_unofficial","2025-03-01","1491.31","1525.87","1462.85","1525.87","NGN"
"","Nigeria","Adamawa","Michika","exchange_rate_unofficial","2025-03-01","1491.31","1525.87","1462.85","1525.87","NGN"
"","Nigeria","Adamawa","Mubi","exchange_rate_unofficial","2025-03-01","1491.31","1525.87","1462.85","1525.87","NGN"
"","Nigeria","Adamawa","Mubi North","exchange_rate_unofficial","2025-03-01","1491.31","1525.87","1462.85","1525.87","NGN"
"","Nigeria","Adamawa","Ngalang","exchange_rate_unofficial","2025-03-01","1491.31","1525.87","1462.85","1525.87","NGN"
"","Nigeria","Borno","Abba Gamaram","exchange_rate_unofficial","2025-03-01","1491.31","1525.87","1462.85","1525.87","NGN"
"","Nigeria","Borno","Baga Road","exchange_rate_unofficial","2025-03-01","1491.31","1525.87","1462.85","1525.87","NGN"
"","Nigeria","Borno","Bama","exchange_rate_unofficial","2025-03-01","1491.31","1525.87","1462.85","1525.87","NGN"
"","Nigeria","Borno","Banki","exchange_rate_unofficial","2025-03-01","1491.31","1525.87","1462.85","1525.87","NGN"
"","Nigeria","Borno","Biu","exchange_rate_unofficial","2025-03-01","1491.31","1525.87","1462.85","1525.87","NGN"
"","Nigeria","Borno","Bolori Stores","exchange_rate_unofficial","2025-03-01","1491.31","1525.87","1462.85","1525.87","NGN"
"","Nigeria","Borno","Budum","exchange_rate_unofficial","2025-03-01","1491.31","1525.87","1462.85","1525.87","NGN"
"","Nigeria","Borno","Bullunkutu","exchange_rate_unofficial","2025-03-01","1491.31","1525.87","1462.85","1525.87","NGN"
"","Nigeria","Borno","Custom","exchange_rate_unofficial","2025-03-01","1491.31","1525.87","1462.85","1525.87","NGN"
"","Nigeria","Borno","Damassack (CBM)","exchange_rate_unofficial","2025-03-01","1491.31","1525.87","1462.85","1525.87","NGN"
"","Nigeria","Borno","Damboa","exchange_rate_unofficial","2025-03-01","1491.31","1525.87","1462.85","1525.87","NGN"
"","Nigeria","Borno","Dikwa Central","exchange_rate_unofficial","2025-03-01","1491.31","1525.87","1462.85","1525.87","NGN"
"","Nigeria","Borno","Gajiram","exchange_rate_unofficial","2025-03-01","1491.31","1525.87","1462.85","1525.87","NGN"
"","Nigeria","Borno","Gamboru","exchange_rate_unofficial","2025-03-01","1491.31","1525.87","1462.85","1525.87","NGN"
"","Nigeria","Borno","Gwoza Central","exchange_rate_unofficial","2025-03-01","1491.31","1525.87","1462.85","1525.87","NGN"
"","Nigeria","Borno","Kashuwan Shanu","exchange_rate_unofficial","2025-03-01","1491.31","1525.87","1462.85","1525.87","NGN"
"","Nigeria","Borno","Konduga","exchange_rate_unofficial","2025-03-01","1491.31","1525.87","1462.85","1525.87","NGN"
"","Nigeria","Borno","Kusawam Shanu","exchange_rate_unofficial","2025-03-01","1491.31","1525.87","1462.85","1525.87","NGN"
"","Nigeria","Borno","Mafa","exchange_rate_unofficial","2025-03-01","1491.31","1525.87","1462.85","1525.87","NGN"
"","Nigeria","Borno","Magumeri Central","exchange_rate_unofficial","2025-03-01","1491.31","1525.87","1462.85","1525.87","NGN"
"","Nigeria","Borno","Maiduguri","exchange_rate_unofficial","2025-03-01","1491.31","1525.87","1462.85","1525.87","NGN"
"","Nigeria","Borno","Monday","exchange_rate_unofficial","2025-03-01","1491.31","1525.87","1462.85","1525.87","NGN"
"","Nigeria","Borno","Monguno","exchange_rate_unofficial","2025-03-01","1491.31","1525.87","1462.85","1525.87","NGN"
"","Nigeria","Borno","Ngala","exchange_rate_unofficial","2025-03-01","1491.31","1525.87","1462.85","1525.87","NGN"
"","Nigeria","Borno","Pulka","exchange_rate_unofficial","2025-03-01","1491.31","1525.87","1462.85","1525.87","NGN"
"","Nigeria","Borno","Rann","exchange_rate_unofficial","2025-03-01","1491.31","1525.87","1462.85","1525.87","NGN"
"","Nigeria","Borno","Shani Main Market","exchange_rate_unofficial","2025-03-01","1491.31","1525.87","1462.85","1525.87","NGN"
"","Nigeria","Borno","Tashan Bama","exchange_rate_unofficial","2025-03-01","1491.31","1525.87","1462.85","1525.87","NGN"
"","Nigeria","Geopolitical Zone","North Central","exchange_rate_unofficial","2025-03-01","1491.31","1525.87","1462.85","1525.87","NGN"
"","Nigeria","Geopolitical Zone","North West","exchange_rate_unofficial","2025-03-01","1491.31","1525.87","1462.85","1525.87","NGN"
"","Nigeria","Geopolitical Zone","South East","exchange_rate_unofficial","2025-03-01","1491.31","1525.87","1462.85","1525.87","NGN"
"","Nigeria","Geopolitical Zone","South South","exchange_rate_unofficial","2025-03-01","1491.31","1525.87","1462.85","1525.87","NGN"
"","Nigeria","Geopolitical Zone","South West","exchange_rate_unofficial","2025-03-01","1491.31","1525.87","1462.85","1525.87","NGN"
"","Nigeria","Gombe","Gombe","exchange_rate_unofficial","2025-03-01","1491.31","1525.87","1462.85","1525.87","NGN"
"","Nigeria","Jigawa","Gujungu","exchange_rate_unofficial","2025-03-01","1491.31","1525.87","1462.85","1525.87","NGN"
"","Nigeria","Kaduna","Giwa","exchange_rate_unofficial","2025-03-01","1491.31","1525.87","1462.85","1525.87","NGN"
"","Nigeria","Kaduna","Saminaka","exchange_rate_unofficial","2025-03-01","1491.31","1525.87","1462.85","1525.87","NGN"
"","Nigeria","Kano","Dawanau","exchange_rate_unofficial","2025-03-01","1491.31","1525.87","1462.85","1525.87","NGN"
"","Nigeria","Kano State (1)","Kano","exchange_rate_unofficial","2025-03-01","1491.31","1525.87","1462.85","1525.87","NGN"
"","Nigeria","Katsina","Dandume","exchange_rate_unofficial","2025-03-01","1491.31","1525.87","1462.85","1525.87","NGN"
"","Nigeria","Katsina","Mai Adoua (CBM)","exchange_rate_unofficial","2025-03-01","1491.31","1525.87","1462.85","1525.87","NGN"
"","Nigeria","Kebbi","Gwandu","exchange_rate_unofficial","2025-03-01","1491.31","1525.87","1462.85","1525.87","NGN"
"","Nigeria","Lagos","Lagos","exchange_rate_unofficial","2025-03-01","1491.31","1525.87","1462.85","1525.87","NGN"
"","Nigeria","Market Average","Market Average","exchange_rate_unofficial","2025-03-01","1491.31","1525.87","1462.85","1525.87","NGN"
"","Nigeria","National Average","Abuja","exchange_rate_unofficial","2025-03-01","1491.31","1525.87","1462.85","1525.87","NGN"
"","Nigeria","Oyo","Ibadan","exchange_rate_unofficial","2025-03-01","1491.31","1525.87","1462.85","1525.87","NGN"
"","Nigeria","Sokoto","Illela (CBM)","exchange_rate_unofficial","2025-03-01","1491.31","1525.87","1462.85","1525.87","NGN"
"","Nigeria","Yobe","Bade (Gashua)","exchange_rate_unofficial","2025-03-01","1491.31","1525.87","1462.85","1525.87","NGN"
"","Nigeria","Yobe","Bayantasha","exchange_rate_unofficial","2025-03-01","1491.31","1525.87","1462.85","1525.87","NGN"
"","Nigeria","Yobe","Biriri","exchange_rate_unofficial","2025-03-01","1491.31","1525.87","1462.85","1525.87","NGN"
"","Nigeria","Yobe","Bursari","exchange_rate_unofficial","2025-03-01","1491.31","1525.87","1462.85","1525.87","NGN"
"","Nigeria","Yobe","Damagum","exchange_rate_unofficial","2025-03-01","1491.31","1525.87","1462.85","1525.87","NGN"
"","Nigeria","Yobe","Damaturu","exchange_rate_unofficial","2025-03-01","1491.31","1525.87","1462.85","1525.87","NGN"
"","Nigeria","Yobe","Damaturu (Sunday Market)","exchange_rate_unofficial","2025-03-01","1491.31","1525.87","1462.85","1525.87","NGN"
"","Nigeria","Yobe","Geidam","exchange_rate_unofficial","2025-03-01","1491.31","1525.87","1462.85","1525.87","NGN"
"","Nigeria","Yobe","Gujba (Buni Yadi)","exchange_rate_unofficial","2025-03-01","1491.31","1525.87","1462.85","1525.87","NGN"
"","Nigeria","Yobe","Gulani (Tettaba)","exchange_rate_unofficial","2025-03-01","1491.31","1525.87","1462.85","1525.87","NGN"
"","Nigeria","Yobe","Jakusko","exchange_rate_unofficial","2025-03-01","1491.31","1525.87","1462.85","1525.87","NGN"
"","Nigeria","Yobe","Machina Central","exchange_rate_unofficial","2025-03-01","1491.31","1525.87","1462.85","1525.87","NGN"
"","Nigeria","Yobe","Nangere","exchange_rate_unofficial","2025-03-01","1491.31","1525.87","1462.85","1525.87","NGN"
"","Nigeria","Yobe","Ngelzarma","exchange_rate_unofficial","2025-03-01","1491.31","1525.87","1462.85","1525.87","NGN"
"","Nigeria","Yobe","Nguru","exchange_rate_unofficial","2025-03-01","1491.31","1525.87","1462.85","1525.87","NGN"
"","Nigeria","Yobe","Potiskum","exchange_rate_unofficial","2025-03-01","1491.31","1525.87","1462.85","1525.87","NGN"
"","Nigeria","Yobe","Yunusari","exchange_rate_unofficial","2025-03-01","1491.31","1525.87","1462.85","1525.87","NGN"
"","Nigeria","Yobe","Yusufari","exchange_rate_unofficial","2025-03-01","1491.31","1525.87","1462.85","1525.87","NGN"
"","Nigeria","Zamfara","Kaura Namoda","exchange_rate_unofficial","2025-03-01","1491.31","1525.87","1462.85","1525.87","NGN"
"","Nigeria","Abia","Aba","exchange_rate_unofficial","2025-04-01","1547.89","1594.55","1520.22","1594.55","NGN"
"","Nigeria","Adamawa","Gombi","exchange_rate_unofficial","2025-04-01","1547.89","1594.55","1520.22","1594.55","NGN"
"","Nigeria","Adamawa","Jimeta Grain","exchange_rate_unofficial","2025-04-01","1547.89","1594.55","1520.22","1594.55","NGN"
"","Nigeria","Adamawa","Madagali","exchange_rate_unofficial","2025-04-01","1547.89","1594.55","1520.22","1594.55","NGN"
"","Nigeria","Adamawa","Michika","exchange_rate_unofficial","2025-04-01","1547.89","1594.55","1520.22","1594.55","NGN"
"","Nigeria","Adamawa","Mubi","exchange_rate_unofficial","2025-04-01","1547.89","1594.55","1520.22","1594.55","NGN"
"","Nigeria","Adamawa","Mubi North","exchange_rate_unofficial","2025-04-01","1547.89","1594.55","1520.22","1594.55","NGN"
"","Nigeria","Adamawa","Ngalang","exchange_rate_unofficial","2025-04-01","1547.89","1594.55","1520.22","1594.55","NGN"
"","Nigeria","Borno","Abba Gamaram","exchange_rate_unofficial","2025-04-01","1547.89","1594.55","1520.22","1594.55","NGN"
"","Nigeria","Borno","Baga Road","exchange_rate_unofficial","2025-04-01","1547.89","1594.55","1520.22","1594.55","NGN"
"","Nigeria","Borno","Bama","exchange_rate_unofficial","2025-04-01","1547.89","1594.55","1520.22","1594.55","NGN"
"","Nigeria","Borno","Banki","exchange_rate_unofficial","2025-04-01","1547.89","1594.55","1520.22","1594.55","NGN"
"","Nigeria","Borno","Biu","exchange_rate_unofficial","2025-04-01","1547.89","1594.55","1520.22","1594.55","NGN"
"","Nigeria","Borno","Bolori Stores","exchange_rate_unofficial","2025-04-01","1547.89","1594.55","1520.22","1594.55","NGN"
"","Nigeria","Borno","Budum","exchange_rate_unofficial","2025-04-01","1547.89","1594.55","1520.22","1594.55","NGN"
"","Nigeria","Borno","Bullunkutu","exchange_rate_unofficial","2025-04-01","1547.89","1594.55","1520.22","1594.55","NGN"
"","Nigeria","Borno","Custom","exchange_rate_unofficial","2025-04-01","1547.89","1594.55","1520.22","1594.55","NGN"
"","Nigeria","Borno","Damassack (CBM)","exchange_rate_unofficial","2025-04-01","1547.89","1594.55","1520.22","1594.55","NGN"
"","Nigeria","Borno","Damboa","exchange_rate_unofficial","2025-04-01","1547.89","1594.55","1520.22","1594.55","NGN"
"","Nigeria","Borno","Dikwa Central","exchange_rate_unofficial","2025-04-01","1547.89","1594.55","1520.22","1594.55","NGN"
"","Nigeria","Borno","Gajiram","exchange_rate_unofficial","2025-04-01","1547.89","1594.55","1520.22","1594.55","NGN"
"","Nigeria","Borno","Gamboru","exchange_rate_unofficial","2025-04-01","1547.89","1594.55","1520.22","1594.55","NGN"
"","Nigeria","Borno","Gwoza Central","exchange_rate_unofficial","2025-04-01","1547.89","1594.55","1520.22","1594.55","NGN"
"","Nigeria","Borno","Kashuwan Shanu","exchange_rate_unofficial","2025-04-01","1547.89","1594.55","1520.22","1594.55","NGN"
"","Nigeria","Borno","Konduga","exchange_rate_unofficial","2025-04-01","1547.89","1594.55","1520.22","1594.55","NGN"
"","Nigeria","Borno","Kusawam Shanu","exchange_rate_unofficial","2025-04-01","1547.89","1594.55","1520.22","1594.55","NGN"
"","Nigeria","Borno","Mafa","exchange_rate_unofficial","2025-04-01","1547.89","1594.55","1520.22","1594.55","NGN"
"","Nigeria","Borno","Magumeri Central","exchange_rate_unofficial","2025-04-01","1547.89","1594.55","1520.22","1594.55","NGN"
"","Nigeria","Borno","Maiduguri","exchange_rate_unofficial","2025-04-01","1547.89","1594.55","1520.22","1594.55","NGN"
"","Nigeria","Borno","Monday","exchange_rate_unofficial","2025-04-01","1547.89","1594.55","1520.22","1594.55","NGN"
"","Nigeria","Borno","Monguno","exchange_rate_unofficial","2025-04-01","1547.89","1594.55","1520.22","1594.55","NGN"
"","Nigeria","Borno","Ngala","exchange_rate_unofficial","2025-04-01","1547.89","1594.55","1520.22","1594.55","NGN"
"","Nigeria","Borno","Pulka","exchange_rate_unofficial","2025-04-01","1547.89","1594.55","1520.22","1594.55","NGN"
"","Nigeria","Borno","Rann","exchange_rate_unofficial","2025-04-01","1547.89","1594.55","1520.22","1594.55","NGN"
"","Nigeria","Borno","Shani Main Market","exchange_rate_unofficial","2025-04-01","1547.89","1594.55","1520.22","1594.55","NGN"
"","Nigeria","Borno","Tashan Bama","exchange_rate_unofficial","2025-04-01","1547.89","1594.55","1520.22","1594.55","NGN"
"","Nigeria","Geopolitical Zone","North Central","exchange_rate_unofficial","2025-04-01","1547.89","1594.55","1520.22","1594.55","NGN"
"","Nigeria","Geopolitical Zone","North West","exchange_rate_unofficial","2025-04-01","1547.89","1594.55","1520.22","1594.55","NGN"
"","Nigeria","Geopolitical Zone","South East","exchange_rate_unofficial","2025-04-01","1547.89","1594.55","1520.22","1594.55","NGN"
"","Nigeria","Geopolitical Zone","South South","exchange_rate_unofficial","2025-04-01","1547.89","1594.55","1520.22","1594.55","NGN"
"","Nigeria","Geopolitical Zone","South West","exchange_rate_unofficial","2025-04-01","1547.89","1594.55","1520.22","1594.55","NGN"
"","Nigeria","Gombe","Gombe","exchange_rate_unofficial","2025-04-01","1547.89","1594.55","1520.22","1594.55","NGN"
"","Nigeria","Jigawa","Gujungu","exchange_rate_unofficial","2025-04-01","1547.89","1594.55","1520.22","1594.55","NGN"
"","Nigeria","Kaduna","Giwa","exchange_rate_unofficial","2025-04-01","1547.89","1594.55","1520.22","1594.55","NGN"
"","Nigeria","Kaduna","Saminaka","exchange_rate_unofficial","2025-04-01","1547.89","1594.55","1520.22","1594.55","NGN"
"","Nigeria","Kano","Dawanau","exchange_rate_unofficial","2025-04-01","1547.89","1594.55","1520.22","1594.55","NGN"
"","Nigeria","Kano State (1)","Kano","exchange_rate_unofficial","2025-04-01","1547.89","1594.55","1520.22","1594.55","NGN"
"","Nigeria","Katsina","Dandume","exchange_rate_unofficial","2025-04-01","1547.89","1594.55","1520.22","1594.55","NGN"
"","Nigeria","Katsina","Mai Adoua (CBM)","exchange_rate_unofficial","2025-04-01","1547.89","1594.55","1520.22","1594.55","NGN"
"","Nigeria","Kebbi","Gwandu","exchange_rate_unofficial","2025-04-01","1547.89","1594.55","1520.22","1594.55","NGN"
"","Nigeria","Lagos","Lagos","exchange_rate_unofficial","2025-04-01","1547.89","1594.55","1520.22","1594.55","NGN"
"","Nigeria","Market Average","Market Average","exchange_rate_unofficial","2025-04-01","1547.89","1594.55","1520.22","1594.55","NGN"
"","Nigeria","National Average","Abuja","exchange_rate_unofficial","2025-04-01","1547.89","1594.55","1520.22","1594.55","NGN"
"","Nigeria","Oyo","Ibadan","exchange_rate_unofficial","2025-04-01","1547.89","1594.55","1520.22","1594.55","NGN"
"","Nigeria","Sokoto","Illela (CBM)","exchange_rate_unofficial","2025-04-01","1547.89","1594.55","1520.22","1594.55","NGN"
"","Nigeria","Yobe","Bade (Gashua)","exchange_rate_unofficial","2025-04-01","1547.89","1594.55","1520.22","1594.55","NGN"
"","Nigeria","Yobe","Bayantasha","exchange_rate_unofficial","2025-04-01","1547.89","1594.55","1520.22","1594.55","NGN"
"","Nigeria","Yobe","Biriri","exchange_rate_unofficial","2025-04-01","1547.89","1594.55","1520.22","1594.55","NGN"
"","Nigeria","Yobe","Bursari","exchange_rate_unofficial","2025-04-01","1547.89","1594.55","1520.22","1594.55","NGN"
"","Nigeria","Yobe","Damagum","exchange_rate_unofficial","2025-04-01","1547.89","1594.55","1520.22","1594.55","NGN"
"","Nigeria","Yobe","Damaturu","exchange_rate_unofficial","2025-04-01","1547.89","1594.55","1520.22","1594.55","NGN"
"","Nigeria","Yobe","Damaturu (Sunday Market)","exchange_rate_unofficial","2025-04-01","1547.89","1594.55","1520.22","1594.55","NGN"
"","Nigeria","Yobe","Geidam","exchange_rate_unofficial","2025-04-01","1547.89","1594.55","1520.22","1594.55","NGN"
"","Nigeria","Yobe","Gujba (Buni Yadi)","exchange_rate_unofficial","2025-04-01","1547.89","1594.55","1520.22","1594.55","NGN"
"","Nigeria","Yobe","Gulani (Tettaba)","exchange_rate_unofficial","2025-04-01","1547.89","1594.55","1520.22","1594.55","NGN"
"","Nigeria","Yobe","Jakusko","exchange_rate_unofficial","2025-04-01","1547.89","1594.55","1520.22","1594.55","NGN"
"","Nigeria","Yobe","Machina Central","exchange_rate_unofficial","2025-04-01","1547.89","1594.55","1520.22","1594.55","NGN"
"","Nigeria","Yobe","Nangere","exchange_rate_unofficial","2025-04-01","1547.89","1594.55","1520.22","1594.55","NGN"
"","Nigeria","Yobe","Ngelzarma","exchange_rate_unofficial","2025-04-01","1547.89","1594.55","1520.22","1594.55","NGN"
"","Nigeria","Yobe","Nguru","exchange_rate_unofficial","2025-04-01","1547.89","1594.55","1520.22","1594.55","NGN"
"","Nigeria","Yobe","Potiskum","exchange_rate_unofficial","2025-04-01","1547.89","1594.55","1520.22","1594.55","NGN"
"","Nigeria","Yobe","Yunusari","exchange_rate_unofficial","2025-04-01","1547.89","1594.55","1520.22","1594.55","NGN"
"","Nigeria","Yobe","Yusufari","exchange_rate_unofficial","2025-04-01","1547.89","1594.55","1520.22","1594.55","NGN"
"","Nigeria","Zamfara","Kaura Namoda","exchange_rate_unofficial","2025-04-01","1547.89","1594.55","1520.22","1594.55","NGN"
"","Nigeria","Abia","Aba","exchange_rate_unofficial","2025-05-01","1615.96","1644.26","1587.66","1594.7","NGN"
"","Nigeria","Adamawa","Gombi","exchange_rate_unofficial","2025-05-01","1615.96","1644.26","1587.66","1594.7","NGN"
"","Nigeria","Adamawa","Jimeta Grain","exchange_rate_unofficial","2025-05-01","1615.96","1644.26","1587.66","1594.7","NGN"
"","Nigeria","Adamawa","Madagali","exchange_rate_unofficial","2025-05-01","1615.96","1644.26","1587.66","1594.7","NGN"
"","Nigeria","Adamawa","Michika","exchange_rate_unofficial","2025-05-01","1615.96","1644.26","1587.66","1594.7","NGN"
"","Nigeria","Adamawa","Mubi","exchange_rate_unofficial","2025-05-01","1615.96","1644.26","1587.66","1594.7","NGN"
"","Nigeria","Adamawa","Mubi North","exchange_rate_unofficial","2025-05-01","1615.96","1644.26","1587.66","1594.7","NGN"
"","Nigeria","Adamawa","Ngalang","exchange_rate_unofficial","2025-05-01","1615.96","1644.26","1587.66","1594.7","NGN"
"","Nigeria","Borno","Abba Gamaram","exchange_rate_unofficial","2025-05-01","1615.96","1644.26","1587.66","1594.7","NGN"
"","Nigeria","Borno","Baga Road","exchange_rate_unofficial","2025-05-01","1615.96","1644.26","1587.66","1594.7","NGN"
"","Nigeria","Borno","Bama","exchange_rate_unofficial","2025-05-01","1615.96","1644.26","1587.66","1594.7","NGN"
"","Nigeria","Borno","Banki","exchange_rate_unofficial","2025-05-01","1615.96","1644.26","1587.66","1594.7","NGN"
"","Nigeria","Borno","Biu","exchange_rate_unofficial","2025-05-01","1615.96","1644.26","1587.66","1594.7","NGN"
"","Nigeria","Borno","Bolori Stores","exchange_rate_unofficial","2025-05-01","1615.96","1644.26","1587.66","1594.7","NGN"
"","Nigeria","Borno","Budum","exchange_rate_unofficial","2025-05-01","1615.96","1644.26","1587.66","1594.7","NGN"
"","Nigeria","Borno","Bullunkutu","exchange_rate_unofficial","2025-05-01","1615.96","1644.26","1587.66","1594.7","NGN"
"","Nigeria","Borno","Custom","exchange_rate_unofficial","2025-05-01","1615.96","1644.26","1587.66","1594.7","NGN"
"","Nigeria","Borno","Damassack (CBM)","exchange_rate_unofficial","2025-05-01","1615.96","1644.26","1587.66","1594.7","NGN"
"","Nigeria","Borno","Damboa","exchange_rate_unofficial","2025-05-01","1615.96","1644.26","1587.66","1594.7","NGN"
"","Nigeria","Borno","Dikwa Central","exchange_rate_unofficial","2025-05-01","1615.96","1644.26","1587.66","1594.7","NGN"
"","Nigeria","Borno","Gajiram","exchange_rate_unofficial","2025-05-01","1615.96","1644.26","1587.66","1594.7","NGN"
"","Nigeria","Borno","Gamboru","exchange_rate_unofficial","2025-05-01","1615.96","1644.26","1587.66","1594.7","NGN"
"","Nigeria","Borno","Gwoza Central","exchange_rate_unofficial","2025-05-01","1615.96","1644.26","1587.66","1594.7","NGN"
"","Nigeria","Borno","Kashuwan Shanu","exchange_rate_unofficial","2025-05-01","1615.96","1644.26","1587.66","1594.7","NGN"
"","Nigeria","Borno","Konduga","exchange_rate_unofficial","2025-05-01","1615.96","1644.26","1587.66","1594.7","NGN"
"","Nigeria","Borno","Kusawam Shanu","exchange_rate_unofficial","2025-05-01","1615.96","1644.26","1587.66","1594.7","NGN"
"","Nigeria","Borno","Mafa","exchange_rate_unofficial","2025-05-01","1615.96","1644.26","1587.66","1594.7","NGN"
"","Nigeria","Borno","Magumeri Central","exchange_rate_unofficial","2025-05-01","1615.96","1644.26","1587.66","1594.7","NGN"
"","Nigeria","Borno","Maiduguri","exchange_rate_unofficial","2025-05-01","1615.96","1644.26","1587.66","1594.7","NGN"
"","Nigeria","Borno","Monday","exchange_rate_unofficial","2025-05-01","1615.96","1644.26","1587.66","1594.7","NGN"
"","Nigeria","Borno","Monguno","exchange_rate_unofficial","2025-05-01","1615.96","1644.26","1587.66","1594.7","NGN"
"","Nigeria","Borno","Ngala","exchange_rate_unofficial","2025-05-01","1615.96","1644.26","1587.66","1594.7","NGN"
"","Nigeria","Borno","Pulka","exchange_rate_unofficial","2025-05-01","1615.96","1644.26","1587.66","1594.7","NGN"
"","Nigeria","Borno","Rann","exchange_rate_unofficial","2025-05-01","1615.96","1644.26","1587.66","1594.7","NGN"
"","Nigeria","Borno","Shani Main Market","exchange_rate_unofficial","2025-05-01","1615.96","1644.26","1587.66","1594.7","NGN"
"","Nigeria","Borno","Tashan Bama","exchange_rate_unofficial","2025-05-01","1615.96","1644.26","1587.66","1594.7","NGN"
"","Nigeria","Geopolitical Zone","North Central","exchange_rate_unofficial","2025-05-01","1615.96","1644.26","1587.66","1594.7","NGN"
"","Nigeria","Geopolitical Zone","North West","exchange_rate_unofficial","2025-05-01","1615.96","1644.26","1587.66","1594.7","NGN"
"","Nigeria","Geopolitical Zone","South East","exchange_rate_unofficial","2025-05-01","1615.96","1644.26","1587.66","1594.7","NGN"
"","Nigeria","Geopolitical Zone","South South","exchange_rate_unofficial","2025-05-01","1615.96","1644.26","1587.66","1594.7","NGN"
"","Nigeria","Geopolitical Zone","South West","exchange_rate_unofficial","2025-05-01","1615.96","1644.26","1587.66","1594.7","NGN"
"","Nigeria","Gombe","Gombe","exchange_rate_unofficial","2025-05-01","1615.96","1644.26","1587.66","1594.7","NGN"
"","Nigeria","Jigawa","Gujungu","exchange_rate_unofficial","2025-05-01","1615.96","1644.26","1587.66","1594.7","NGN"
"","Nigeria","Kaduna","Giwa","exchange_rate_unofficial","2025-05-01","1615.96","1644.26","1587.66","1594.7","NGN"
"","Nigeria","Kaduna","Saminaka","exchange_rate_unofficial","2025-05-01","1615.96","1644.26","1587.66","1594.7","NGN"
"","Nigeria","Kano","Dawanau","exchange_rate_unofficial","2025-05-01","1615.96","1644.26","1587.66","1594.7","NGN"
"","Nigeria","Kano State (1)","Kano","exchange_rate_unofficial","2025-05-01","1615.96","1644.26","1587.66","1594.7","NGN"
"","Nigeria","Katsina","Dandume","exchange_rate_unofficial","2025-05-01","1615.96","1644.26","1587.66","1594.7","NGN"
"","Nigeria","Katsina","Mai Adoua (CBM)","exchange_rate_unofficial","2025-05-01","1615.96","1644.26","1587.66","1594.7","NGN"
"","Nigeria","Kebbi","Gwandu","exchange_rate_unofficial","2025-05-01","1615.96","1644.26","1587.66","1594.7","NGN"
"","Nigeria","Lagos","Lagos","exchange_rate_unofficial","2025-05-01","1615.96","1644.26","1587.66","1594.7","NGN"
"","Nigeria","Market Average","Market Average","exchange_rate_unofficial","2025-05-01","1615.96","1644.26","1587.66","1594.7","NGN"
"","Nigeria","National Average","Abuja","exchange_rate_unofficial","2025-05-01","1615.96","1644.26","1587.66","1594.7","NGN"
"","Nigeria","Oyo","Ibadan","exchange_rate_unofficial","2025-05-01","1615.96","1644.26","1587.66","1594.7","NGN"
"","Nigeria","Sokoto","Illela (CBM)","exchange_rate_unofficial","2025-05-01","1615.96","1644.26","1587.66","1594.7","NGN"
"","Nigeria","Yobe","Bade (Gashua)","exchange_rate_unofficial","2025-05-01","1615.96","1644.26","1587.66","1594.7","NGN"
"","Nigeria","Yobe","Bayantasha","exchange_rate_unofficial","2025-05-01","1615.96","1644.26","1587.66","1594.7","NGN"
"","Nigeria","Yobe","Biriri","exchange_rate_unofficial","2025-05-01","1615.96","1644.26","1587.66","1594.7","NGN"
"","Nigeria","Yobe","Bursari","exchange_rate_unofficial","2025-05-01","1615.96","1644.26","1587.66","1594.7","NGN"
"","Nigeria","Yobe","Damagum","exchange_rate_unofficial","2025-05-01","1615.96","1644.26","1587.66","1594.7","NGN"
"","Nigeria","Yobe","Damaturu","exchange_rate_unofficial","2025-05-01","1615.96","1644.26","1587.66","1594.7","NGN"
"","Nigeria","Yobe","Damaturu (Sunday Market)","exchange_rate_unofficial","2025-05-01","1615.96","1644.26","1587.66","1594.7","NGN"
"","Nigeria","Yobe","Geidam","exchange_rate_unofficial","2025-05-01","1615.96","1644.26","1587.66","1594.7","NGN"
"","Nigeria","Yobe","Gujba (Buni Yadi)","exchange_rate_unofficial","2025-05-01","1615.96","1644.26","1587.66","1594.7","NGN"
"","Nigeria","Yobe","Gulani (Tettaba)","exchange_rate_unofficial","2025-05-01","1615.96","1644.26","1587.66","1594.7","NGN"
"","Nigeria","Yobe","Jakusko","exchange_rate_unofficial","2025-05-01","1615.96","1644.26","1587.66","1594.7","NGN"
"","Nigeria","Yobe","Machina Central","exchange_rate_unofficial","2025-05-01","1615.96","1644.26","1587.66","1594.7","NGN"
"","Nigeria","Yobe","Nangere","exchange_rate_unofficial","2025-05-01","1615.96","1644.26","1587.66","1594.7","NGN"
"","Nigeria","Yobe","Ngelzarma","exchange_rate_unofficial","2025-05-01","1615.96","1644.26","1587.66","1594.7","NGN"
"","Nigeria","Yobe","Nguru","exchange_rate_unofficial","2025-05-01","1615.96","1644.26","1587.66","1594.7","NGN"
"","Nigeria","Yobe","Potiskum","exchange_rate_unofficial","2025-05-01","1615.96","1644.26","1587.66","1594.7","NGN"
"","Nigeria","Yobe","Yunusari","exchange_rate_unofficial","2025-05-01","1615.96","1644.26","1587.66","1594.7","NGN"
"","Nigeria","Yobe","Yusufari","exchange_rate_unofficial","2025-05-01","1615.96","1644.26","1587.66","1594.7","NGN"
"","Nigeria","Zamfara","Kaura Namoda","exchange_rate_unofficial","2025-05-01","1615.96","1644.26","1587.66","1594.7","NGN"
"","Nigeria","Abia","Aba","exchange_rate_unofficial","2025-06-01","1598.78","1625.44","1549.29","1549.29","NGN"
"","Nigeria","Adamawa","Gombi","exchange_rate_unofficial","2025-06-01","1598.78","1625.44","1549.29","1549.29","NGN"
"","Nigeria","Adamawa","Jimeta Grain","exchange_rate_unofficial","2025-06-01","1598.78","1625.44","1549.29","1549.29","NGN"
"","Nigeria","Adamawa","Madagali","exchange_rate_unofficial","2025-06-01","1598.78","1625.44","1549.29","1549.29","NGN"
"","Nigeria","Adamawa","Michika","exchange_rate_unofficial","2025-06-01","1598.78","1625.44","1549.29","1549.29","NGN"
"","Nigeria","Adamawa","Mubi","exchange_rate_unofficial","2025-06-01","1598.78","1625.44","1549.29","1549.29","NGN"
"","Nigeria","Adamawa","Mubi North","exchange_rate_unofficial","2025-06-01","1598.78","1625.44","1549.29","1549.29","NGN"
"","Nigeria","Adamawa","Ngalang","exchange_rate_unofficial","2025-06-01","1598.78","1625.44","1549.29","1549.29","NGN"
"","Nigeria","Borno","Abba Gamaram","exchange_rate_unofficial","2025-06-01","1598.78","1625.44","1549.29","1549.29","NGN"
"","Nigeria","Borno","Baga Road","exchange_rate_unofficial","2025-06-01","1598.78","1625.44","1549.29","1549.29","NGN"
"","Nigeria","Borno","Bama","exchange_rate_unofficial","2025-06-01","1598.78","1625.44","1549.29","1549.29","NGN"
"","Nigeria","Borno","Banki","exchange_rate_unofficial","2025-06-01","1598.78","1625.44","1549.29","1549.29","NGN"
"","Nigeria","Borno","Biu","exchange_rate_unofficial","2025-06-01","1598.78","1625.44","1549.29","1549.29","NGN"
"","Nigeria","Borno","Bolori Stores","exchange_rate_unofficial","2025-06-01","1598.78","1625.44","1549.29","1549.29","NGN"
"","Nigeria","Borno","Budum","exchange_rate_unofficial","2025-06-01","1598.78","1625.44","1549.29","1549.29","NGN"
"","Nigeria","Borno","Bullunkutu","exchange_rate_unofficial","2025-06-01","1598.78","1625.44","1549.29","1549.29","NGN"
"","Nigeria","Borno","Custom","exchange_rate_unofficial","2025-06-01","1598.78","1625.44","1549.29","1549.29","NGN"
"","Nigeria","Borno","Damassack (CBM)","exchange_rate_unofficial","2025-06-01","1598.78","1625.44","1549.29","1549.29","NGN"
"","Nigeria","Borno","Damboa","exchange_rate_unofficial","2025-06-01","1598.78","1625.44","1549.29","1549.29","NGN"
"","Nigeria","Borno","Dikwa Central","exchange_rate_unofficial","2025-06-01","1598.78","1625.44","1549.29","1549.29","NGN"
"","Nigeria","Borno","Gajiram","exchange_rate_unofficial","2025-06-01","1598.78","1625.44","1549.29","1549.29","NGN"
"","Nigeria","Borno","Gamboru","exchange_rate_unofficial","2025-06-01","1598.78","1625.44","1549.29","1549.29","NGN"
"","Nigeria","Borno","Gwoza Central","exchange_rate_unofficial","2025-06-01","1598.78","1625.44","1549.29","1549.29","NGN"
"","Nigeria","Borno","Kashuwan Shanu","exchange_rate_unofficial","2025-06-01","1598.78","1625.44","1549.29","1549.29","NGN"
"","Nigeria","Borno","Konduga","exchange_rate_unofficial","2025-06-01","1598.78","1625.44","1549.29","1549.29","NGN"
"","Nigeria","Borno","Kusawam Shanu","exchange_rate_unofficial","2025-06-01","1598.78","1625.44","1549.29","1549.29","NGN"
"","Nigeria","Borno","Mafa","exchange_rate_unofficial","2025-06-01","1598.78","1625.44","1549.29","1549.29","NGN"
"","Nigeria","Borno","Magumeri Central","exchange_rate_unofficial","2025-06-01","1598.78","1625.44","1549.29","1549.29","NGN"
"","Nigeria","Borno","Maiduguri","exchange_rate_unofficial","2025-06-01","1598.78","1625.44","1549.29","1549.29","NGN"
"","Nigeria","Borno","Monday","exchange_rate_unofficial","2025-06-01","1598.78","1625.44","1549.29","1549.29","NGN"
"","Nigeria","Borno","Monguno","exchange_rate_unofficial","2025-06-01","1598.78","1625.44","1549.29","1549.29","NGN"
"","Nigeria","Borno","Ngala","exchange_rate_unofficial","2025-06-01","1598.78","1625.44","1549.29","1549.29","NGN"
"","Nigeria","Borno","Pulka","exchange_rate_unofficial","2025-06-01","1598.78","1625.44","1549.29","1549.29","NGN"
"","Nigeria","Borno","Rann","exchange_rate_unofficial","2025-06-01","1598.78","1625.44","1549.29","1549.29","NGN"
"","Nigeria","Borno","Shani Main Market","exchange_rate_unofficial","2025-06-01","1598.78","1625.44","1549.29","1549.29","NGN"
"","Nigeria","Borno","Tashan Bama","exchange_rate_unofficial","2025-06-01","1598.78","1625.44","1549.29","1549.29","NGN"
"","Nigeria","Geopolitical Zone","North Central","exchange_rate_unofficial","2025-06-01","1598.78","1625.44","1549.29","1549.29","NGN"
"","Nigeria","Geopolitical Zone","North West","exchange_rate_unofficial","2025-06-01","1598.78","1625.44","1549.29","1549.29","NGN"
"","Nigeria","Geopolitical Zone","South East","exchange_rate_unofficial","2025-06-01","1598.78","1625.44","1549.29","1549.29","NGN"
"","Nigeria","Geopolitical Zone","South South","exchange_rate_unofficial","2025-06-01","1598.78","1625.44","1549.29","1549.29","NGN"
"","Nigeria","Geopolitical Zone","South West","exchange_rate_unofficial","2025-06-01","1598.78","1625.44","1549.29","1549.29","NGN"
"","Nigeria","Gombe","Gombe","exchange_rate_unofficial","2025-06-01","1598.78","1625.44","1549.29","1549.29","NGN"
"","Nigeria","Jigawa","Gujungu","exchange_rate_unofficial","2025-06-01","1598.78","1625.44","1549.29","1549.29","NGN"
"","Nigeria","Kaduna","Giwa","exchange_rate_unofficial","2025-06-01","1598.78","1625.44","1549.29","1549.29","NGN"
"","Nigeria","Kaduna","Saminaka","exchange_rate_unofficial","2025-06-01","1598.78","1625.44","1549.29","1549.29","NGN"
"","Nigeria","Kano","Dawanau","exchange_rate_unofficial","2025-06-01","1598.78","1625.44","1549.29","1549.29","NGN"
"","Nigeria","Kano State (1)","Kano","exchange_rate_unofficial","2025-06-01","1598.78","1625.44","1549.29","1549.29","NGN"
"","Nigeria","Katsina","Dandume","exchange_rate_unofficial","2025-06-01","1598.78","1625.44","1549.29","1549.29","NGN"
"","Nigeria","Katsina","Mai Adoua (CBM)","exchange_rate_unofficial","2025-06-01","1598.78","1625.44","1549.29","1549.29","NGN"
"","Nigeria","Kebbi","Gwandu","exchange_rate_unofficial","2025-06-01","1598.78","1625.44","1549.29","1549.29","NGN"
"","Nigeria","Lagos","Lagos","exchange_rate_unofficial","2025-06-01","1598.78","1625.44","1549.29","1549.29","NGN"
"","Nigeria","Market Average","Market Average","exchange_rate_unofficial","2025-06-01","1598.78","1625.44","1549.29","1549.29","NGN"
"","Nigeria","National Average","Abuja","exchange_rate_unofficial","2025-06-01","1598.78","1625.44","1549.29","1549.29","NGN"
"","Nigeria","Oyo","Ibadan","exchange_rate_unofficial","2025-06-01","1598.78","1625.44","1549.29","1549.29","NGN"
"","Nigeria","Sokoto","Illela (CBM)","exchange_rate_unofficial","2025-06-01","1598.78","1625.44","1549.29","1549.29","NGN"
"","Nigeria","Yobe","Bade (Gashua)","exchange_rate_unofficial","2025-06-01","1598.78","1625.44","1549.29","1549.29","NGN"
"","Nigeria","Yobe","Bayantasha","exchange_rate_unofficial","2025-06-01","1598.78","1625.44","1549.29","1549.29","NGN"
"","Nigeria","Yobe","Biriri","exchange_rate_unofficial","2025-06-01","1598.78","1625.44","1549.29","1549.29","NGN"
"","Nigeria","Yobe","Bursari","exchange_rate_unofficial","2025-06-01","1598.78","1625.44","1549.29","1549.29","NGN"
"","Nigeria","Yobe","Damagum","exchange_rate_unofficial","2025-06-01","1598.78","1625.44","1549.29","1549.29","NGN"
"","Nigeria","Yobe","Damaturu","exchange_rate_unofficial","2025-06-01","1598.78","1625.44","1549.29","1549.29","NGN"
"","Nigeria","Yobe","Damaturu (Sunday Market)","exchange_rate_unofficial","2025-06-01","1598.78","1625.44","1549.29","1549.29","NGN"
"","Nigeria","Yobe","Geidam","exchange_rate_unofficial","2025-06-01","1598.78","1625.44","1549.29","1549.29","NGN"
"","Nigeria","Yobe","Gujba (Buni Yadi)","exchange_rate_unofficial","2025-06-01","1598.78","1625.44","1549.29","1549.29","NGN"
"","Nigeria","Yobe","Gulani (Tettaba)","exchange_rate_unofficial","2025-06-01","1598.78","1625.44","1549.29","1549.29","NGN"
"","Nigeria","Yobe","Jakusko","exchange_rate_unofficial","2025-06-01","1598.78","1625.44","1549.29","1549.29","NGN"
"","Nigeria","Yobe","Machina Central","exchange_rate_unofficial","2025-06-01","1598.78","1625.44","1549.29","1549.29","NGN"
"","Nigeria","Yobe","Nangere","exchange_rate_unofficial","2025-06-01","1598.78","1625.44","1549.29","1549.29","NGN"
"","Nigeria","Yobe","Ngelzarma","exchange_rate_unofficial","2025-06-01","1598.78","1625.44","1549.29","1549.29","NGN"
"","Nigeria","Yobe","Nguru","exchange_rate_unofficial","2025-06-01","1598.78","1625.44","1549.29","1549.29","NGN"
"","Nigeria","Yobe","Potiskum","exchange_rate_unofficial","2025-06-01","1598.78","1625.44","1549.29","1549.29","NGN"
"","Nigeria","Yobe","Yunusari","exchange_rate_unofficial","2025-06-01","1598.78","1625.44","1549.29","1549.29","NGN"
"","Nigeria","Yobe","Yusufari","exchange_rate_unofficial","2025-06-01","1598.78","1625.44","1549.29","1549.29","NGN"
"","Nigeria","Zamfara","Kaura Namoda","exchange_rate_unofficial","2025-06-01","1598.78","1625.44","1549.29","1549.29","NGN"
"","Nigeria","Abia","Aba","exchange_rate_unofficial","2025-07-01","1540.26","1565.91","1514.62","1529.85","NGN"
"","Nigeria","Adamawa","Gombi","exchange_rate_unofficial","2025-07-01","1540.26","1565.91","1514.62","1529.85","NGN"
"","Nigeria","Adamawa","Jimeta Grain","exchange_rate_unofficial","2025-07-01","1540.26","1565.91","1514.62","1529.85","NGN"
"","Nigeria","Adamawa","Madagali","exchange_rate_unofficial","2025-07-01","1540.26","1565.91","1514.62","1529.85","NGN"
"","Nigeria","Adamawa","Michika","exchange_rate_unofficial","2025-07-01","1540.26","1565.91","1514.62","1529.85","NGN"
"","Nigeria","Adamawa","Mubi","exchange_rate_unofficial","2025-07-01","1540.26","1565.91","1514.62","1529.85","NGN"
"","Nigeria","Adamawa","Mubi North","exchange_rate_unofficial","2025-07-01","1540.26","1565.91","1514.62","1529.85","NGN"
"","Nigeria","Adamawa","Ngalang","exchange_rate_unofficial","2025-07-01","1540.26","1565.91","1514.62","1529.85","NGN"
"","Nigeria","Borno","Abba Gamaram","exchange_rate_unofficial","2025-07-01","1540.26","1565.91","1514.62","1529.85","NGN"
"","Nigeria","Borno","Baga Road","exchange_rate_unofficial","2025-07-01","1540.26","1565.91","1514.62","1529.85","NGN"
"","Nigeria","Borno","Bama","exchange_rate_unofficial","2025-07-01","1540.26","1565.91","1514.62","1529.85","NGN"
"","Nigeria","Borno","Banki","exchange_rate_unofficial","2025-07-01","1540.26","1565.91","1514.62","1529.85","NGN"
"","Nigeria","Borno","Biu","exchange_rate_unofficial","2025-07-01","1540.26","1565.91","1514.62","1529.85","NGN"
"","Nigeria","Borno","Bolori Stores","exchange_rate_unofficial","2025-07-01","1540.26","1565.91","1514.62","1529.85","NGN"
"","Nigeria","Borno","Budum","exchange_rate_unofficial","2025-07-01","1540.26","1565.91","1514.62","1529.85","NGN"
"","Nigeria","Borno","Bullunkutu","exchange_rate_unofficial","2025-07-01","1540.26","1565.91","1514.62","1529.85","NGN"
"","Nigeria","Borno","Custom","exchange_rate_unofficial","2025-07-01","1540.26","1565.91","1514.62","1529.85","NGN"
"","Nigeria","Borno","Damassack (CBM)","exchange_rate_unofficial","2025-07-01","1540.26","1565.91","1514.62","1529.85","NGN"
"","Nigeria","Borno","Damboa","exchange_rate_unofficial","2025-07-01","1540.26","1565.91","1514.62","1529.85","NGN"
"","Nigeria","Borno","Dikwa Central","exchange_rate_unofficial","2025-07-01","1540.26","1565.91","1514.62","1529.85","NGN"
"","Nigeria","Borno","Gajiram","exchange_rate_unofficial","2025-07-01","1540.26","1565.91","1514.62","1529.85","NGN"
"","Nigeria","Borno","Gamboru","exchange_rate_unofficial","2025-07-01","1540.26","1565.91","1514.62","1529.85","NGN"
"","Nigeria","Borno","Gwoza Central","exchange_rate_unofficial","2025-07-01","1540.26","1565.91","1514.62","1529.85","NGN"
"","Nigeria","Borno","Kashuwan Shanu","exchange_rate_unofficial","2025-07-01","1540.26","1565.91","1514.62","1529.85","NGN"
"","Nigeria","Borno","Konduga","exchange_rate_unofficial","2025-07-01","1540.26","1565.91","1514.62","1529.85","NGN"
"","Nigeria","Borno","Kusawam Shanu","exchange_rate_unofficial","2025-07-01","1540.26","1565.91","1514.62","1529.85","NGN"
"","Nigeria","Borno","Mafa","exchange_rate_unofficial","2025-07-01","1540.26","1565.91","1514.62","1529.85","NGN"
"","Nigeria","Borno","Magumeri Central","exchange_rate_unofficial","2025-07-01","1540.26","1565.91","1514.62","1529.85","NGN"
"","Nigeria","Borno","Maiduguri","exchange_rate_unofficial","2025-07-01","1540.26","1565.91","1514.62","1529.85","NGN"
"","Nigeria","Borno","Monday","exchange_rate_unofficial","2025-07-01","1540.26","1565.91","1514.62","1529.85","NGN"
"","Nigeria","Borno","Monguno","exchange_rate_unofficial","2025-07-01","1540.26","1565.91","1514.62","1529.85","NGN"
"","Nigeria","Borno","Ngala","exchange_rate_unofficial","2025-07-01","1540.26","1565.91","1514.62","1529.85","NGN"
"","Nigeria","Borno","Pulka","exchange_rate_unofficial","2025-07-01","1540.26","1565.91","1514.62","1529.85","NGN"
"","Nigeria","Borno","Rann","exchange_rate_unofficial","2025-07-01","1540.26","1565.91","1514.62","1529.85","NGN"
"","Nigeria","Borno","Shani Main Market","exchange_rate_unofficial","2025-07-01","1540.26","1565.91","1514.62","1529.85","NGN"
"","Nigeria","Borno","Tashan Bama","exchange_rate_unofficial","2025-07-01","1540.26","1565.91","1514.62","1529.85","NGN"
"","Nigeria","Geopolitical Zone","North Central","exchange_rate_unofficial","2025-07-01","1540.26","1565.91","1514.62","1529.85","NGN"
"","Nigeria","Geopolitical Zone","North West","exchange_rate_unofficial","2025-07-01","1540.26","1565.91","1514.62","1529.85","NGN"
"","Nigeria","Geopolitical Zone","South East","exchange_rate_unofficial","2025-07-01","1540.26","1565.91","1514.62","1529.85","NGN"
"","Nigeria","Geopolitical Zone","South South","exchange_rate_unofficial","2025-07-01","1540.26","1565.91","1514.62","1529.85","NGN"
"","Nigeria","Geopolitical Zone","South West","exchange_rate_unofficial","2025-07-01","1540.26","1565.91","1514.62","1529.85","NGN"
"","Nigeria","Gombe","Gombe","exchange_rate_unofficial","2025-07-01","1540.26","1565.91","1514.62","1529.85","NGN"
"","Nigeria","Jigawa","Gujungu","exchange_rate_unofficial","2025-07-01","1540.26","1565.91","1514.62","1529.85","NGN"
"","Nigeria","Kaduna","Giwa","exchange_rate_unofficial","2025-07-01","1540.26","1565.91","1514.62","1529.85","NGN"
"","Nigeria","Kaduna","Saminaka","exchange_rate_unofficial","2025-07-01","1540.26","1565.91","1514.62","1529.85","NGN"
"","Nigeria","Kano","Dawanau","exchange_rate_unofficial","2025-07-01","1540.26","1565.91","1514.62","1529.85","NGN"
"","Nigeria","Kano State (1)","Kano","exchange_rate_unofficial","2025-07-01","1540.26","1565.91","1514.62","1529.85","NGN"
"","Nigeria","Katsina","Dandume","exchange_rate_unofficial","2025-07-01","1540.26","1565.91","1514.62","1529.85","NGN"
"","Nigeria","Katsina","Mai Adoua (CBM)","exchange_rate_unofficial","2025-07-01","1540.26","1565.91","1514.62","1529.85","NGN"
"","Nigeria","Kebbi","Gwandu","exchange_rate_unofficial","2025-07-01","1540.26","1565.91","1514.62","1529.85","NGN"
"","Nigeria","Lagos","Lagos","exchange_rate_unofficial","2025-07-01","1540.26","1565.91","1514.62","1529.85","NGN"
"","Nigeria","Market Average","Market Average","exchange_rate_unofficial","2025-07-01","1540.26","1565.91","1514.62","1529.85","NGN"
"","Nigeria","National Average","Abuja","exchange_rate_unofficial","2025-07-01","1540.26","1565.91","1514.62","1529.85","NGN"
"","Nigeria","Oyo","Ibadan","exchange_rate_unofficial","2025-07-01","1540.26","1565.91","1514.62","1529.85","NGN"
"","Nigeria","Sokoto","Illela (CBM)","exchange_rate_unofficial","2025-07-01","1540.26","1565.91","1514.62","1529.85","NGN"
"","Nigeria","Yobe","Bade (Gashua)","exchange_rate_unofficial","2025-07-01","1540.26","1565.91","1514.62","1529.85","NGN"
"","Nigeria","Yobe","Bayantasha","exchange_rate_unofficial","2025-07-01","1540.26","1565.91","1514.62","1529.85","NGN"
"","Nigeria","Yobe","Biriri","exchange_rate_unofficial","2025-07-01","1540.26","1565.91","1514.62","1529.85","NGN"
"","Nigeria","Yobe","Bursari","exchange_rate_unofficial","2025-07-01","1540.26","1565.91","1514.62","1529.85","NGN"
"","Nigeria","Yobe","Damagum","exchange_rate_unofficial","2025-07-01","1540.26","1565.91","1514.62","1529.85","NGN"
"","Nigeria","Yobe","Damaturu","exchange_rate_unofficial","2025-07-01","1540.26","1565.91","1514.62","1529.85","NGN"
"","Nigeria","Yobe","Damaturu (Sunday Market)","exchange_rate_unofficial","2025-07-01","1540.26","1565.91","1514.62","1529.85","NGN"
"","Nigeria","Yobe","Geidam","exchange_rate_unofficial","2025-07-01","1540.26","1565.91","1514.62","1529.85","NGN"
"","Nigeria","Yobe","Gujba (Buni Yadi)","exchange_rate_unofficial","2025-07-01","1540.26","1565.91","1514.62","1529.85","NGN"
"","Nigeria","Yobe","Gulani (Tettaba)","exchange_rate_unofficial","2025-07-01","1540.26","1565.91","1514.62","1529.85","NGN"
"","Nigeria","Yobe","Jakusko","exchange_rate_unofficial","2025-07-01","1540.26","1565.91","1514.62","1529.85","NGN"
"","Nigeria","Yobe","Machina Central","exchange_rate_unofficial","2025-07-01","1540.26","1565.91","1514.62","1529.85","NGN"
"","Nigeria","Yobe","Nangere","exchange_rate_unofficial","2025-07-01","1540.26","1565.91","1514.62","1529.85","NGN"
"","Nigeria","Yobe","Ngelzarma","exchange_rate_unofficial","2025-07-01","1540.26","1565.91","1514.62","1529.85","NGN"
"","Nigeria","Yobe","Nguru","exchange_rate_unofficial","2025-07-01","1540.26","1565.91","1514.62","1529.85","NGN"
"","Nigeria","Yobe","Potiskum","exchange_rate_unofficial","2025-07-01","1540.26","1565.91","1514.62","1529.85","NGN"
"","Nigeria","Yobe","Yunusari","exchange_rate_unofficial","2025-07-01","1540.26","1565.91","1514.62","1529.85","NGN"
"","Nigeria","Yobe","Yusufari","exchange_rate_unofficial","2025-07-01","1540.26","1565.91","1514.62","1529.85","NGN"
"","Nigeria","Zamfara","Kaura Namoda","exchange_rate_unofficial","2025-07-01","1540.26","1565.91","1514.62","1529.85","NGN"
"","Nigeria","Abia","Aba","exchange_rate_unofficial","2025-08-01","1537.25","1560.96","1513.55","1534.25","NGN"
"","Nigeria","Adamawa","Gombi","exchange_rate_unofficial","2025-08-01","1537.25","1560.96","1513.55","1534.25","NGN"
"","Nigeria","Adamawa","Jimeta Grain","exchange_rate_unofficial","2025-08-01","1537.25","1560.96","1513.55","1534.25","NGN"
"","Nigeria","Adamawa","Madagali","exchange_rate_unofficial","2025-08-01","1537.25","1560.96","1513.55","1534.25","NGN"
"","Nigeria","Adamawa","Michika","exchange_rate_unofficial","2025-08-01","1537.25","1560.96","1513.55","1534.25","NGN"
"","Nigeria","Adamawa","Mubi","exchange_rate_unofficial","2025-08-01","1537.25","1560.96","1513.55","1534.25","NGN"
"","Nigeria","Adamawa","Mubi North","exchange_rate_unofficial","2025-08-01","1537.25","1560.96","1513.55","1534.25","NGN"
"","Nigeria","Adamawa","Ngalang","exchange_rate_unofficial","2025-08-01","1537.25","1560.96","1513.55","1534.25","NGN"
"","Nigeria","Borno","Abba Gamaram","exchange_rate_unofficial","2025-08-01","1537.25","1560.96","1513.55","1534.25","NGN"
"","Nigeria","Borno","Baga Road","exchange_rate_unofficial","2025-08-01","1537.25","1560.96","1513.55","1534.25","NGN"
"","Nigeria","Borno","Bama","exchange_rate_unofficial","2025-08-01","1537.25","1560.96","1513.55","1534.25","NGN"
"","Nigeria","Borno","Banki","exchange_rate_unofficial","2025-08-01","1537.25","1560.96","1513.55","1534.25","NGN"
"","Nigeria","Borno","Biu","exchange_rate_unofficial","2025-08-01","1537.25","1560.96","1513.55","1534.25","NGN"
"","Nigeria","Borno","Bolori Stores","exchange_rate_unofficial","2025-08-01","1537.25","1560.96","1513.55","1534.25","NGN"
"","Nigeria","Borno","Budum","exchange_rate_unofficial","2025-08-01","1537.25","1560.96","1513.55","1534.25","NGN"
"","Nigeria","Borno","Bullunkutu","exchange_rate_unofficial","2025-08-01","1537.25","1560.96","1513.55","1534.25","NGN"
"","Nigeria","Borno","Custom","exchange_rate_unofficial","2025-08-01","1537.25","1560.96","1513.55","1534.25","NGN"
"","Nigeria","Borno","Damassack (CBM)","exchange_rate_unofficial","2025-08-01","1537.25","1560.96","1513.55","1534.25","NGN"
"","Nigeria","Borno","Damboa","exchange_rate_unofficial","2025-08-01","1537.25","1560.96","1513.55","1534.25","NGN"
"","Nigeria","Borno","Dikwa Central","exchange_rate_unofficial","2025-08-01","1537.25","1560.96","1513.55","1534.25","NGN"
"","Nigeria","Borno","Gajiram","exchange_rate_unofficial","2025-08-01","1537.25","1560.96","1513.55","1534.25","NGN"
"","Nigeria","Borno","Gamboru","exchange_rate_unofficial","2025-08-01","1537.25","1560.96","1513.55","1534.25","NGN"
"","Nigeria","Borno","Gwoza Central","exchange_rate_unofficial","2025-08-01","1537.25","1560.96","1513.55","1534.25","NGN"
"","Nigeria","Borno","Kashuwan Shanu","exchange_rate_unofficial","2025-08-01","1537.25","1560.96","1513.55","1534.25","NGN"
"","Nigeria","Borno","Konduga","exchange_rate_unofficial","2025-08-01","1537.25","1560.96","1513.55","1534.25","NGN"
"","Nigeria","Borno","Kusawam Shanu","exchange_rate_unofficial","2025-08-01","1537.25","1560.96","1513.55","1534.25","NGN"
"","Nigeria","Borno","Mafa","exchange_rate_unofficial","2025-08-01","1537.25","1560.96","1513.55","1534.25","NGN"
"","Nigeria","Borno","Magumeri Central","exchange_rate_unofficial","2025-08-01","1537.25","1560.96","1513.55","1534.25","NGN"
"","Nigeria","Borno","Maiduguri","exchange_rate_unofficial","2025-08-01","1537.25","1560.96","1513.55","1534.25","NGN"
"","Nigeria","Borno","Monday","exchange_rate_unofficial","2025-08-01","1537.25","1560.96","1513.55","1534.25","NGN"
"","Nigeria","Borno","Monguno","exchange_rate_unofficial","2025-08-01","1537.25","1560.96","1513.55","1534.25","NGN"
"","Nigeria","Borno","Ngala","exchange_rate_unofficial","2025-08-01","1537.25","1560.96","1513.55","1534.25","NGN"
"","Nigeria","Borno","Pulka","exchange_rate_unofficial","2025-08-01","1537.25","1560.96","1513.55","1534.25","NGN"
"","Nigeria","Borno","Rann","exchange_rate_unofficial","2025-08-01","1537.25","1560.96","1513.55","1534.25","NGN"
"","Nigeria","Borno","Shani Main Market","exchange_rate_unofficial","2025-08-01","1537.25","1560.96","1513.55","1534.25","NGN"
"","Nigeria","Borno","Tashan Bama","exchange_rate_unofficial","2025-08-01","1537.25","1560.96","1513.55","1534.25","NGN"
"","Nigeria","Geopolitical Zone","North Central","exchange_rate_unofficial","2025-08-01","1537.25","1560.96","1513.55","1534.25","NGN"
"","Nigeria","Geopolitical Zone","North West","exchange_rate_unofficial","2025-08-01","1537.25","1560.96","1513.55","1534.25","NGN"
"","Nigeria","Geopolitical Zone","South East","exchange_rate_unofficial","2025-08-01","1537.25","1560.96","1513.55","1534.25","NGN"
"","Nigeria","Geopolitical Zone","South South","exchange_rate_unofficial","2025-08-01","1537.25","1560.96","1513.55","1534.25","NGN"
"","Nigeria","Geopolitical Zone","South West","exchange_rate_unofficial","2025-08-01","1537.25","1560.96","1513.55","1534.25","NGN"
"","Nigeria","Gombe","Gombe","exchange_rate_unofficial","2025-08-01","1537.25","1560.96","1513.55","1534.25","NGN"
"","Nigeria","Jigawa","Gujungu","exchange_rate_unofficial","2025-08-01","1537.25","1560.96","1513.55","1534.25","NGN"
"","Nigeria","Kaduna","Giwa","exchange_rate_unofficial","2025-08-01","1537.25","1560.96","1513.55","1534.25","NGN"
"","Nigeria","Kaduna","Saminaka","exchange_rate_unofficial","2025-08-01","1537.25","1560.96","1513.55","1534.25","NGN"
"","Nigeria","Kano","Dawanau","exchange_rate_unofficial","2025-08-01","1537.25","1560.96","1513.55","1534.25","NGN"
"","Nigeria","Kano State (1)","Kano","exchange_rate_unofficial","2025-08-01","1537.25","1560.96","1513.55","1534.25","NGN"
"","Nigeria","Katsina","Dandume","exchange_rate_unofficial","2025-08-01","1537.25","1560.96","1513.55","1534.25","NGN"
"","Nigeria","Katsina","Mai Adoua (CBM)","exchange_rate_unofficial","2025-08-01","1537.25","1560.96","1513.55","1534.25","NGN"
"","Nigeria","Kebbi","Gwandu","exchange_rate_unofficial","2025-08-01","1537.25","1560.96","1513.55","1534.25","NGN"
"","Nigeria","Lagos","Lagos","exchange_rate_unofficial","2025-08-01","1537.25","1560.96","1513.55","1534.25","NGN"
"","Nigeria","Market Average","Market Average","exchange_rate_unofficial","2025-08-01","1537.25","1560.96","1513.55","1534.25","NGN"
"","Nigeria","National Average","Abuja","exchange_rate_unofficial","2025-08-01","1537.25","1560.96","1513.55","1534.25","NGN"
"","Nigeria","Oyo","Ibadan","exchange_rate_unofficial","2025-08-01","1537.25","1560.96","1513.55","1534.25","NGN"
"","Nigeria","Sokoto","Illela (CBM)","exchange_rate_unofficial","2025-08-01","1537.25","1560.96","1513.55","1534.25","NGN"
"","Nigeria","Yobe","Bade (Gashua)","exchange_rate_unofficial","2025-08-01","1537.25","1560.96","1513.55","1534.25","NGN"
"","Nigeria","Yobe","Bayantasha","exchange_rate_unofficial","2025-08-01","1537.25","1560.96","1513.55","1534.25","NGN"
"","Nigeria","Yobe","Biriri","exchange_rate_unofficial","2025-08-01","1537.25","1560.96","1513.55","1534.25","NGN"
"","Nigeria","Yobe","Bursari","exchange_rate_unofficial","2025-08-01","1537.25","1560.96","1513.55","1534.25","NGN"
"","Nigeria","Yobe","Damagum","exchange_rate_unofficial","2025-08-01","1537.25","1560.96","1513.55","1534.25","NGN"
"","Nigeria","Yobe","Damaturu","exchange_rate_unofficial","2025-08-01","1537.25","1560.96","1513.55","1534.25","NGN"
"","Nigeria","Yobe","Damaturu (Sunday Market)","exchange_rate_unofficial","2025-08-01","1537.25","1560.96","1513.55","1534.25","NGN"
"","Nigeria","Yobe","Geidam","exchange_rate_unofficial","2025-08-01","1537.25","1560.96","1513.55","1534.25","NGN"
"","Nigeria","Yobe","Gujba (Buni Yadi)","exchange_rate_unofficial","2025-08-01","1537.25","1560.96","1513.55","1534.25","NGN"
"","Nigeria","Yobe","Gulani (Tettaba)","exchange_rate_unofficial","2025-08-01","1537.25","1560.96","1513.55","1534.25","NGN"
"","Nigeria","Yobe","Jakusko","exchange_rate_unofficial","2025-08-01","1537.25","1560.96","1513.55","1534.25","NGN"
"","Nigeria","Yobe","Machina Central","exchange_rate_unofficial","2025-08-01","1537.25","1560.96","1513.55","1534.25","NGN"
"","Nigeria","Yobe","Nangere","exchange_rate_unofficial","2025-08-01","1537.25","1560.96","1513.55","1534.25","NGN"
"","Nigeria","Yobe","Ngelzarma","exchange_rate_unofficial","2025-08-01","1537.25","1560.96","1513.55","1534.25","NGN"
"","Nigeria","Yobe","Nguru","exchange_rate_unofficial","2025-08-01","1537.25","1560.96","1513.55","1534.25","NGN"
"","Nigeria","Yobe","Potiskum","exchange_rate_unofficial","2025-08-01","1537.25","1560.96","1513.55","1534.25","NGN"
"","Nigeria","Yobe","Yunusari","exchange_rate_unofficial","2025-08-01","1537.25","1560.96","1513.55","1534.25","NGN"
"","Nigeria","Yobe","Yusufari","exchange_rate_unofficial","2025-08-01","1537.25","1560.96","1513.55","1534.25","NGN"
"","Nigeria","Zamfara","Kaura Namoda","exchange_rate_unofficial","2025-08-01","1537.25","1560.96","1513.55","1534.25","NGN"
"","Nigeria","Abia","Aba","exchange_rate_unofficial","2025-09-01","1539.32","1561.55","1497.29","1497.29","NGN"
"","Nigeria","Adamawa","Gombi","exchange_rate_unofficial","2025-09-01","1539.32","1561.55","1497.29","1497.29","NGN"
"","Nigeria","Adamawa","Jimeta Grain","exchange_rate_unofficial","2025-09-01","1539.32","1561.55","1497.29","1497.29","NGN"
"","Nigeria","Adamawa","Madagali","exchange_rate_unofficial","2025-09-01","1539.32","1561.55","1497.29","1497.29","NGN"
"","Nigeria","Adamawa","Michika","exchange_rate_unofficial","2025-09-01","1539.32","1561.55","1497.29","1497.29","NGN"
"","Nigeria","Adamawa","Mubi","exchange_rate_unofficial","2025-09-01","1539.32","1561.55","1497.29","1497.29","NGN"
"","Nigeria","Adamawa","Mubi North","exchange_rate_unofficial","2025-09-01","1539.32","1561.55","1497.29","1497.29","NGN"
"","Nigeria","Adamawa","Ngalang","exchange_rate_unofficial","2025-09-01","1539.32","1561.55","1497.29","1497.29","NGN"
"","Nigeria","Borno","Abba Gamaram","exchange_rate_unofficial","2025-09-01","1539.32","1561.55","1497.29","1497.29","NGN"
"","Nigeria","Borno","Baga Road","exchange_rate_unofficial","2025-09-01","1539.32","1561.55","1497.29","1497.29","NGN"
"","Nigeria","Borno","Bama","exchange_rate_unofficial","2025-09-01","1539.32","1561.55","1497.29","1497.29","NGN"
"","Nigeria","Borno","Banki","exchange_rate_unofficial","2025-09-01","1539.32","1561.55","1497.29","1497.29","NGN"
"","Nigeria","Borno","Biu","exchange_rate_unofficial","2025-09-01","1539.32","1561.55","1497.29","1497.29","NGN"
"","Nigeria","Borno","Bolori Stores","exchange_rate_unofficial","2025-09-01","1539.32","1561.55","1497.29","1497.29","NGN"
"","Nigeria","Borno","Budum","exchange_rate_unofficial","2025-09-01","1539.32","1561.55","1497.29","1497.29","NGN"
"","Nigeria","Borno","Bullunkutu","exchange_rate_unofficial","2025-09-01","1539.32","1561.55","1497.29","1497.29","NGN"
"","Nigeria","Borno","Custom","exchange_rate_unofficial","2025-09-01","1539.32","1561.55","1497.29","1497.29","NGN"
"","Nigeria","Borno","Damassack (CBM)","exchange_rate_unofficial","2025-09-01","1539.32","1561.55","1497.29","1497.29","NGN"
"","Nigeria","Borno","Damboa","exchange_rate_unofficial","2025-09-01","1539.32","1561.55","1497.29","1497.29","NGN"
"","Nigeria","Borno","Dikwa Central","exchange_rate_unofficial","2025-09-01","1539.32","1561.55","1497.29","1497.29","NGN"
"","Nigeria","Borno","Gajiram","exchange_rate_unofficial","2025-09-01","1539.32","1561.55","1497.29","1497.29","NGN"
"","Nigeria","Borno","Gamboru","exchange_rate_unofficial","2025-09-01","1539.32","1561.55","1497.29","1497.29","NGN"
"","Nigeria","Borno","Gwoza Central","exchange_rate_unofficial","2025-09-01","1539.32","1561.55","1497.29","1497.29","NGN"
"","Nigeria","Borno","Kashuwan Shanu","exchange_rate_unofficial","2025-09-01","1539.32","1561.55","1497.29","1497.29","NGN"
"","Nigeria","Borno","Konduga","exchange_rate_unofficial","2025-09-01","1539.32","1561.55","1497.29","1497.29","NGN"
"","Nigeria","Borno","Kusawam Shanu","exchange_rate_unofficial","2025-09-01","1539.32","1561.55","1497.29","1497.29","NGN"
"","Nigeria","Borno","Mafa","exchange_rate_unofficial","2025-09-01","1539.32","1561.55","1497.29","1497.29","NGN"
"","Nigeria","Borno","Magumeri Central","exchange_rate_unofficial","2025-09-01","1539.32","1561.55","1497.29","1497.29","NGN"
"","Nigeria","Borno","Maiduguri","exchange_rate_unofficial","2025-09-01","1539.32","1561.55","1497.29","1497.29","NGN"
"","Nigeria","Borno","Monday","exchange_rate_unofficial","2025-09-01","1539.32","1561.55","1497.29","1497.29","NGN"
"","Nigeria","Borno","Monguno","exchange_rate_unofficial","2025-09-01","1539.32","1561.55","1497.29","1497.29","NGN"
"","Nigeria","Borno","Ngala","exchange_rate_unofficial","2025-09-01","1539.32","1561.55","1497.29","1497.29","NGN"
"","Nigeria","Borno","Pulka","exchange_rate_unofficial","2025-09-01","1539.32","1561.55","1497.29","1497.29","NGN"
"","Nigeria","Borno","Rann","exchange_rate_unofficial","2025-09-01","1539.32","1561.55","1497.29","1497.29","NGN"
"","Nigeria","Borno","Shani Main Market","exchange_rate_unofficial","2025-09-01","1539.32","1561.55","1497.29","1497.29","NGN"
"","Nigeria","Borno","Tashan Bama","exchange_rate_unofficial","2025-09-01","1539.32","1561.55","1497.29","1497.29","NGN"
"","Nigeria","Geopolitical Zone","North Central","exchange_rate_unofficial","2025-09-01","1539.32","1561.55","1497.29","1497.29","NGN"
"","Nigeria","Geopolitical Zone","North West","exchange_rate_unofficial","2025-09-01","1539.32","1561.55","1497.29","1497.29","NGN"
"","Nigeria","Geopolitical Zone","South East","exchange_rate_unofficial","2025-09-01","1539.32","1561.55","1497.29","1497.29","NGN"
"","Nigeria","Geopolitical Zone","South South","exchange_rate_unofficial","2025-09-01","1539.32","1561.55","1497.29","1497.29","NGN"
"","Nigeria","Geopolitical Zone","South West","exchange_rate_unofficial","2025-09-01","1539.32","1561.55","1497.29","1497.29","NGN"
"","Nigeria","Gombe","Gombe","exchange_rate_unofficial","2025-09-01","1539.32","1561.55","1497.29","1497.29","NGN"
"","Nigeria","Jigawa","Gujungu","exchange_rate_unofficial","2025-09-01","1539.32","1561.55","1497.29","1497.29","NGN"
"","Nigeria","Kaduna","Giwa","exchange_rate_unofficial","2025-09-01","1539.32","1561.55","1497.29","1497.29","NGN"
"","Nigeria","Kaduna","Saminaka","exchange_rate_unofficial","2025-09-01","1539.32","1561.55","1497.29","1497.29","NGN"
"","Nigeria","Kano","Dawanau","exchange_rate_unofficial","2025-09-01","1539.32","1561.55","1497.29","1497.29","NGN"
"","Nigeria","Kano State (1)","Kano","exchange_rate_unofficial","2025-09-01","1539.32","1561.55","1497.29","1497.29","NGN"
"","Nigeria","Katsina","Dandume","exchange_rate_unofficial","2025-09-01","1539.32","1561.55","1497.29","1497.29","NGN"
"","Nigeria","Katsina","Mai Adoua (CBM)","exchange_rate_unofficial","2025-09-01","1539.32","1561.55","1497.29","1497.29","NGN"
"","Nigeria","Kebbi","Gwandu","exchange_rate_unofficial","2025-09-01","1539.32","1561.55","1497.29","1497.29","NGN"
"","Nigeria","Lagos","Lagos","exchange_rate_unofficial","2025-09-01","1539.32","1561.55","1497.29","1497.29","NGN"
"","Nigeria","Market Average","Market Average","exchange_rate_unofficial","2025-09-01","1539.32","1561.55","1497.29","1497.29","NGN"
"","Nigeria","National Average","Abuja","exchange_rate_unofficial","2025-09-01","1539.32","1561.55","1497.29","1497.29","NGN"
"","Nigeria","Oyo","Ibadan","exchange_rate_unofficial","2025-09-01","1539.32","1561.55","1497.29","1497.29","NGN"
"","Nigeria","Sokoto","Illela (CBM)","exchange_rate_unofficial","2025-09-01","1539.32","1561.55","1497.29","1497.29","NGN"
"","Nigeria","Yobe","Bade (Gashua)","exchange_rate_unofficial","2025-09-01","1539.32","1561.55","1497.29","1497.29","NGN"
"","Nigeria","Yobe","Bayantasha","exchange_rate_unofficial","2025-09-01","1539.32","1561.55","1497.29","1497.29","NGN"
"","Nigeria","Yobe","Biriri","exchange_rate_unofficial","2025-09-01","1539.32","1561.55","1497.29","1497.29","NGN"
"","Nigeria","Yobe","Bursari","exchange_rate_unofficial","2025-09-01","1539.32","1561.55","1497.29","1497.29","NGN"
"","Nigeria","Yobe","Damagum","exchange_rate_unofficial","2025-09-01","1539.32","1561.55","1497.29","1497.29","NGN"
"","Nigeria","Yobe","Damaturu","exchange_rate_unofficial","2025-09-01","1539.32","1561.55","1497.29","1497.29","NGN"
"","Nigeria","Yobe","Damaturu (Sunday Market)","exchange_rate_unofficial","2025-09-01","1539.32","1561.55","1497.29","1497.29","NGN"
"","Nigeria","Yobe","Geidam","exchange_rate_unofficial","2025-09-01","1539.32","1561.55","1497.29","1497.29","NGN"
"","Nigeria","Yobe","Gujba (Buni Yadi)","exchange_rate_unofficial","2025-09-01","1539.32","1561.55","1497.29","1497.29","NGN"
"","Nigeria","Yobe","Gulani (Tettaba)","exchange_rate_unofficial","2025-09-01","1539.32","1561.55","1497.29","1497.29","NGN"
"","Nigeria","Yobe","Jakusko","exchange_rate_unofficial","2025-09-01","1539.32","1561.55","1497.29","1497.29","NGN"
"","Nigeria","Yobe","Machina Central","exchange_rate_unofficial","2025-09-01","1539.32","1561.55","1497.29","1497.29","NGN"
"","Nigeria","Yobe","Nangere","exchange_rate_unofficial","2025-09-01","1539.32","1561.55","1497.29","1497.29","NGN"
"","Nigeria","Yobe","Ngelzarma","exchange_rate_unofficial","2025-09-01","1539.32","1561.55","1497.29","1497.29","NGN"
"","Nigeria","Yobe","Nguru","exchange_rate_unofficial","2025-09-01","1539.32","1561.55","1497.29","1497.29","NGN"
"","Nigeria","Yobe","Potiskum","exchange_rate_unofficial","2025-09-01","1539.32","1561.55","1497.29","1497.29","NGN"
"","Nigeria","Yobe","Yunusari","exchange_rate_unofficial","2025-09-01","1539.32","1561.55","1497.29","1497.29","NGN"
"","Nigeria","Yobe","Yusufari","exchange_rate_unofficial","2025-09-01","1539.32","1561.55","1497.29","1497.29","NGN"
"","Nigeria","Zamfara","Kaura Namoda","exchange_rate_unofficial","2025-09-01","1539.32","1561.55","1497.29","1497.29","NGN"
"","Nigeria","Abia","Aba","exchange_rate_unofficial","2025-10-01","1494.39","1515.98","1459.04","1459.04","NGN"
"","Nigeria","Adamawa","Gombi","exchange_rate_unofficial","2025-10-01","1494.39","1515.98","1459.04","1459.04","NGN"
"","Nigeria","Adamawa","Jimeta Grain","exchange_rate_unofficial","2025-10-01","1494.39","1515.98","1459.04","1459.04","NGN"
"","Nigeria","Adamawa","Madagali","exchange_rate_unofficial","2025-10-01","1494.39","1515.98","1459.04","1459.04","NGN"
"","Nigeria","Adamawa","Michika","exchange_rate_unofficial","2025-10-01","1494.39","1515.98","1459.04","1459.04","NGN"
"","Nigeria","Adamawa","Mubi","exchange_rate_unofficial","2025-10-01","1494.39","1515.98","1459.04","1459.04","NGN"
"","Nigeria","Adamawa","Mubi North","exchange_rate_unofficial","2025-10-01","1494.39","1515.98","1459.04","1459.04","NGN"
"","Nigeria","Adamawa","Ngalang","exchange_rate_unofficial","2025-10-01","1494.39","1515.98","1459.04","1459.04","NGN"
"","Nigeria","Borno","Abba Gamaram","exchange_rate_unofficial","2025-10-01","1494.39","1515.98","1459.04","1459.04","NGN"
"","Nigeria","Borno","Baga Road","exchange_rate_unofficial","2025-10-01","1494.39","1515.98","1459.04","1459.04","NGN"
"","Nigeria","Borno","Bama","exchange_rate_unofficial","2025-10-01","1494.39","1515.98","1459.04","1459.04","NGN"
"","Nigeria","Borno","Banki","exchange_rate_unofficial","2025-10-01","1494.39","1515.98","1459.04","1459.04","NGN"
"","Nigeria","Borno","Biu","exchange_rate_unofficial","2025-10-01","1494.39","1515.98","1459.04","1459.04","NGN"
"","Nigeria","Borno","Bolori Stores","exchange_rate_unofficial","2025-10-01","1494.39","1515.98","1459.04","1459.04","NGN"
"","Nigeria","Borno","Budum","exchange_rate_unofficial","2025-10-01","1494.39","1515.98","1459.04","1459.04","NGN"
"","Nigeria","Borno","Bullunkutu","exchange_rate_unofficial","2025-10-01","1494.39","1515.98","1459.04","1459.04","NGN"
"","Nigeria","Borno","Custom","exchange_rate_unofficial","2025-10-01","1494.39","1515.98","1459.04","1459.04","NGN"
"","Nigeria","Borno","Damassack (CBM)","exchange_rate_unofficial","2025-10-01","1494.39","1515.98","1459.04","1459.04","NGN"
"","Nigeria","Borno","Damboa","exchange_rate_unofficial","2025-10-01","1494.39","1515.98","1459.04","1459.04","NGN"
"","Nigeria","Borno","Dikwa Central","exchange_rate_unofficial","2025-10-01","1494.39","1515.98","1459.04","1459.04","NGN"
"","Nigeria","Borno","Gajiram","exchange_rate_unofficial","2025-10-01","1494.39","1515.98","1459.04","1459.04","NGN"
"","Nigeria","Borno","Gamboru","exchange_rate_unofficial","2025-10-01","1494.39","1515.98","1459.04","1459.04","NGN"
"","Nigeria","Borno","Gwoza Central","exchange_rate_unofficial","2025-10-01","1494.39","1515.98","1459.04","1459.04","NGN"
"","Nigeria","Borno","Kashuwan Shanu","exchange_rate_unofficial","2025-10-01","1494.39","1515.98","1459.04","1459.04","NGN"
"","Nigeria","Borno","Konduga","exchange_rate_unofficial","2025-10-01","1494.39","1515.98","1459.04","1459.04","NGN"
"","Nigeria","Borno","Kusawam Shanu","exchange_rate_unofficial","2025-10-01","1494.39","1515.98","1459.04","1459.04","NGN"
"","Nigeria","Borno","Mafa","exchange_rate_unofficial","2025-10-01","1494.39","1515.98","1459.04","1459.04","NGN"
"","Nigeria","Borno","Magumeri Central","exchange_rate_unofficial","2025-10-01","1494.39","1515.98","1459.04","1459.04","NGN"
"","Nigeria","Borno","Maiduguri","exchange_rate_unofficial","2025-10-01","1494.39","1515.98","1459.04","1459.04","NGN"
"","Nigeria","Borno","Monday","exchange_rate_unofficial","2025-10-01","1494.39","1515.98","1459.04","1459.04","NGN"
"","Nigeria","Borno","Monguno","exchange_rate_unofficial","2025-10-01","1494.39","1515.98","1459.04","1459.04","NGN"
"","Nigeria","Borno","Ngala","exchange_rate_unofficial","2025-10-01","1494.39","1515.98","1459.04","1459.04","NGN"
"","Nigeria","Borno","Pulka","exchange_rate_unofficial","2025-10-01","1494.39","1515.98","1459.04","1459.04","NGN"
"","Nigeria","Borno","Rann","exchange_rate_unofficial","2025-10-01","1494.39","1515.98","1459.04","1459.04","NGN"
"","Nigeria","Borno","Shani Main Market","exchange_rate_unofficial","2025-10-01","1494.39","1515.98","1459.04","1459.04","NGN"
"","Nigeria","Borno","Tashan Bama","exchange_rate_unofficial","2025-10-01","1494.39","1515.98","1459.04","1459.04","NGN"
"","Nigeria","Geopolitical Zone","North Central","exchange_rate_unofficial","2025-10-01","1494.39","1515.98","1459.04","1459.04","NGN"
"","Nigeria","Geopolitical Zone","North West","exchange_rate_unofficial","2025-10-01","1494.39","1515.98","1459.04","1459.04","NGN"
"","Nigeria","Geopolitical Zone","South East","exchange_rate_unofficial","2025-10-01","1494.39","1515.98","1459.04","1459.04","NGN"
"","Nigeria","Geopolitical Zone","South South","exchange_rate_unofficial","2025-10-01","1494.39","1515.98","1459.04","1459.04","NGN"
"","Nigeria","Geopolitical Zone","South West","exchange_rate_unofficial","2025-10-01","1494.39","1515.98","1459.04","1459.04","NGN"
"","Nigeria","Gombe","Gombe","exchange_rate_unofficial","2025-10-01","1494.39","1515.98","1459.04","1459.04","NGN"
"","Nigeria","Jigawa","Gujungu","exchange_rate_unofficial","2025-10-01","1494.39","1515.98","1459.04","1459.04","NGN"
"","Nigeria","Kaduna","Giwa","exchange_rate_unofficial","2025-10-01","1494.39","1515.98","1459.04","1459.04","NGN"
"","Nigeria","Kaduna","Saminaka","exchange_rate_unofficial","2025-10-01","1494.39","1515.98","1459.04","1459.04","NGN"
"","Nigeria","Kano","Dawanau","exchange_rate_unofficial","2025-10-01","1494.39","1515.98","1459.04","1459.04","NGN"
"","Nigeria","Kano State (1)","Kano","exchange_rate_unofficial","2025-10-01","1494.39","1515.98","1459.04","1459.04","NGN"
"","Nigeria","Katsina","Dandume","exchange_rate_unofficial","2025-10-01","1494.39","1515.98","1459.04","1459.04","NGN"
"","Nigeria","Katsina","Mai Adoua (CBM)","exchange_rate_unofficial","2025-10-01","1494.39","1515.98","1459.04","1459.04","NGN"
"","Nigeria","Kebbi","Gwandu","exchange_rate_unofficial","2025-10-01","1494.39","1515.98","1459.04","1459.04","NGN"
"","Nigeria","Lagos","Lagos","exchange_rate_unofficial","2025-10-01","1494.39","1515.98","1459.04","1459.04","NGN"
"","Nigeria","Market Average","Market Average","exchange_rate_unofficial","2025-10-01","1494.39","1515.98","1459.04","1459.04","NGN"
"","Nigeria","National Average","Abuja","exchange_rate_unofficial","2025-10-01","1494.39","1515.98","1459.04","1459.04","NGN"
"","Nigeria","Oyo","Ibadan","exchange_rate_unofficial","2025-10-01","1494.39","1515.98","1459.04","1459.04","NGN"
"","Nigeria","Sokoto","Illela (CBM)","exchange_rate_unofficial","2025-10-01","1494.39","1515.98","1459.04","1459.04","NGN"
"","Nigeria","Yobe","Bade (Gashua)","exchange_rate_unofficial","2025-10-01","1494.39","1515.98","1459.04","1459.04","NGN"
"","Nigeria","Yobe","Bayantasha","exchange_rate_unofficial","2025-10-01","1494.39","1515.98","1459.04","1459.04","NGN"
"","Nigeria","Yobe","Biriri","exchange_rate_unofficial","2025-10-01","1494.39","1515.98","1459.04","1459.04","NGN"
"","Nigeria","Yobe","Bursari","exchange_rate_unofficial","2025-10-01","1494.39","1515.98","1459.04","1459.04","NGN"
"","Nigeria","Yobe","Damagum","exchange_rate_unofficial","2025-10-01","1494.39","1515.98","1459.04","1459.04","NGN"
"","Nigeria","Yobe","Damaturu","exchange_rate_unofficial","2025-10-01","1494.39","1515.98","1459.04","1459.04","NGN"
"","Nigeria","Yobe","Damaturu (Sunday Market)","exchange_rate_unofficial","2025-10-01","1494.39","1515.98","1459.04","1459.04","NGN"
"","Nigeria","Yobe","Geidam","exchange_rate_unofficial","2025-10-01","1494.39","1515.98","1459.04","1459.04","NGN"
"","Nigeria","Yobe","Gujba (Buni Yadi)","exchange_rate_unofficial","2025-10-01","1494.39","1515.98","1459.04","1459.04","NGN"
"","Nigeria","Yobe","Gulani (Tettaba)","exchange_rate_unofficial","2025-10-01","1494.39","1515.98","1459.04","1459.04","NGN"
"","Nigeria","Yobe","Jakusko","exchange_rate_unofficial","2025-10-01","1494.39","1515.98","1459.04","1459.04","NGN"
"","Nigeria","Yobe","Machina Central","exchange_rate_unofficial","2025-10-01","1494.39","1515.98","1459.04","1459.04","NGN"
"","Nigeria","Yobe","Nangere","exchange_rate_unofficial","2025-10-01","1494.39","1515.98","1459.04","1459.04","NGN"
"","Nigeria","Yobe","Ngelzarma","exchange_rate_unofficial","2025-10-01","1494.39","1515.98","1459.04","1459.04","NGN"
"","Nigeria","Yobe","Nguru","exchange_rate_unofficial","2025-10-01","1494.39","1515.98","1459.04","1459.04","NGN"
"","Nigeria","Yobe","Potiskum","exchange_rate_unofficial","2025-10-01","1494.39","1515.98","1459.04","1459.04","NGN"
"","Nigeria","Yobe","Yunusari","exchange_rate_unofficial","2025-10-01","1494.39","1515.98","1459.04","1459.04","NGN"
"","Nigeria","Yobe","Yusufari","exchange_rate_unofficial","2025-10-01","1494.39","1515.98","1459.04","1459.04","NGN"
"","Nigeria","Zamfara","Kaura Namoda","exchange_rate_unofficial","2025-10-01","1494.39","1515.98","1459.04","1459.04","NGN"
"","Nigeria","Abia","Aba","exchange_rate_unofficial","2025-11-01","1454.22","1474.86","1433.58","1443.35","NGN"
"","Nigeria","Adamawa","Gombi","exchange_rate_unofficial","2025-11-01","1454.22","1474.86","1433.58","1443.35","NGN"
"","Nigeria","Adamawa","Jimeta Grain","exchange_rate_unofficial","2025-11-01","1454.22","1474.86","1433.58","1443.35","NGN"
"","Nigeria","Adamawa","Madagali","exchange_rate_unofficial","2025-11-01","1454.22","1474.86","1433.58","1443.35","NGN"
"","Nigeria","Adamawa","Michika","exchange_rate_unofficial","2025-11-01","1454.22","1474.86","1433.58","1443.35","NGN"
"","Nigeria","Adamawa","Mubi","exchange_rate_unofficial","2025-11-01","1454.22","1474.86","1433.58","1443.35","NGN"
"","Nigeria","Adamawa","Mubi North","exchange_rate_unofficial","2025-11-01","1454.22","1474.86","1433.58","1443.35","NGN"
"","Nigeria","Adamawa","Ngalang","exchange_rate_unofficial","2025-11-01","1454.22","1474.86","1433.58","1443.35","NGN"
"","Nigeria","Borno","Abba Gamaram","exchange_rate_unofficial","2025-11-01","1454.22","1474.86","1433.58","1443.35","NGN"
"","Nigeria","Borno","Baga Road","exchange_rate_unofficial","2025-11-01","1454.22","1474.86","1433.58","1443.35","NGN"
"","Nigeria","Borno","Bama","exchange_rate_unofficial","2025-11-01","1454.22","1474.86","1433.58","1443.35","NGN"
"","Nigeria","Borno","Banki","exchange_rate_unofficial","2025-11-01","1454.22","1474.86","1433.58","1443.35","NGN"
"","Nigeria","Borno","Biu","exchange_rate_unofficial","2025-11-01","1454.22","1474.86","1433.58","1443.35","NGN"
"","Nigeria","Borno","Bolori Stores","exchange_rate_unofficial","2025-11-01","1454.22","1474.86","1433.58","1443.35","NGN"
"","Nigeria","Borno","Budum","exchange_rate_unofficial","2025-11-01","1454.22","1474.86","1433.58","1443.35","NGN"
"","Nigeria","Borno","Bullunkutu","exchange_rate_unofficial","2025-11-01","1454.22","1474.86","1433.58","1443.35","NGN"
"","Nigeria","Borno","Custom","exchange_rate_unofficial","2025-11-01","1454.22","1474.86","1433.58","1443.35","NGN"
"","Nigeria","Borno","Damassack (CBM)","exchange_rate_unofficial","2025-11-01","1454.22","1474.86","1433.58","1443.35","NGN"
"","Nigeria","Borno","Damboa","exchange_rate_unofficial","2025-11-01","1454.22","1474.86","1433.58","1443.35","NGN"
"","Nigeria","Borno","Dikwa Central","exchange_rate_unofficial","2025-11-01","1454.22","1474.86","1433.58","1443.35","NGN"
"","Nigeria","Borno","Gajiram","exchange_rate_unofficial","2025-11-01","1454.22","1474.86","1433.58","1443.35","NGN"
"","Nigeria","Borno","Gamboru","exchange_rate_unofficial","2025-11-01","1454.22","1474.86","1433.58","1443.35","NGN"
"","Nigeria","Borno","Gwoza Central","exchange_rate_unofficial","2025-11-01","1454.22","1474.86","1433.58","1443.35","NGN"
"","Nigeria","Borno","Kashuwan Shanu","exchange_rate_unofficial","2025-11-01","1454.22","1474.86","1433.58","1443.35","NGN"
"","Nigeria","Borno","Konduga","exchange_rate_unofficial","2025-11-01","1454.22","1474.86","1433.58","1443.35","NGN"
"","Nigeria","Borno","Kusawam Shanu","exchange_rate_unofficial","2025-11-01","1454.22","1474.86","1433.58","1443.35","NGN"
"","Nigeria","Borno","Mafa","exchange_rate_unofficial","2025-11-01","1454.22","1474.86","1433.58","1443.35","NGN"
"","Nigeria","Borno","Magumeri Central","exchange_rate_unofficial","2025-11-01","1454.22","1474.86","1433.58","1443.35","NGN"
"","Nigeria","Borno","Maiduguri","exchange_rate_unofficial","2025-11-01","1454.22","1474.86","1433.58","1443.35","NGN"
"","Nigeria","Borno","Monday","exchange_rate_unofficial","2025-11-01","1454.22","1474.86","1433.58","1443.35","NGN"
"","Nigeria","Borno","Monguno","exchange_rate_unofficial","2025-11-01","1454.22","1474.86","1433.58","1443.35","NGN"
"","Nigeria","Borno","Ngala","exchange_rate_unofficial","2025-11-01","1454.22","1474.86","1433.58","1443.35","NGN"
"","Nigeria","Borno","Pulka","exchange_rate_unofficial","2025-11-01","1454.22","1474.86","1433.58","1443.35","NGN"
"","Nigeria","Borno","Rann","exchange_rate_unofficial","2025-11-01","1454.22","1474.86","1433.58","1443.35","NGN"
"","Nigeria","Borno","Shani Main Market","exchange_rate_unofficial","2025-11-01","1454.22","1474.86","1433.58","1443.35","NGN"
"","Nigeria","Borno","Tashan Bama","exchange_rate_unofficial","2025-11-01","1454.22","1474.86","1433.58","1443.35","NGN"
"","Nigeria","Geopolitical Zone","North Central","exchange_rate_unofficial","2025-11-01","1454.22","1474.86","1433.58","1443.35","NGN"
"","Nigeria","Geopolitical Zone","North West","exchange_rate_unofficial","2025-11-01","1454.22","1474.86","1433.58","1443.35","NGN"
"","Nigeria","Geopolitical Zone","South East","exchange_rate_unofficial","2025-11-01","1454.22","1474.86","1433.58","1443.35","NGN"
"","Nigeria","Geopolitical Zone","South South","exchange_rate_unofficial","2025-11-01","1454.22","1474.86","1433.58","1443.35","NGN"
"","Nigeria","Geopolitical Zone","South West","exchange_rate_unofficial","2025-11-01","1454.22","1474.86","1433.58","1443.35","NGN"
"","Nigeria","Gombe","Gombe","exchange_rate_unofficial","2025-11-01","1454.22","1474.86","1433.58","1443.35","NGN"
"","Nigeria","Jigawa","Gujungu","exchange_rate_unofficial","2025-11-01","1454.22","1474.86","1433.58","1443.35","NGN"
"","Nigeria","Kaduna","Giwa","exchange_rate_unofficial","2025-11-01","1454.22","1474.86","1433.58","1443.35","NGN"
"","Nigeria","Kaduna","Saminaka","exchange_rate_unofficial","2025-11-01","1454.22","1474.86","1433.58","1443.35","NGN"
"","Nigeria","Kano","Dawanau","exchange_rate_unofficial","2025-11-01","1454.22","1474.86","1433.58","1443.35","NGN"
"","Nigeria","Kano State (1)","Kano","exchange_rate_unofficial","2025-11-01","1454.22","1474.86","1433.58","1443.35","NGN"
"","Nigeria","Katsina","Dandume","exchange_rate_unofficial","2025-11-01","1454.22","1474.86","1433.58","1443.35","NGN"
"","Nigeria","Katsina","Mai Adoua (CBM)","exchange_rate_unofficial","2025-11-01","1454.22","1474.86","1433.58","1443.35","NGN"
"","Nigeria","Kebbi","Gwandu","exchange_rate_unofficial","2025-11-01","1454.22","1474.86","1433.58","1443.35","NGN"
"","Nigeria","Lagos","Lagos","exchange_rate_unofficial","2025-11-01","1454.22","1474.86","1433.58","1443.35","NGN"
"","Nigeria","Market Average","Market Average","exchange_rate_unofficial","2025-11-01","1454.22","1474.86","1433.58","1443.35","NGN"
"","Nigeria","National Average","Abuja","exchange_rate_unofficial","2025-11-01","1454.22","1474.86","1433.58","1443.35","NGN"
"","Nigeria","Oyo","Ibadan","exchange_rate_unofficial","2025-11-01","1454.22","1474.86","1433.58","1443.35","NGN"
"","Nigeria","Sokoto","Illela (CBM)","exchange_rate_unofficial","2025-11-01","1454.22","1474.86","1433.58","1443.35","NGN"
"","Nigeria","Yobe","Bade (Gashua)","exchange_rate_unofficial","2025-11-01","1454.22","1474.86","1433.58","1443.35","NGN"
"","Nigeria","Yobe","Bayantasha","exchange_rate_unofficial","2025-11-01","1454.22","1474.86","1433.58","1443.35","NGN"
"","Nigeria","Yobe","Biriri","exchange_rate_unofficial","2025-11-01","1454.22","1474.86","1433.58","1443.35","NGN"
"","Nigeria","Yobe","Bursari","exchange_rate_unofficial","2025-11-01","1454.22","1474.86","1433.58","1443.35","NGN"
"","Nigeria","Yobe","Damagum","exchange_rate_unofficial","2025-11-01","1454.22","1474.86","1433.58","1443.35","NGN"
"","Nigeria","Yobe","Damaturu","exchange_rate_unofficial","2025-11-01","1454.22","1474.86","1433.58","1443.35","NGN"
"","Nigeria","Yobe","Damaturu (Sunday Market)","exchange_rate_unofficial","2025-11-01","1454.22","1474.86","1433.58","1443.35","NGN"
"","Nigeria","Yobe","Geidam","exchange_rate_unofficial","2025-11-01","1454.22","1474.86","1433.58","1443.35","NGN"
"","Nigeria","Yobe","Gujba (Buni Yadi)","exchange_rate_unofficial","2025-11-01","1454.22","1474.86","1433.58","1443.35","NGN"
"","Nigeria","Yobe","Gulani (Tettaba)","exchange_rate_unofficial","2025-11-01","1454.22","1474.86","1433.58","1443.35","NGN"
"","Nigeria","Yobe","Jakusko","exchange_rate_unofficial","2025-11-01","1454.22","1474.86","1433.58","1443.35","NGN"
"","Nigeria","Yobe","Machina Central","exchange_rate_unofficial","2025-11-01","1454.22","1474.86","1433.58","1443.35","NGN"
"","Nigeria","Yobe","Nangere","exchange_rate_unofficial","2025-11-01","1454.22","1474.86","1433.58","1443.35","NGN"
"","Nigeria","Yobe","Ngelzarma","exchange_rate_unofficial","2025-11-01","1454.22","1474.86","1433.58","1443.35","NGN"
"","Nigeria","Yobe","Nguru","exchange_rate_unofficial","2025-11-01","1454.22","1474.86","1433.58","1443.35","NGN"
"","Nigeria","Yobe","Potiskum","exchange_rate_unofficial","2025-11-01","1454.22","1474.86","1433.58","1443.35","NGN"
"","Nigeria","Yobe","Yunusari","exchange_rate_unofficial","2025-11-01","1454.22","1474.86","1433.58","1443.35","NGN"
"","Nigeria","Yobe","Yusufari","exchange_rate_unofficial","2025-11-01","1454.22","1474.86","1433.58","1443.35","NGN"
"","Nigeria","Zamfara","Kaura Namoda","exchange_rate_unofficial","2025-11-01","1454.22","1474.86","1433.58","1443.35","NGN"
"","Nigeria","Abia","Aba","exchange_rate_unofficial","2025-12-01","1449.68","1468.92","1430.45","1450.35","NGN"
"","Nigeria","Adamawa","Gombi","exchange_rate_unofficial","2025-12-01","1449.68","1468.92","1430.45","1450.35","NGN"
"","Nigeria","Adamawa","Jimeta Grain","exchange_rate_unofficial","2025-12-01","1449.68","1468.92","1430.45","1450.35","NGN"
"","Nigeria","Adamawa","Madagali","exchange_rate_unofficial","2025-12-01","1449.68","1468.92","1430.45","1450.35","NGN"
"","Nigeria","Adamawa","Michika","exchange_rate_unofficial","2025-12-01","1449.68","1468.92","1430.45","1450.35","NGN"
"","Nigeria","Adamawa","Mubi","exchange_rate_unofficial","2025-12-01","1449.68","1468.92","1430.45","1450.35","NGN"
"","Nigeria","Adamawa","Mubi North","exchange_rate_unofficial","2025-12-01","1449.68","1468.92","1430.45","1450.35","NGN"
"","Nigeria","Adamawa","Ngalang","exchange_rate_unofficial","2025-12-01","1449.68","1468.92","1430.45","1450.35","NGN"
"","Nigeria","Borno","Abba Gamaram","exchange_rate_unofficial","2025-12-01","1449.68","1468.92","1430.45","1450.35","NGN"
"","Nigeria","Borno","Baga Road","exchange_rate_unofficial","2025-12-01","1449.68","1468.92","1430.45","1450.35","NGN"
"","Nigeria","Borno","Bama","exchange_rate_unofficial","2025-12-01","1449.68","1468.92","1430.45","1450.35","NGN"
"","Nigeria","Borno","Banki","exchange_rate_unofficial","2025-12-01","1449.68","1468.92","1430.45","1450.35","NGN"
"","Nigeria","Borno","Biu","exchange_rate_unofficial","2025-12-01","1449.68","1468.92","1430.45","1450.35","NGN"
"","Nigeria","Borno","Bolori Stores","exchange_rate_unofficial","2025-12-01","1449.68","1468.92","1430.45","1450.35","NGN"
"","Nigeria","Borno","Budum","exchange_rate_unofficial","2025-12-01","1449.68","1468.92","1430.45","1450.35","NGN"
"","Nigeria","Borno","Bullunkutu","exchange_rate_unofficial","2025-12-01","1449.68","1468.92","1430.45","1450.35","NGN"
"","Nigeria","Borno","Custom","exchange_rate_unofficial","2025-12-01","1449.68","1468.92","1430.45","1450.35","NGN"
"","Nigeria","Borno","Damassack (CBM)","exchange_rate_unofficial","2025-12-01","1449.68","1468.92","1430.45","1450.35","NGN"
"","Nigeria","Borno","Damboa","exchange_rate_unofficial","2025-12-01","1449.68","1468.92","1430.45","1450.35","NGN"
"","Nigeria","Borno","Dikwa Central","exchange_rate_unofficial","2025-12-01","1449.68","1468.92","1430.45","1450.35","NGN"
"","Nigeria","Borno","Gajiram","exchange_rate_unofficial","2025-12-01","1449.68","1468.92","1430.45","1450.35","NGN"
"","Nigeria","Borno","Gamboru","exchange_rate_unofficial","2025-12-01","1449.68","1468.92","1430.45","1450.35","NGN"
"","Nigeria","Borno","Gwoza Central","exchange_rate_unofficial","2025-12-01","1449.68","1468.92","1430.45","1450.35","NGN"
"","Nigeria","Borno","Kashuwan Shanu","exchange_rate_unofficial","2025-12-01","1449.68","1468.92","1430.45","1450.35","NGN"
"","Nigeria","Borno","Konduga","exchange_rate_unofficial","2025-12-01","1449.68","1468.92","1430.45","1450.35","NGN"
"","Nigeria","Borno","Kusawam Shanu","exchange_rate_unofficial","2025-12-01","1449.68","1468.92","1430.45","1450.35","NGN"
"","Nigeria","Borno","Mafa","exchange_rate_unofficial","2025-12-01","1449.68","1468.92","1430.45","1450.35","NGN"
"","Nigeria","Borno","Magumeri Central","exchange_rate_unofficial","2025-12-01","1449.68","1468.92","1430.45","1450.35","NGN"
"","Nigeria","Borno","Maiduguri","exchange_rate_unofficial","2025-12-01","1449.68","1468.92","1430.45","1450.35","NGN"
"","Nigeria","Borno","Monday","exchange_rate_unofficial","2025-12-01","1449.68","1468.92","1430.45","1450.35","NGN"
"","Nigeria","Borno","Monguno","exchange_rate_unofficial","2025-12-01","1449.68","1468.92","1430.45","1450.35","NGN"
"","Nigeria","Borno","Ngala","exchange_rate_unofficial","2025-12-01","1449.68","1468.92","1430.45","1450.35","NGN"
"","Nigeria","Borno","Pulka","exchange_rate_unofficial","2025-12-01","1449.68","1468.92","1430.45","1450.35","NGN"
"","Nigeria","Borno","Rann","exchange_rate_unofficial","2025-12-01","1449.68","1468.92","1430.45","1450.35","NGN"
"","Nigeria","Borno","Shani Main Market","exchange_rate_unofficial","2025-12-01","1449.68","1468.92","1430.45","1450.35","NGN"
"","Nigeria","Borno","Tashan Bama","exchange_rate_unofficial","2025-12-01","1449.68","1468.92","1430.45","1450.35","NGN"
"","Nigeria","Geopolitical Zone","North Central","exchange_rate_unofficial","2025-12-01","1449.68","1468.92","1430.45","1450.35","NGN"
"","Nigeria","Geopolitical Zone","North West","exchange_rate_unofficial","2025-12-01","1449.68","1468.92","1430.45","1450.35","NGN"
"","Nigeria","Geopolitical Zone","South East","exchange_rate_unofficial","2025-12-01","1449.68","1468.92","1430.45","1450.35","NGN"
"","Nigeria","Geopolitical Zone","South South","exchange_rate_unofficial","2025-12-01","1449.68","1468.92","1430.45","1450.35","NGN"
"","Nigeria","Geopolitical Zone","South West","exchange_rate_unofficial","2025-12-01","1449.68","1468.92","1430.45","1450.35","NGN"
"","Nigeria","Gombe","Gombe","exchange_rate_unofficial","2025-12-01","1449.68","1468.92","1430.45","1450.35","NGN"
"","Nigeria","Jigawa","Gujungu","exchange_rate_unofficial","2025-12-01","1449.68","1468.92","1430.45","1450.35","NGN"
"","Nigeria","Kaduna","Giwa","exchange_rate_unofficial","2025-12-01","1449.68","1468.92","1430.45","1450.35","NGN"
"","Nigeria","Kaduna","Saminaka","exchange_rate_unofficial","2025-12-01","1449.68","1468.92","1430.45","1450.35","NGN"
"","Nigeria","Kano","Dawanau","exchange_rate_unofficial","2025-12-01","1449.68","1468.92","1430.45","1450.35","NGN"
"","Nigeria","Kano State (1)","Kano","exchange_rate_unofficial","2025-12-01","1449.68","1468.92","1430.45","1450.35","NGN"
"","Nigeria","Katsina","Dandume","exchange_rate_unofficial","2025-12-01","1449.68","1468.92","1430.45","1450.35","NGN"
"","Nigeria","Katsina","Mai Adoua (CBM)","exchange_rate_unofficial","2025-12-01","1449.68","1468.92","1430.45","1450.35","NGN"
"","Nigeria","Kebbi","Gwandu","exchange_rate_unofficial","2025-12-01","1449.68","1468.92","1430.45","1450.35","NGN"
"","Nigeria","Lagos","Lagos","exchange_rate_unofficial","2025-12-01","1449.68","1468.92","1430.45","1450.35","NGN"
"","Nigeria","Market Average","Market Average","exchange_rate_unofficial","2025-12-01","1449.68","1468.92","1430.45","1450.35","NGN"
"","Nigeria","National Average","Abuja","exchange_rate_unofficial","2025-12-01","1449.68","1468.92","1430.45","1450.35","NGN"
"","Nigeria","Oyo","Ibadan","exchange_rate_unofficial","2025-12-01","1449.68","1468.92","1430.45","1450.35","NGN"
"","Nigeria","Sokoto","Illela (CBM)","exchange_rate_unofficial","2025-12-01","1449.68","1468.92","1430.45","1450.35","NGN"
"","Nigeria","Yobe","Bade (Gashua)","exchange_rate_unofficial","2025-12-01","1449.68","1468.92","1430.45","1450.35","NGN"
"","Nigeria","Yobe","Bayantasha","exchange_rate_unofficial","2025-12-01","1449.68","1468.92","1430.45","1450.35","NGN"
"","Nigeria","Yobe","Biriri","exchange_rate_unofficial","2025-12-01","1449.68","1468.92","1430.45","1450.35","NGN"
"","Nigeria","Yobe","Bursari","exchange_rate_unofficial","2025-12-01","1449.68","1468.92","1430.45","1450.35","NGN"
"","Nigeria","Yobe","Damagum","exchange_rate_unofficial","2025-12-01","1449.68","1468.92","1430.45","1450.35","NGN"
"","Nigeria","Yobe","Damaturu","exchange_rate_unofficial","2025-12-01","1449.68","1468.92","1430.45","1450.35","NGN"
"","Nigeria","Yobe","Damaturu (Sunday Market)","exchange_rate_unofficial","2025-12-01","1449.68","1468.92","1430.45","1450.35","NGN"
"","Nigeria","Yobe","Geidam","exchange_rate_unofficial","2025-12-01","1449.68","1468.92","1430.45","1450.35","NGN"
"","Nigeria","Yobe","Gujba (Buni Yadi)","exchange_rate_unofficial","2025-12-01","1449.68","1468.92","1430.45","1450.35","NGN"
"","Nigeria","Yobe","Gulani (Tettaba)","exchange_rate_unofficial","2025-12-01","1449.68","1468.92","1430.45","1450.35","NGN"
"","Nigeria","Yobe","Jakusko","exchange_rate_unofficial","2025-12-01","1449.68","1468.92","1430.45","1450.35","NGN"
"","Nigeria","Yobe","Machina Central","exchange_rate_unofficial","2025-12-01","1449.68","1468.92","1430.45","1450.35","NGN"
"","Nigeria","Yobe","Nangere","exchange_rate_unofficial","2025-12-01","1449.68","1468.92","1430.45","1450.35","NGN"
"","Nigeria","Yobe","Ngelzarma","exchange_rate_unofficial","2025-12-01","1449.68","1468.92","1430.45","1450.35","NGN"
"","Nigeria","Yobe","Nguru","exchange_rate_unofficial","2025-12-01","1449.68","1468.92","1430.45","1450.35","NGN"
"","Nigeria","Yobe","Potiskum","exchange_rate_unofficial","2025-12-01","1449.68","1468.92","1430.45","1450.35","NGN"
"","Nigeria","Yobe","Yunusari","exchange_rate_unofficial","2025-12-01","1449.68","1468.92","1430.45","1450.35","NGN"
"","Nigeria","Yobe","Yusufari","exchange_rate_unofficial","2025-12-01","1449.68","1468.92","1430.45","1450.35","NGN"
"","Nigeria","Zamfara","Kaura Namoda","exchange_rate_unofficial","2025-12-01","1449.68","1468.92","1430.45","1450.35","NGN"
"","Nigeria","Abia","Aba","exchange_rate_unofficial","2026-01-01","1456.6","1474.75","1416.02","1416.02","NGN"
"","Nigeria","Adamawa","Gombi","exchange_rate_unofficial","2026-01-01","1456.6","1474.75","1416.02","1416.02","NGN"
"","Nigeria","Adamawa","Jimeta Grain","exchange_rate_unofficial","2026-01-01","1456.6","1474.75","1416.02","1416.02","NGN"
"","Nigeria","Adamawa","Madagali","exchange_rate_unofficial","2026-01-01","1456.6","1474.75","1416.02","1416.02","NGN"
"","Nigeria","Adamawa","Michika","exchange_rate_unofficial","2026-01-01","1456.6","1474.75","1416.02","1416.02","NGN"
"","Nigeria","Adamawa","Mubi","exchange_rate_unofficial","2026-01-01","1456.6","1474.75","1416.02","1416.02","NGN"
"","Nigeria","Adamawa","Mubi North","exchange_rate_unofficial","2026-01-01","1456.6","1474.75","1416.02","1416.02","NGN"
"","Nigeria","Adamawa","Ngalang","exchange_rate_unofficial","2026-01-01","1456.6","1474.75","1416.02","1416.02","NGN"
"","Nigeria","Borno","Abba Gamaram","exchange_rate_unofficial","2026-01-01","1456.6","1474.75","1416.02","1416.02","NGN"
"","Nigeria","Borno","Baga Road","exchange_rate_unofficial","2026-01-01","1456.6","1474.75","1416.02","1416.02","NGN"
"","Nigeria","Borno","Bama","exchange_rate_unofficial","2026-01-01","1456.6","1474.75","1416.02","1416.02","NGN"
"","Nigeria","Borno","Banki","exchange_rate_unofficial","2026-01-01","1456.6","1474.75","1416.02","1416.02","NGN"
"","Nigeria","Borno","Biu","exchange_rate_unofficial","2026-01-01","1456.6","1474.75","1416.02","1416.02","NGN"
"","Nigeria","Borno","Bolori Stores","exchange_rate_unofficial","2026-01-01","1456.6","1474.75","1416.02","1416.02","NGN"
"","Nigeria","Borno","Budum","exchange_rate_unofficial","2026-01-01","1456.6","1474.75","1416.02","1416.02","NGN"
"","Nigeria","Borno","Bullunkutu","exchange_rate_unofficial","2026-01-01","1456.6","1474.75","1416.02","1416.02","NGN"
"","Nigeria","Borno","Custom","exchange_rate_unofficial","2026-01-01","1456.6","1474.75","1416.02","1416.02","NGN"
"","Nigeria","Borno","Damassack (CBM)","exchange_rate_unofficial","2026-01-01","1456.6","1474.75","1416.02","1416.02","NGN"
"","Nigeria","Borno","Damboa","exchange_rate_unofficial","2026-01-01","1456.6","1474.75","1416.02","1416.02","NGN"
"","Nigeria","Borno","Dikwa Central","exchange_rate_unofficial","2026-01-01","1456.6","1474.75","1416.02","1416.02","NGN"
"","Nigeria","Borno","Gajiram","exchange_rate_unofficial","2026-01-01","1456.6","1474.75","1416.02","1416.02","NGN"
"","Nigeria","Borno","Gamboru","exchange_rate_unofficial","2026-01-01","1456.6","1474.75","1416.02","1416.02","NGN"
"","Nigeria","Borno","Gwoza Central","exchange_rate_unofficial","2026-01-01","1456.6","1474.75","1416.02","1416.02","NGN"
"","Nigeria","Borno","Kashuwan Shanu","exchange_rate_unofficial","2026-01-01","1456.6","1474.75","1416.02","1416.02","NGN"
"","Nigeria","Borno","Konduga","exchange_rate_unofficial","2026-01-01","1456.6","1474.75","1416.02","1416.02","NGN"
"","Nigeria","Borno","Kusawam Shanu","exchange_rate_unofficial","2026-01-01","1456.6","1474.75","1416.02","1416.02","NGN"
"","Nigeria","Borno","Mafa","exchange_rate_unofficial","2026-01-01","1456.6","1474.75","1416.02","1416.02","NGN"
"","Nigeria","Borno","Magumeri Central","exchange_rate_unofficial","2026-01-01","1456.6","1474.75","1416.02","1416.02","NGN"
"","Nigeria","Borno","Maiduguri","exchange_rate_unofficial","2026-01-01","1456.6","1474.75","1416.02","1416.02","NGN"
"","Nigeria","Borno","Monday","exchange_rate_unofficial","2026-01-01","1456.6","1474.75","1416.02","1416.02","NGN"
"","Nigeria","Borno","Monguno","exchange_rate_unofficial","2026-01-01","1456.6","1474.75","1416.02","1416.02","NGN"
"","Nigeria","Borno","Ngala","exchange_rate_unofficial","2026-01-01","1456.6","1474.75","1416.02","1416.02","NGN"
"","Nigeria","Borno","Pulka","exchange_rate_unofficial","2026-01-01","1456.6","1474.75","1416.02","1416.02","NGN"
"","Nigeria","Borno","Rann","exchange_rate_unofficial","2026-01-01","1456.6","1474.75","1416.02","1416.02","NGN"
"","Nigeria","Borno","Shani Main Market","exchange_rate_unofficial","2026-01-01","1456.6","1474.75","1416.02","1416.02","NGN"
"","Nigeria","Borno","Tashan Bama","exchange_rate_unofficial","2026-01-01","1456.6","1474.75","1416.02","1416.02","NGN"
"","Nigeria","Geopolitical Zone","North Central","exchange_rate_unofficial","2026-01-01","1456.6","1474.75","1416.02","1416.02","NGN"
"","Nigeria","Geopolitical Zone","North West","exchange_rate_unofficial","2026-01-01","1456.6","1474.75","1416.02","1416.02","NGN"
"","Nigeria","Geopolitical Zone","South East","exchange_rate_unofficial","2026-01-01","1456.6","1474.75","1416.02","1416.02","NGN"
"","Nigeria","Geopolitical Zone","South South","exchange_rate_unofficial","2026-01-01","1456.6","1474.75","1416.02","1416.02","NGN"
"","Nigeria","Geopolitical Zone","South West","exchange_rate_unofficial","2026-01-01","1456.6","1474.75","1416.02","1416.02","NGN"
"","Nigeria","Gombe","Gombe","exchange_rate_unofficial","2026-01-01","1456.6","1474.75","1416.02","1416.02","NGN"
"","Nigeria","Jigawa","Gujungu","exchange_rate_unofficial","2026-01-01","1456.6","1474.75","1416.02","1416.02","NGN"
"","Nigeria","Kaduna","Giwa","exchange_rate_unofficial","2026-01-01","1456.6","1474.75","1416.02","1416.02","NGN"
"","Nigeria","Kaduna","Saminaka","exchange_rate_unofficial","2026-01-01","1456.6","1474.75","1416.02","1416.02","NGN"
"","Nigeria","Kano","Dawanau","exchange_rate_unofficial","2026-01-01","1456.6","1474.75","1416.02","1416.02","NGN"
"","Nigeria","Kano State (1)","Kano","exchange_rate_unofficial","2026-01-01","1456.6","1474.75","1416.02","1416.02","NGN"
"","Nigeria","Katsina","Dandume","exchange_rate_unofficial","2026-01-01","1456.6","1474.75","1416.02","1416.02","NGN"
"","Nigeria","Katsina","Mai Adoua (CBM)","exchange_rate_unofficial","2026-01-01","1456.6","1474.75","1416.02","1416.02","NGN"
"","Nigeria","Kebbi","Gwandu","exchange_rate_unofficial","2026-01-01","1456.6","1474.75","1416.02","1416.02","NGN"
"","Nigeria","Lagos","Lagos","exchange_rate_unofficial","2026-01-01","1456.6","1474.75","1416.02","1416.02","NGN"
"","Nigeria","Market Average","Market Average","exchange_rate_unofficial","2026-01-01","1456.6","1474.75","1416.02","1416.02","NGN"
"","Nigeria","National Average","Abuja","exchange_rate_unofficial","2026-01-01","1456.6","1474.75","1416.02","1416.02","NGN"
"","Nigeria","Oyo","Ibadan","exchange_rate_unofficial","2026-01-01","1456.6","1474.75","1416.02","1416.02","NGN"
"","Nigeria","Sokoto","Illela (CBM)","exchange_rate_unofficial","2026-01-01","1456.6","1474.75","1416.02","1416.02","NGN"
"","Nigeria","Yobe","Bade (Gashua)","exchange_rate_unofficial","2026-01-01","1456.6","1474.75","1416.02","1416.02","NGN"
"","Nigeria","Yobe","Bayantasha","exchange_rate_unofficial","2026-01-01","1456.6","1474.75","1416.02","1416.02","NGN"
"","Nigeria","Yobe","Biriri","exchange_rate_unofficial","2026-01-01","1456.6","1474.75","1416.02","1416.02","NGN"
"","Nigeria","Yobe","Bursari","exchange_rate_unofficial","2026-01-01","1456.6","1474.75","1416.02","1416.02","NGN"
"","Nigeria","Yobe","Damagum","exchange_rate_unofficial","2026-01-01","1456.6","1474.75","1416.02","1416.02","NGN"
"","Nigeria","Yobe","Damaturu","exchange_rate_unofficial","2026-01-01","1456.6","1474.75","1416.02","1416.02","NGN"
"","Nigeria","Yobe","Damaturu (Sunday Market)","exchange_rate_unofficial","2026-01-01","1456.6","1474.75","1416.02","1416.02","NGN"
"","Nigeria","Yobe","Geidam","exchange_rate_unofficial","2026-01-01","1456.6","1474.75","1416.02","1416.02","NGN"
"","Nigeria","Yobe","Gujba (Buni Yadi)","exchange_rate_unofficial","2026-01-01","1456.6","1474.75","1416.02","1416.02","NGN"
"","Nigeria","Yobe","Gulani (Tettaba)","exchange_rate_unofficial","2026-01-01","1456.6","1474.75","1416.02","1416.02","NGN"
"","Nigeria","Yobe","Jakusko","exchange_rate_unofficial","2026-01-01","1456.6","1474.75","1416.02","1416.02","NGN"
"","Nigeria","Yobe","Machina Central","exchange_rate_unofficial","2026-01-01","1456.6","1474.75","1416.02","1416.02","NGN"
"","Nigeria","Yobe","Nangere","exchange_rate_unofficial","2026-01-01","1456.6","1474.75","1416.02","1416.02","NGN"
"","Nigeria","Yobe","Ngelzarma","exchange_rate_unofficial","2026-01-01","1456.6","1474.75","1416.02","1416.02","NGN"
"","Nigeria","Yobe","Nguru","exchange_rate_unofficial","2026-01-01","1456.6","1474.75","1416.02","1416.02","NGN"
"","Nigeria","Yobe","Potiskum","exchange_rate_unofficial","2026-01-01","1456.6","1474.75","1416.02","1416.02","NGN"
"","Nigeria","Yobe","Yunusari","exchange_rate_unofficial","2026-01-01","1456.6","1474.75","1416.02","1416.02","NGN"
"","Nigeria","Yobe","Yusufari","exchange_rate_unofficial","2026-01-01","1456.6","1474.75","1416.02","1416.02","NGN"
"","Nigeria","Zamfara","Kaura Namoda","exchange_rate_unofficial","2026-01-01","1456.6","1474.75","1416.02","1416.02","NGN"
"","Nigeria","Abia","Aba","exchange_rate_unofficial","2026-02-01","1412.66","1430.77","1355.03","1355.03","NGN"
"","Nigeria","Adamawa","Gombi","exchange_rate_unofficial","2026-02-01","1412.66","1430.77","1355.03","1355.03","NGN"
"","Nigeria","Adamawa","Jimeta Grain","exchange_rate_unofficial","2026-02-01","1412.66","1430.77","1355.03","1355.03","NGN"
"","Nigeria","Adamawa","Madagali","exchange_rate_unofficial","2026-02-01","1412.66","1430.77","1355.03","1355.03","NGN"
"","Nigeria","Adamawa","Michika","exchange_rate_unofficial","2026-02-01","1412.66","1430.77","1355.03","1355.03","NGN"
"","Nigeria","Adamawa","Mubi","exchange_rate_unofficial","2026-02-01","1412.66","1430.77","1355.03","1355.03","NGN"
"","Nigeria","Adamawa","Mubi North","exchange_rate_unofficial","2026-02-01","1412.66","1430.77","1355.03","1355.03","NGN"
"","Nigeria","Adamawa","Ngalang","exchange_rate_unofficial","2026-02-01","1412.66","1430.77","1355.03","1355.03","NGN"
"","Nigeria","Borno","Abba Gamaram","exchange_rate_unofficial","2026-02-01","1412.66","1430.77","1355.03","1355.03","NGN"
"","Nigeria","Borno","Baga Road","exchange_rate_unofficial","2026-02-01","1412.66","1430.77","1355.03","1355.03","NGN"
"","Nigeria","Borno","Bama","exchange_rate_unofficial","2026-02-01","1412.66","1430.77","1355.03","1355.03","NGN"
"","Nigeria","Borno","Banki","exchange_rate_unofficial","2026-02-01","1412.66","1430.77","1355.03","1355.03","NGN"
"","Nigeria","Borno","Biu","exchange_rate_unofficial","2026-02-01","1412.66","1430.77","1355.03","1355.03","NGN"
"","Nigeria","Borno","Bolori Stores","exchange_rate_unofficial","2026-02-01","1412.66","1430.77","1355.03","1355.03","NGN"
"","Nigeria","Borno","Budum","exchange_rate_unofficial","2026-02-01","1412.66","1430.77","1355.03","1355.03","NGN"
"","Nigeria","Borno","Bullunkutu","exchange_rate_unofficial","2026-02-01","1412.66","1430.77","1355.03","1355.03","NGN"
"","Nigeria","Borno","Custom","exchange_rate_unofficial","2026-02-01","1412.66","1430.77","1355.03","1355.03","NGN"
"","Nigeria","Borno","Damassack (CBM)","exchange_rate_unofficial","2026-02-01","1412.66","1430.77","1355.03","1355.03","NGN"
"","Nigeria","Borno","Damboa","exchange_rate_unofficial","2026-02-01","1412.66","1430.77","1355.03","1355.03","NGN"
"","Nigeria","Borno","Dikwa Central","exchange_rate_unofficial","2026-02-01","1412.66","1430.77","1355.03","1355.03","NGN"
"","Nigeria","Borno","Gajiram","exchange_rate_unofficial","2026-02-01","1412.66","1430.77","1355.03","1355.03","NGN"
"","Nigeria","Borno","Gamboru","exchange_rate_unofficial","2026-02-01","1412.66","1430.77","1355.03","1355.03","NGN"
"","Nigeria","Borno","Gwoza Central","exchange_rate_unofficial","2026-02-01","1412.66","1430.77","1355.03","1355.03","NGN"
"","Nigeria","Borno","Kashuwan Shanu","exchange_rate_unofficial","2026-02-01","1412.66","1430.77","1355.03","1355.03","NGN"
"","Nigeria","Borno","Konduga","exchange_rate_unofficial","2026-02-01","1412.66","1430.77","1355.03","1355.03","NGN"
"","Nigeria","Borno","Kusawam Shanu","exchange_rate_unofficial","2026-02-01","1412.66","1430.77","1355.03","1355.03","NGN"
"","Nigeria","Borno","Mafa","exchange_rate_unofficial","2026-02-01","1412.66","1430.77","1355.03","1355.03","NGN"
"","Nigeria","Borno","Magumeri Central","exchange_rate_unofficial","2026-02-01","1412.66","1430.77","1355.03","1355.03","NGN"
"","Nigeria","Borno","Maiduguri","exchange_rate_unofficial","2026-02-01","1412.66","1430.77","1355.03","1355.03","NGN"
"","Nigeria","Borno","Monday","exchange_rate_unofficial","2026-02-01","1412.66","1430.77","1355.03","1355.03","NGN"
"","Nigeria","Borno","Monguno","exchange_rate_unofficial","2026-02-01","1412.66","1430.77","1355.03","1355.03","NGN"
"","Nigeria","Borno","Ngala","exchange_rate_unofficial","2026-02-01","1412.66","1430.77","1355.03","1355.03","NGN"
"","Nigeria","Borno","Pulka","exchange_rate_unofficial","2026-02-01","1412.66","1430.77","1355.03","1355.03","NGN"
"","Nigeria","Borno","Rann","exchange_rate_unofficial","2026-02-01","1412.66","1430.77","1355.03","1355.03","NGN"
"","Nigeria","Borno","Shani Main Market","exchange_rate_unofficial","2026-02-01","1412.66","1430.77","1355.03","1355.03","NGN"
"","Nigeria","Borno","Tashan Bama","exchange_rate_unofficial","2026-02-01","1412.66","1430.77","1355.03","1355.03","NGN"
"","Nigeria","Geopolitical Zone","North Central","exchange_rate_unofficial","2026-02-01","1412.66","1430.77","1355.03","1355.03","NGN"
"","Nigeria","Geopolitical Zone","North West","exchange_rate_unofficial","2026-02-01","1412.66","1430.77","1355.03","1355.03","NGN"
"","Nigeria","Geopolitical Zone","South East","exchange_rate_unofficial","2026-02-01","1412.66","1430.77","1355.03","1355.03","NGN"
"","Nigeria","Geopolitical Zone","South South","exchange_rate_unofficial","2026-02-01","1412.66","1430.77","1355.03","1355.03","NGN"
"","Nigeria","Geopolitical Zone","South West","exchange_rate_unofficial","2026-02-01","1412.66","1430.77","1355.03","1355.03","NGN"
"","Nigeria","Gombe","Gombe","exchange_rate_unofficial","2026-02-01","1412.66","1430.77","1355.03","1355.03","NGN"
"","Nigeria","Jigawa","Gujungu","exchange_rate_unofficial","2026-02-01","1412.66","1430.77","1355.03","1355.03","NGN"
"","Nigeria","Kaduna","Giwa","exchange_rate_unofficial","2026-02-01","1412.66","1430.77","1355.03","1355.03","NGN"
"","Nigeria","Kaduna","Saminaka","exchange_rate_unofficial","2026-02-01","1412.66","1430.77","1355.03","1355.03","NGN"
"","Nigeria","Kano","Dawanau","exchange_rate_unofficial","2026-02-01","1412.66","1430.77","1355.03","1355.03","NGN"
"","Nigeria","Kano State (1)","Kano","exchange_rate_unofficial","2026-02-01","1412.66","1430.77","1355.03","1355.03","NGN"
"","Nigeria","Katsina","Dandume","exchange_rate_unofficial","2026-02-01","1412.66","1430.77","1355.03","1355.03","NGN"
"","Nigeria","Katsina","Mai Adoua (CBM)","exchange_rate_unofficial","2026-02-01","1412.66","1430.77","1355.03","1355.03","NGN"
"","Nigeria","Kebbi","Gwandu","exchange_rate_unofficial","2026-02-01","1412.66","1430.77","1355.03","1355.03","NGN"
"","Nigeria","Lagos","Lagos","exchange_rate_unofficial","2026-02-01","1412.66","1430.77","1355.03","1355.03","NGN"
"","Nigeria","Market Average","Market Average","exchange_rate_unofficial","2026-02-01","1412.66","1430.77","1355.03","1355.03","NGN"
"","Nigeria","National Average","Abuja","exchange_rate_unofficial","2026-02-01","1412.66","1430.77","1355.03","1355.03","NGN"
"","Nigeria","Oyo","Ibadan","exchange_rate_unofficial","2026-02-01","1412.66","1430.77","1355.03","1355.03","NGN"
"","Nigeria","Sokoto","Illela (CBM)","exchange_rate_unofficial","2026-02-01","1412.66","1430.77","1355.03","1355.03","NGN"
"","Nigeria","Yobe","Bade (Gashua)","exchange_rate_unofficial","2026-02-01","1412.66","1430.77","1355.03","1355.03","NGN"
"","Nigeria","Yobe","Bayantasha","exchange_rate_unofficial","2026-02-01","1412.66","1430.77","1355.03","1355.03","NGN"
"","Nigeria","Yobe","Biriri","exchange_rate_unofficial","2026-02-01","1412.66","1430.77","1355.03","1355.03","NGN"
"","Nigeria","Yobe","Bursari","exchange_rate_unofficial","2026-02-01","1412.66","1430.77","1355.03","1355.03","NGN"
"","Nigeria","Yobe","Damagum","exchange_rate_unofficial","2026-02-01","1412.66","1430.77","1355.03","1355.03","NGN"
"","Nigeria","Yobe","Damaturu","exchange_rate_unofficial","2026-02-01","1412.66","1430.77","1355.03","1355.03","NGN"
"","Nigeria","Yobe","Damaturu (Sunday Market)","exchange_rate_unofficial","2026-02-01","1412.66","1430.77","1355.03","1355.03","NGN"
"","Nigeria","Yobe","Geidam","exchange_rate_unofficial","2026-02-01","1412.66","1430.77","1355.03","1355.03","NGN"
"","Nigeria","Yobe","Gujba (Buni Yadi)","exchange_rate_unofficial","2026-02-01","1412.66","1430.77","1355.03","1355.03","NGN"
"","Nigeria","Yobe","Gulani (Tettaba)","exchange_rate_unofficial","2026-02-01","1412.66","1430.77","1355.03","1355.03","NGN"
"","Nigeria","Yobe","Jakusko","exchange_rate_unofficial","2026-02-01","1412.66","1430.77","1355.03","1355.03","NGN"
"","Nigeria","Yobe","Machina Central","exchange_rate_unofficial","2026-02-01","1412.66","1430.77","1355.03","1355.03","NGN"
"","Nigeria","Yobe","Nangere","exchange_rate_unofficial","2026-02-01","1412.66","1430.77","1355.03","1355.03","NGN"
"","Nigeria","Yobe","Ngelzarma","exchange_rate_unofficial","2026-02-01","1412.66","1430.77","1355.03","1355.03","NGN"
"","Nigeria","Yobe","Nguru","exchange_rate_unofficial","2026-02-01","1412.66","1430.77","1355.03","1355.03","NGN"
"","Nigeria","Yobe","Potiskum","exchange_rate_unofficial","2026-02-01","1412.66","1430.77","1355.03","1355.03","NGN"
"","Nigeria","Yobe","Yunusari","exchange_rate_unofficial","2026-02-01","1412.66","1430.77","1355.03","1355.03","NGN"
"","Nigeria","Yobe","Yusufari","exchange_rate_unofficial","2026-02-01","1412.66","1430.77","1355.03","1355.03","NGN"
"","Nigeria","Zamfara","Kaura Namoda","exchange_rate_unofficial","2026-02-01","1412.66","1430.77","1355.03","1355.03","NGN"
"","Nigeria","Abia","Aba","exchange_rate_unofficial","2026-03-01","1343.43","1378.82","1324.4","1378.82","NGN"
"","Nigeria","Adamawa","Gombi","exchange_rate_unofficial","2026-03-01","1343.43","1378.82","1324.4","1378.82","NGN"
"","Nigeria","Adamawa","Jimeta Grain","exchange_rate_unofficial","2026-03-01","1343.43","1378.82","1324.4","1378.82","NGN"
"","Nigeria","Adamawa","Madagali","exchange_rate_unofficial","2026-03-01","1343.43","1378.82","1324.4","1378.82","NGN"
"","Nigeria","Adamawa","Michika","exchange_rate_unofficial","2026-03-01","1343.43","1378.82","1324.4","1378.82","NGN"
"","Nigeria","Adamawa","Mubi","exchange_rate_unofficial","2026-03-01","1343.43","1378.82","1324.4","1378.82","NGN"
"","Nigeria","Adamawa","Mubi North","exchange_rate_unofficial","2026-03-01","1343.43","1378.82","1324.4","1378.82","NGN"
"","Nigeria","Adamawa","Ngalang","exchange_rate_unofficial","2026-03-01","1343.43","1378.82","1324.4","1378.82","NGN"
"","Nigeria","Borno","Abba Gamaram","exchange_rate_unofficial","2026-03-01","1343.43","1378.82","1324.4","1378.82","NGN"
"","Nigeria","Borno","Baga Road","exchange_rate_unofficial","2026-03-01","1343.43","1378.82","1324.4","1378.82","NGN"
"","Nigeria","Borno","Bama","exchange_rate_unofficial","2026-03-01","1343.43","1378.82","1324.4","1378.82","NGN"
"","Nigeria","Borno","Banki","exchange_rate_unofficial","2026-03-01","1343.43","1378.82","1324.4","1378.82","NGN"
"","Nigeria","Borno","Biu","exchange_rate_unofficial","2026-03-01","1343.43","1378.82","1324.4","1378.82","NGN"
"","Nigeria","Borno","Bolori Stores","exchange_rate_unofficial","2026-03-01","1343.43","1378.82","1324.4","1378.82","NGN"
"","Nigeria","Borno","Budum","exchange_rate_unofficial","2026-03-01","1343.43","1378.82","1324.4","1378.82","NGN"
"","Nigeria","Borno","Bullunkutu","exchange_rate_unofficial","2026-03-01","1343.43","1378.82","1324.4","1378.82","NGN"
"","Nigeria","Borno","Custom","exchange_rate_unofficial","2026-03-01","1343.43","1378.82","1324.4","1378.82","NGN"
"","Nigeria","Borno","Damassack (CBM)","exchange_rate_unofficial","2026-03-01","1343.43","1378.82","1324.4","1378.82","NGN"
"","Nigeria","Borno","Damboa","exchange_rate_unofficial","2026-03-01","1343.43","1378.82","1324.4","1378.82","NGN"
"","Nigeria","Borno","Dikwa Central","exchange_rate_unofficial","2026-03-01","1343.43","1378.82","1324.4","1378.82","NGN"
"","Nigeria","Borno","Gajiram","exchange_rate_unofficial","2026-03-01","1343.43","1378.82","1324.4","1378.82","NGN"
"","Nigeria","Borno","Gamboru","exchange_rate_unofficial","2026-03-01","1343.43","1378.82","1324.4","1378.82","NGN"
"","Nigeria","Borno","Gwoza Central","exchange_rate_unofficial","2026-03-01","1343.43","1378.82","1324.4","1378.82","NGN"
"","Nigeria","Borno","Kashuwan Shanu","exchange_rate_unofficial","2026-03-01","1343.43","1378.82","1324.4","1378.82","NGN"
"","Nigeria","Borno","Konduga","exchange_rate_unofficial","2026-03-01","1343.43","1378.82","1324.4","1378.82","NGN"
"","Nigeria","Borno","Kusawam Shanu","exchange_rate_unofficial","2026-03-01","1343.43","1378.82","1324.4","1378.82","NGN"
"","Nigeria","Borno","Mafa","exchange_rate_unofficial","2026-03-01","1343.43","1378.82","1324.4","1378.82","NGN"
"","Nigeria","Borno","Magumeri Central","exchange_rate_unofficial","2026-03-01","1343.43","1378.82","1324.4","1378.82","NGN"
"","Nigeria","Borno","Maiduguri","exchange_rate_unofficial","2026-03-01","1343.43","1378.82","1324.4","1378.82","NGN"
"","Nigeria","Borno","Monday","exchange_rate_unofficial","2026-03-01","1343.43","1378.82","1324.4","1378.82","NGN"
"","Nigeria","Borno","Monguno","exchange_rate_unofficial","2026-03-01","1343.43","1378.82","1324.4","1378.82","NGN"
"","Nigeria","Borno","Ngala","exchange_rate_unofficial","2026-03-01","1343.43","1378.82","1324.4","1378.82","NGN"
"","Nigeria","Borno","Pulka","exchange_rate_unofficial","2026-03-01","1343.43","1378.82","1324.4","1378.82","NGN"
"","Nigeria","Borno","Rann","exchange_rate_unofficial","2026-03-01","1343.43","1378.82","1324.4","1378.82","NGN"
"","Nigeria","Borno","Shani Main Market","exchange_rate_unofficial","2026-03-01","1343.43","1378.82","1324.4","1378.82","NGN"
"","Nigeria","Borno","Tashan Bama","exchange_rate_unofficial","2026-03-01","1343.43","1378.82","1324.4","1378.82","NGN"
"","Nigeria","Geopolitical Zone","North Central","exchange_rate_unofficial","2026-03-01","1343.43","1378.82","1324.4","1378.82","NGN"
"","Nigeria","Geopolitical Zone","North West","exchange_rate_unofficial","2026-03-01","1343.43","1378.82","1324.4","1378.82","NGN"
"","Nigeria","Geopolitical Zone","South East","exchange_rate_unofficial","2026-03-01","1343.43","1378.82","1324.4","1378.82","NGN"
"","Nigeria","Geopolitical Zone","South South","exchange_rate_unofficial","2026-03-01","1343.43","1378.82","1324.4","1378.82","NGN"
"","Nigeria","Geopolitical Zone","South West","exchange_rate_unofficial","2026-03-01","1343.43","1378.82","1324.4","1378.82","NGN"
"","Nigeria","Gombe","Gombe","exchange_rate_unofficial","2026-03-01","1343.43","1378.82","1324.4","1378.82","NGN"
"","Nigeria","Jigawa","Gujungu","exchange_rate_unofficial","2026-03-01","1343.43","1378.82","1324.4","1378.82","NGN"
"","Nigeria","Kaduna","Giwa","exchange_rate_unofficial","2026-03-01","1343.43","1378.82","1324.4","1378.82","NGN"
"","Nigeria","Kaduna","Saminaka","exchange_rate_unofficial","2026-03-01","1343.43","1378.82","1324.4","1378.82","NGN"
"","Nigeria","Kano","Dawanau","exchange_rate_unofficial","2026-03-01","1343.43","1378.82","1324.4","1378.82","NGN"
"","Nigeria","Kano State (1)","Kano","exchange_rate_unofficial","2026-03-01","1343.43","1378.82","1324.4","1378.82","NGN"
"","Nigeria","Katsina","Dandume","exchange_rate_unofficial","2026-03-01","1343.43","1378.82","1324.4","1378.82","NGN"
"","Nigeria","Katsina","Mai Adoua (CBM)","exchange_rate_unofficial","2026-03-01","1343.43","1378.82","1324.4","1378.82","NGN"
"","Nigeria","Kebbi","Gwandu","exchange_rate_unofficial","2026-03-01","1343.43","1378.82","1324.4","1378.82","NGN"
"","Nigeria","Lagos","Lagos","exchange_rate_unofficial","2026-03-01","1343.43","1378.82","1324.4","1378.82","NGN"
"","Nigeria","Market Average","Market Average","exchange_rate_unofficial","2026-03-01","1343.43","1378.82","1324.4","1378.82","NGN"
"","Nigeria","National Average","Abuja","exchange_rate_unofficial","2026-03-01","1343.43","1378.82","1324.4","1378.82","NGN"
"","Nigeria","Oyo","Ibadan","exchange_rate_unofficial","2026-03-01","1343.43","1378.82","1324.4","1378.82","NGN"
"","Nigeria","Sokoto","Illela (CBM)","exchange_rate_unofficial","2026-03-01","1343.43","1378.82","1324.4","1378.82","NGN"
"","Nigeria","Yobe","Bade (Gashua)","exchange_rate_unofficial","2026-03-01","1343.43","1378.82","1324.4","1378.82","NGN"
"","Nigeria","Yobe","Bayantasha","exchange_rate_unofficial","2026-03-01","1343.43","1378.82","1324.4","1378.82","NGN"
"","Nigeria","Yobe","Biriri","exchange_rate_unofficial","2026-03-01","1343.43","1378.82","1324.4","1378.82","NGN"
"","Nigeria","Yobe","Bursari","exchange_rate_unofficial","2026-03-01","1343.43","1378.82","1324.4","1378.82","NGN"
"","Nigeria","Yobe","Damagum","exchange_rate_unofficial","2026-03-01","1343.43","1378.82","1324.4","1378.82","NGN"
"","Nigeria","Yobe","Damaturu","exchange_rate_unofficial","2026-03-01","1343.43","1378.82","1324.4","1378.82","NGN"
"","Nigeria","Yobe","Damaturu (Sunday Market)","exchange_rate_unofficial","2026-03-01","1343.43","1378.82","1324.4","1378.82","NGN"
"","Nigeria","Yobe","Geidam","exchange_rate_unofficial","2026-03-01","1343.43","1378.82","1324.4","1378.82","NGN"
"","Nigeria","Yobe","Gujba (Buni Yadi)","exchange_rate_unofficial","2026-03-01","1343.43","1378.82","1324.4","1378.82","NGN"
"","Nigeria","Yobe","Gulani (Tettaba)","exchange_rate_unofficial","2026-03-01","1343.43","1378.82","1324.4","1378.82","NGN"
"","Nigeria","Yobe","Jakusko","exchange_rate_unofficial","2026-03-01","1343.43","1378.82","1324.4","1378.82","NGN"
"","Nigeria","Yobe","Machina Central","exchange_rate_unofficial","2026-03-01","1343.43","1378.82","1324.4","1378.82","NGN"
"","Nigeria","Yobe","Nangere","exchange_rate_unofficial","2026-03-01","1343.43","1378.82","1324.4","1378.82","NGN"
"","Nigeria","Yobe","Ngelzarma","exchange_rate_unofficial","2026-03-01","1343.43","1378.82","1324.4","1378.82","NGN"
"","Nigeria","Yobe","Nguru","exchange_rate_unofficial","2026-03-01","1343.43","1378.82","1324.4","1378.82","NGN"
"","Nigeria","Yobe","Potiskum","exchange_rate_unofficial","2026-03-01","1343.43","1378.82","1324.4","1378.82","NGN"
"","Nigeria","Yobe","Yunusari","exchange_rate_unofficial","2026-03-01","1343.43","1378.82","1324.4","1378.82","NGN"
"","Nigeria","Yobe","Yusufari","exchange_rate_unofficial","2026-03-01","1343.43","1378.82","1324.4","1378.82","NGN"
"","Nigeria","Zamfara","Kaura Namoda","exchange_rate_unofficial","2026-03-01","1343.43","1378.82","1324.4","1378.82","NGN"
"","Nigeria","Abia","Aba","exchange_rate_unofficial","2026-04-01","1399.72","1418.97","1363.98","1386.66","NGN"
"","Nigeria","Adamawa","Gombi","exchange_rate_unofficial","2026-04-01","1399.72","1418.97","1363.98","1386.66","NGN"
"","Nigeria","Adamawa","Jimeta Grain","exchange_rate_unofficial","2026-04-01","1399.72","1418.97","1363.98","1386.66","NGN"
"","Nigeria","Adamawa","Madagali","exchange_rate_unofficial","2026-04-01","1399.72","1418.97","1363.98","1386.66","NGN"
"","Nigeria","Adamawa","Michika","exchange_rate_unofficial","2026-04-01","1399.72","1418.97","1363.98","1386.66","NGN"
"","Nigeria","Adamawa","Mubi","exchange_rate_unofficial","2026-04-01","1399.72","1418.97","1363.98","1386.66","NGN"
"","Nigeria","Adamawa","Mubi North","exchange_rate_unofficial","2026-04-01","1399.72","1418.97","1363.98","1386.66","NGN"
"","Nigeria","Adamawa","Ngalang","exchange_rate_unofficial","2026-04-01","1399.72","1418.97","1363.98","1386.66","NGN"
"","Nigeria","Borno","Abba Gamaram","exchange_rate_unofficial","2026-04-01","1399.72","1418.97","1363.98","1386.66","NGN"
"","Nigeria","Borno","Baga Road","exchange_rate_unofficial","2026-04-01","1399.72","1418.97","1363.98","1386.66","NGN"
"","Nigeria","Borno","Bama","exchange_rate_unofficial","2026-04-01","1399.72","1418.97","1363.98","1386.66","NGN"
"","Nigeria","Borno","Banki","exchange_rate_unofficial","2026-04-01","1399.72","1418.97","1363.98","1386.66","NGN"
"","Nigeria","Borno","Biu","exchange_rate_unofficial","2026-04-01","1399.72","1418.97","1363.98","1386.66","NGN"
"","Nigeria","Borno","Bolori Stores","exchange_rate_unofficial","2026-04-01","1399.72","1418.97","1363.98","1386.66","NGN"
"","Nigeria","Borno","Budum","exchange_rate_unofficial","2026-04-01","1399.72","1418.97","1363.98","1386.66","NGN"
"","Nigeria","Borno","Bullunkutu","exchange_rate_unofficial","2026-04-01","1399.72","1418.97","1363.98","1386.66","NGN"
"","Nigeria","Borno","Custom","exchange_rate_unofficial","2026-04-01","1399.72","1418.97","1363.98","1386.66","NGN"
"","Nigeria","Borno","Damassack (CBM)","exchange_rate_unofficial","2026-04-01","1399.72","1418.97","1363.98","1386.66","NGN"
"","Nigeria","Borno","Damboa","exchange_rate_unofficial","2026-04-01","1399.72","1418.97","1363.98","1386.66","NGN"
"","Nigeria","Borno","Dikwa Central","exchange_rate_unofficial","2026-04-01","1399.72","1418.97","1363.98","1386.66","NGN"
"","Nigeria","Borno","Gajiram","exchange_rate_unofficial","2026-04-01","1399.72","1418.97","1363.98","1386.66","NGN"
"","Nigeria","Borno","Gamboru","exchange_rate_unofficial","2026-04-01","1399.72","1418.97","1363.98","1386.66","NGN"
"","Nigeria","Borno","Gwoza Central","exchange_rate_unofficial","2026-04-01","1399.72","1418.97","1363.98","1386.66","NGN"
"","Nigeria","Borno","Kashuwan Shanu","exchange_rate_unofficial","2026-04-01","1399.72","1418.97","1363.98","1386.66","NGN"
"","Nigeria","Borno","Konduga","exchange_rate_unofficial","2026-04-01","1399.72","1418.97","1363.98","1386.66","NGN"
"","Nigeria","Borno","Kusawam Shanu","exchange_rate_unofficial","2026-04-01","1399.72","1418.97","1363.98","1386.66","NGN"
"","Nigeria","Borno","Mafa","exchange_rate_unofficial","2026-04-01","1399.72","1418.97","1363.98","1386.66","NGN"
"","Nigeria","Borno","Magumeri Central","exchange_rate_unofficial","2026-04-01","1399.72","1418.97","1363.98","1386.66","NGN"
"","Nigeria","Borno","Maiduguri","exchange_rate_unofficial","2026-04-01","1399.72","1418.97","1363.98","1386.66","NGN"
"","Nigeria","Borno","Monday","exchange_rate_unofficial","2026-04-01","1399.72","1418.97","1363.98","1386.66","NGN"
"","Nigeria","Borno","Monguno","exchange_rate_unofficial","2026-04-01","1399.72","1418.97","1363.98","1386.66","NGN"
"","Nigeria","Borno","Ngala","exchange_rate_unofficial","2026-04-01","1399.72","1418.97","1363.98","1386.66","NGN"
"","Nigeria","Borno","Pulka","exchange_rate_unofficial","2026-04-01","1399.72","1418.97","1363.98","1386.66","NGN"
"","Nigeria","Borno","Rann","exchange_rate_unofficial","2026-04-01","1399.72","1418.97","1363.98","1386.66","NGN"
"","Nigeria","Borno","Shani Main Market","exchange_rate_unofficial","2026-04-01","1399.72","1418.97","1363.98","1386.66","NGN"
"","Nigeria","Borno","Tashan Bama","exchange_rate_unofficial","2026-04-01","1399.72","1418.97","1363.98","1386.66","NGN"
"","Nigeria","Geopolitical Zone","North Central","exchange_rate_unofficial","2026-04-01","1399.72","1418.97","1363.98","1386.66","NGN"
"","Nigeria","Geopolitical Zone","North West","exchange_rate_unofficial","2026-04-01","1399.72","1418.97","1363.98","1386.66","NGN"
"","Nigeria","Geopolitical Zone","South East","exchange_rate_unofficial","2026-04-01","1399.72","1418.97","1363.98","1386.66","NGN"
"","Nigeria","Geopolitical Zone","South South","exchange_rate_unofficial","2026-04-01","1399.72","1418.97","1363.98","1386.66","NGN"
"","Nigeria","Geopolitical Zone","South West","exchange_rate_unofficial","2026-04-01","1399.72","1418.97","1363.98","1386.66","NGN"
"","Nigeria","Gombe","Gombe","exchange_rate_unofficial","2026-04-01","1399.72","1418.97","1363.98","1386.66","NGN"
"","Nigeria","Jigawa","Gujungu","exchange_rate_unofficial","2026-04-01","1399.72","1418.97","1363.98","1386.66","NGN"
"","Nigeria","Kaduna","Giwa","exchange_rate_unofficial","2026-04-01","1399.72","1418.97","1363.98","1386.66","NGN"
"","Nigeria","Kaduna","Saminaka","exchange_rate_unofficial","2026-04-01","1399.72","1418.97","1363.98","1386.66","NGN"
"","Nigeria","Kano","Dawanau","exchange_rate_unofficial","2026-04-01","1399.72","1418.97","1363.98","1386.66","NGN"
"","Nigeria","Kano State (1)","Kano","exchange_rate_unofficial","2026-04-01","1399.72","1418.97","1363.98","1386.66","NGN"
"","Nigeria","Katsina","Dandume","exchange_rate_unofficial","2026-04-01","1399.72","1418.97","1363.98","1386.66","NGN"
"","Nigeria","Katsina","Mai Adoua (CBM)","exchange_rate_unofficial","2026-04-01","1399.72","1418.97","1363.98","1386.66","NGN"
"","Nigeria","Kebbi","Gwandu","exchange_rate_unofficial","2026-04-01","1399.72","1418.97","1363.98","1386.66","NGN"
"","Nigeria","Lagos","Lagos","exchange_rate_unofficial","2026-04-01","1399.72","1418.97","1363.98","1386.66","NGN"
"","Nigeria","Market Average","Market Average","exchange_rate_unofficial","2026-04-01","1399.72","1418.97","1363.98","1386.66","NGN"
"","Nigeria","National Average","Abuja","exchange_rate_unofficial","2026-04-01","1399.72","1418.97","1363.98","1386.66","NGN"
"","Nigeria","Oyo","Ibadan","exchange_rate_unofficial","2026-04-01","1399.72","1418.97","1363.98","1386.66","NGN"
"","Nigeria","Sokoto","Illela (CBM)","exchange_rate_unofficial","2026-04-01","1399.72","1418.97","1363.98","1386.66","NGN"
"","Nigeria","Yobe","Bade (Gashua)","exchange_rate_unofficial","2026-04-01","1399.72","1418.97","1363.98","1386.66","NGN"
"","Nigeria","Yobe","Bayantasha","exchange_rate_unofficial","2026-04-01","1399.72","1418.97","1363.98","1386.66","NGN"
"","Nigeria","Yobe","Biriri","exchange_rate_unofficial","2026-04-01","1399.72","1418.97","1363.98","1386.66","NGN"
"","Nigeria","Yobe","Bursari","exchange_rate_unofficial","2026-04-01","1399.72","1418.97","1363.98","1386.66","NGN"
"","Nigeria","Yobe","Damagum","exchange_rate_unofficial","2026-04-01","1399.72","1418.97","1363.98","1386.66","NGN"
"","Nigeria","Yobe","Damaturu","exchange_rate_unofficial","2026-04-01","1399.72","1418.97","1363.98","1386.66","NGN"
"","Nigeria","Yobe","Damaturu (Sunday Market)","exchange_rate_unofficial","2026-04-01","1399.72","1418.97","1363.98","1386.66","NGN"
"","Nigeria","Yobe","Geidam","exchange_rate_unofficial","2026-04-01","1399.72","1418.97","1363.98","1386.66","NGN"
"","Nigeria","Yobe","Gujba (Buni Yadi)","exchange_rate_unofficial","2026-04-01","1399.72","1418.97","1363.98","1386.66","NGN"
"","Nigeria","Yobe","Gulani (Tettaba)","exchange_rate_unofficial","2026-04-01","1399.72","1418.97","1363.98","1386.66","NGN"
"","Nigeria","Yobe","Jakusko","exchange_rate_unofficial","2026-04-01","1399.72","1418.97","1363.98","1386.66","NGN"
"","Nigeria","Yobe","Machina Central","exchange_rate_unofficial","2026-04-01","1399.72","1418.97","1363.98","1386.66","NGN"
"","Nigeria","Yobe","Nangere","exchange_rate_unofficial","2026-04-01","1399.72","1418.97","1363.98","1386.66","NGN"
"","Nigeria","Yobe","Ngelzarma","exchange_rate_unofficial","2026-04-01","1399.72","1418.97","1363.98","1386.66","NGN"
"","Nigeria","Yobe","Nguru","exchange_rate_unofficial","2026-04-01","1399.72","1418.97","1363.98","1386.66","NGN"
"","Nigeria","Yobe","Potiskum","exchange_rate_unofficial","2026-04-01","1399.72","1418.97","1363.98","1386.66","NGN"
"","Nigeria","Yobe","Yunusari","exchange_rate_unofficial","2026-04-01","1399.72","1418.97","1363.98","1386.66","NGN"
"","Nigeria","Yobe","Yusufari","exchange_rate_unofficial","2026-04-01","1399.72","1418.97","1363.98","1386.66","NGN"
"","Nigeria","Zamfara","Kaura Namoda","exchange_rate_unofficial","2026-04-01","1399.72","1418.97","1363.98","1386.66","NGN"