Date,xofficial,High,Low,Open,Volume
2021-01-01,380.70001220703125,380.70001220703125,380.70001220703125,380.70001220703125,0
2021-01-04,380.70001220703125,392.70452880859375,380.70001220703125,380.70001220703125,0
2021-01-05,374.0,392.7750549316406,374.0,380.70001220703125,0
2021-01-06,374.0,392.78973388671875,379.75,380.70001220703125,0
2021-01-07,374.0,392.39752197265625,380.70001220703125,380.70001220703125,0
2021-01-08,380.70001220703125,380.75,375.0,380.70001220703125,0
2021-01-11,393.8813781738281,395.4324035644531,374.0,380.70001220703125,0
2021-01-12,374.0,394.8971862792969,379.75,380.70001220703125,0
2021-01-13,375.0,380.70001220703125,379.75,380.70001220703125,0
2021-01-14,375.0,392.31951904296875,380.70001220703125,380.70001220703125,0
2021-01-15,375.0,392.3733215332031,380.70001220703125,380.70001220703125,0
2021-01-18,393.7083435058594,393.77679443359375,380.70001220703125,380.70001220703125,0
2021-01-19,380.70001220703125,380.75,375.0,380.70001220703125,0
2021-01-20,375.0,392.2706604003906,380.70001220703125,380.70001220703125,0
2021-01-21,374.0,392.1497497558594,380.70001220703125,380.70001220703125,0
2021-01-22,375.0,392.48388671875,380.70001220703125,380.70001220703125,0
2021-01-25,378.0,380.75,378.0,380.70001220703125,0
2021-01-26,378.0,392.1089172363281,376.0,380.70001220703125,0
2021-01-27,376.0,380.75,375.0,380.67999267578125,0
2021-01-28,376.0,394.690185546875,375.0,380.67999267578125,0
2021-01-29,375.0,380.70001220703125,374.0,380.70001220703125,0
2021-02-01,380.70001220703125,380.70001220703125,380.70001220703125,380.70001220703125,0
2021-02-02,375.0,380.75,380.25,380.70001220703125,0
2021-02-03,375.0,380.75,374.0,380.70001220703125,0
2021-02-04,376.0,380.75,374.0,380.70001220703125,0
2021-02-05,375.0,380.75,375.0,380.70001220703125,0
2021-02-08,376.0,380.75,375.0,380.70001220703125,0
2021-02-09,376.0,380.75,375.0,380.70001220703125,0
2021-02-10,376.0,380.75,375.0,380.70001220703125,0
2021-02-11,376.0,380.75,375.0,380.70001220703125,0
2021-02-12,375.0,380.70001220703125,375.0,380.70001220703125,0
2021-02-15,380.6499938964844,380.75,380.6499938964844,380.6499938964844,0
2021-02-16,380.6499938964844,380.75,380.6499938964844,380.6499938964844,0
2021-02-17,376.0,380.75,375.0,380.6499938964844,0
2021-02-18,376.0,380.6499938964844,375.0,380.6499938964844,0
2021-02-19,375.0,380.75,376.0,380.6000061035156,0
2021-02-22,376.0,380.75,376.0,380.6000061035156,0
2021-02-23,376.0,380.75,375.0,380.6000061035156,0
2021-02-24,375.0,380.75,375.0,380.6000061035156,0
2021-02-25,375.0,380.75,376.0,380.6000061035156,0
2021-02-26,380.5799865722656,380.75,380.5799865722656,380.5799865722656,0
2021-03-01,380.5799865722656,380.75,380.54998779296875,380.5799865722656,0
2021-03-02,376.0,380.54998779296875,380.5,380.5,0
2021-03-03,380.5,380.75,375.0,380.5,0
2021-03-04,380.5,411.1099853515625,380.5,380.5,0
2021-03-05,379.5,380.6300048828125,379.5,379.5,0
2021-03-08,376.0,381.0820007324219,380.25,380.5,0
2021-03-09,380.0,380.0,380.0,380.0,0
2021-03-10,379.5,380.3399963378906,379.5,379.5,0
2021-03-11,380.0,411.3500061035156,377.0,380.0,0
2021-03-12,380.5,380.75,378.0,380.5,0
2021-03-15,380.5,381.0580139160156,380.5,381.0580139160156,0
2021-03-16,380.5,380.54998779296875,377.0,380.5,0
2021-03-17,376.0,379.5,379.5,379.5,0
2021-03-18,380.58599853515625,381.0,378.0,380.54998779296875,0
2021-03-19,380.0,409.8699951171875,380.0,380.0,0
2021-03-22,380.0,380.75,379.5,380.75,0
2021-03-23,378.0,411.1300048828125,379.5,379.5,0
2021-03-24,379.0,380.54998779296875,379.0,380.0,0
2021-03-25,380.0,380.54998779296875,379.0,380.0,0
2021-03-26,380.5,409.1600036621094,380.5,380.5,0
2021-03-29,380.54998779296875,390.1700134277344,379.0,380.54998779296875,0
2021-03-30,379.5,380.54998779296875,378.0,379.5,0
2021-03-31,380.0,381.0,379.5,380.0,0
2021-04-01,381.0,381.0,379.0,381.0,0
2021-04-02,380.5,380.5,379.0,380.5,0
2021-04-05,380.5,408.8599853515625,380.5,380.5,0
2021-04-06,408.8599853515625,409.5,380.75,380.75,0
2021-04-07,380.75,380.54998779296875,380.54998779296875,380.54998779296875,0
2021-04-08,380.54998779296875,380.8739929199219,380.54998779296875,380.54998779296875,0
2021-04-09,380.54998779296875,380.8800048828125,380.8800048828125,380.8800048828125,0
2021-04-12,380.54998779296875,380.75,378.0,380.54998779296875,0
2021-04-13,380.0,381.0,380.0,380.0,0
2021-04-14,381.5,381.5,380.25,381.5,0
2021-04-15,380.0,381.0,380.0,380.0,0
2021-04-16,380.5,380.6000061035156,380.25,380.5,0
2021-04-19,410.5299987792969,380.7699890136719,376.0,380.760009765625,0
2021-04-20,379.5,380.75,379.5,379.5,0
2021-04-21,380.5,408.2699890136719,380.0,380.5,0
2021-04-22,380.0,380.5299987792969,377.0,380.0,0
2021-04-23,378.0,380.75,378.0,380.5,0
2021-04-26,380.54998779296875,381.0,380.25,380.54998779296875,0
2021-04-27,380.5,380.75,380.0,380.5,0
2021-04-28,379.0,379.0,376.0,379.0,0
2021-04-29,376.0,408.1600036621094,379.5,379.5,0
2021-04-30,380.5,380.5,380.0,380.5,0
2021-05-03,410.2900085449219,379.5,379.5,379.5,0
2021-05-04,380.0,380.57000732421875,379.5,380.0,0
2021-05-05,380.0,380.0,376.0,380.0,0
2021-05-06,380.0,408.2699890136719,376.0,380.0,0
2021-05-07,380.5,381.5,380.0,380.5,0
2021-05-10,380.0,410.1300048828125,380.0,380.0,0
2021-05-11,380.0,408.2099914550781,380.0,380.0,0
2021-05-12,380.0,408.1600036621094,381.0899963378906,381.0899963378906,0
2021-05-13,408.1600036621094,409.7300109863281,408.1400146484375,408.1600036621094,0
2021-05-14,376.0,408.0,379.5,379.5,0
2021-05-17,412.5,412.8999938964844,408.25,412.5,0
2021-05-18,410.0,412.6000061035156,406.989990234375,412.0,0
2021-05-19,410.0,412.29998779296875,410.0,412.0,0
2021-05-20,412.0,412.29998779296875,408.82000732421875,412.0,0
2021-05-21,412.0,412.1600036621094,412.0,412.0,0
2021-05-24,412.20001220703125,413.2900085449219,409.75,412.20001220703125,0
2021-05-25,410.0,412.1000061035156,409.739990234375,412.0,0
2021-05-26,409.0,412.1000061035156,408.25,412.0,0
2021-05-27,409.0,412.19000244140625,412.0,412.0,0
2021-05-28,410.0,412.7099914550781,407.0,412.0,0
2021-05-31,412.5,412.5,410.0,412.5,0
2021-06-01,412.5,412.5,409.4100036621094,412.5,0
2021-06-02,412.0,412.04998779296875,410.0,412.0,0
2021-06-03,412.5,412.5,409.75,412.5,0
2021-06-04,412.0,412.04998779296875,409.9200134277344,412.0,0
2021-06-07,412.04998779296875,412.04998779296875,408.0,412.04998779296875,0
2021-06-08,412.0400085449219,412.0400085449219,408.0,412.0400085449219,0
2021-06-09,411.5,412.5,409.75,411.5,0
2021-06-10,412.0400085449219,412.5,408.0,412.0400085449219,0
2021-06-11,411.5,412.2300109863281,409.8500061035156,411.5,0
2021-06-14,411.5,412.5,411.5,411.5,0
2021-06-15,412.0,412.6499938964844,409.3299865722656,412.0400085449219,0
2021-06-16,412.0,412.0,408.0,412.0,0
2021-06-17,410.0,412.0,407.9700012207031,410.0,0
2021-06-18,409.5,410.5,409.0,409.5,0
2021-06-21,410.0,411.2300109863281,410.0,410.0,0
2021-06-22,410.5,411.0,408.0,410.5,0
2021-06-23,410.0,411.0,409.1600036621094,410.8800048828125,0
2021-06-24,411.0,411.7200012207031,409.44000244140625,411.0,0
2021-06-25,410.0,411.0,409.5400085449219,410.0,0
2021-06-28,409.67999267578125,411.4599914550781,409.5799865722656,409.5799865722656,0
2021-06-29,410.0,411.0,409.6199951171875,410.0,0
2021-06-30,411.0,411.0,409.6600036621094,411.0,0
2021-07-01,411.0,411.0,410.5,410.5199890136719,0
2021-07-02,409.0,411.1400146484375,410.5,410.5,0
2021-07-05,411.0,411.0,410.1199951171875,411.0,0
2021-07-06,410.9599914550781,411.510009765625,410.9599914550781,410.9599914550781,0
2021-07-07,411.0,411.6300048828125,410.75,411.0,0
2021-07-08,411.0,412.2900085449219,410.5,411.0,0
2021-07-09,410.0,410.989990234375,410.0,410.0,0
2021-07-12,411.0,411.1300048828125,409.5,411.0,0
2021-07-13,410.0,411.4200134277344,410.0,410.0,0
2021-07-14,410.5,410.5,409.80999755859375,410.5,0
2021-07-15,410.5,410.95001220703125,408.760009765625,410.5,0
2021-07-16,410.5,411.2900085449219,410.5,410.5,0
2021-07-19,411.0,411.25,410.75,411.0,0
2021-07-20,410.2799987792969,411.0400085449219,409.0,410.2799987792969,0
2021-07-21,410.5,411.0799865722656,410.5,410.5,0
2021-07-22,410.5,411.1499938964844,410.0,410.5,0
2021-07-23,410.5,411.4599914550781,410.5,410.5,0
2021-07-26,410.7300109863281,411.2900085449219,410.7300109863281,410.7300109863281,0
2021-07-27,411.0,411.0,409.0,411.0,0
2021-07-28,411.0,411.010009765625,411.0,411.0,0
2021-07-29,411.0,411.07000732421875,409.6099853515625,411.0,0
2021-07-30,411.07000732421875,411.07000732421875,410.739990234375,411.07000732421875,0
2021-08-02,410.9700012207031,412.1099853515625,410.75,410.9700012207031,0
2021-08-03,411.0,411.8999938964844,411.0,411.0,0
2021-08-04,411.0,411.8999938964844,410.5,411.0,0
2021-08-05,410.5,411.8299865722656,410.0,410.5,0
2021-08-06,411.0,411.7099914550781,410.9800109863281,411.0,0
2021-08-09,411.0,411.0,410.9200134277344,411.0,0
2021-08-10,410.9200134277344,411.5400085449219,410.9200134277344,410.9200134277344,0
2021-08-11,411.0899963378906,411.45001220703125,411.0799865722656,411.0899963378906,0
2021-08-12,411.0799865722656,411.0799865722656,409.0,411.0799865722656,0
2021-08-13,411.0,411.0,410.0,411.0,0
2021-08-16,411.0,411.25,409.3800048828125,411.0,0
2021-08-17,411.25,411.8900146484375,411.20001220703125,411.25,0
2021-08-18,411.20001220703125,411.5,411.20001220703125,411.20001220703125,0
2021-08-19,411.3999938964844,411.3999938964844,410.8599853515625,411.3999938964844,0
2021-08-20,411.29998779296875,411.29998779296875,410.0,411.29998779296875,0
2021-08-23,411.20001220703125,411.29998779296875,411.0,411.20001220703125,0
2021-08-24,411.04998779296875,411.0899963378906,409.0,411.04998779296875,0
2021-08-25,411.0899963378906,411.3399963378906,411.0400085449219,411.0899963378906,0
2021-08-26,411.04998779296875,411.04998779296875,410.510009765625,411.04998779296875,0
2021-08-27,411.0,412.0299987792969,410.0,411.0,0
2021-08-30,411.0,411.510009765625,409.6400146484375,411.0,0
2021-08-31,411.0,411.5,409.0,411.0,0
2021-09-01,411.0,411.5299987792969,410.07000732421875,411.0,0
2021-09-02,411.0,411.6000061035156,410.6600036621094,411.0,0
2021-09-03,411.0,411.3900146484375,410.54998779296875,411.0,0
2021-09-06,411.0199890136719,411.2300109863281,411.0,411.0199890136719,0
2021-09-07,411.0199890136719,411.2900085449219,410.75,411.0199890136719,0
2021-09-08,411.0,411.0,410.5,411.0,0
2021-09-09,410.79998779296875,411.3500061035156,410.75,410.79998779296875,0
2021-09-10,410.8999938964844,411.19000244140625,410.75,410.8999938964844,0
2021-09-13,410.92999267578125,412.1600036621094,410.92999267578125,410.92999267578125,0
2021-09-14,411.0,411.0,408.79998779296875,411.0,0
2021-09-15,411.0,411.0,410.9700012207031,411.0,0
2021-09-16,410.9700012207031,411.5,410.9700012207031,410.9700012207031,0
2021-09-17,411.4200134277344,411.7300109863281,411.2300109863281,411.4200134277344,0
2021-09-20,411.2300109863281,411.3500061035156,411.0,411.2300109863281,0
2021-09-21,411.3500061035156,411.3500061035156,410.5,411.3500061035156,0
2021-09-22,411.0,412.30999755859375,411.0,411.0,0
2021-09-23,411.0,413.8500061035156,411.0,411.0,0
2021-09-24,411.0,411.92999267578125,409.95001220703125,411.0,0
2021-09-27,410.92999267578125,413.0,410.92999267578125,410.92999267578125,0
2021-09-28,411.0,411.0,411.0,411.0,0
2021-09-29,409.260009765625,413.0,409.260009765625,409.260009765625,0
2021-09-30,409.260009765625,411.0199890136719,409.260009765625,409.260009765625,0
2021-10-01,410.29998779296875,411.17999267578125,410.2699890136719,410.29998779296875,0
2021-10-04,410.2699890136719,413.2300109863281,410.2699890136719,410.2699890136719,0
2021-10-05,410.29998779296875,410.8599853515625,410.29998779296875,410.29998779296875,0
2021-10-06,410.8599853515625,411.04998779296875,410.32000732421875,410.8599853515625,0
2021-10-07,409.8399963378906,411.75,409.75,409.8399963378906,0
2021-10-08,410.30999755859375,410.6199951171875,410.30999755859375,410.30999755859375,0
2021-10-11,410.30999755859375,413.2900085449219,410.0799865722656,410.30999755859375,0
2021-10-12,410.2699890136719,413.2300109863281,410.25,410.2699890136719,0
2021-10-13,410.3699951171875,412.25,410.29998779296875,410.3699951171875,0
2021-10-14,410.32000732421875,410.4200134277344,409.19000244140625,410.32000732421875,0
2021-10-15,410.3500061035156,411.1000061035156,410.32000732421875,410.3500061035156,0
2021-10-18,410.3699951171875,413.19000244140625,410.3699951171875,410.3699951171875,0
2021-10-19,410.4100036621094,412.0199890136719,410.3900146484375,410.4100036621094,0
2021-10-20,410.3900146484375,411.3999938964844,410.32000732421875,410.3900146484375,0
2021-10-21,410.32000732421875,410.4599914550781,409.70001220703125,410.32000732421875,0
2021-10-22,410.3800048828125,411.010009765625,410.3800048828125,410.3800048828125,0
2021-10-25,410.3999938964844,413.239990234375,409.7099914550781,410.3999938964844,0
2021-10-26,409.7099914550781,410.4800109863281,409.7099914550781,409.7099914550781,0
2021-10-27,409.739990234375,411.2099914550781,409.7300109863281,409.739990234375,0
2021-10-28,409.7699890136719,410.57000732421875,409.75,409.7699890136719,0
2021-10-29,409.75,410.6000061035156,409.75,409.75,0
2021-11-01,409.80999755859375,413.1499938964844,409.79998779296875,409.80999755859375,0
2021-11-02,409.79998779296875,412.32000732421875,409.79998779296875,409.79998779296875,0
2021-11-03,409.9200134277344,413.7300109863281,409.8999938964844,409.9200134277344,0
2021-11-04,409.9599914550781,413.3299865722656,409.9200134277344,409.9599914550781,0
2021-11-05,409.989990234375,410.6400146484375,409.989990234375,409.989990234375,0
2021-11-08,410.0199890136719,413.1400146484375,409.0,410.0199890136719,0
2021-11-09,410.0400085449219,410.4700012207031,410.0400085449219,410.0400085449219,0
2021-11-10,410.07000732421875,410.0899963378906,409.9800109863281,410.07000732421875,0
2021-11-11,410.0899963378906,410.1199951171875,409.8800048828125,410.0899963378906,0
2021-11-12,410.1199951171875,411.1300048828125,410.0799865722656,410.1199951171875,0
2021-11-15,410.0799865722656,413.3900146484375,409.6499938964844,410.1400146484375,0
2021-11-16,410.1700134277344,410.54998779296875,410.1499938964844,410.1700134277344,0
2021-11-17,410.17999267578125,411.3299865722656,410.17999267578125,410.17999267578125,0
2021-11-18,411.3299865722656,411.3299865722656,410.32000732421875,411.3299865722656,0
2021-11-19,410.32000732421875,410.3399963378906,410.05999755859375,410.32000732421875,0
2021-11-22,410.3399963378906,413.32000732421875,410.3399963378906,410.3399963378906,0
2021-11-23,410.3399963378906,410.3900146484375,409.3800048828125,410.3399963378906,0
2021-11-24,409.3800048828125,410.6400146484375,409.3800048828125,409.3800048828125,0
2021-11-25,409.3800048828125,410.8999938964844,409.3800048828125,409.3800048828125,0
2021-11-26,410.8999938964844,411.04998779296875,409.3900146484375,410.8999938964844,0
2021-11-29,409.3900146484375,413.2900085449219,409.3900146484375,409.3900146484375,0
2021-11-30,409.3900146484375,410.510009765625,409.3900146484375,409.3900146484375,0
2021-12-01,409.3900146484375,410.3599853515625,409.3900146484375,409.3900146484375,0
2021-12-02,409.4100036621094,410.6400146484375,409.4100036621094,409.4100036621094,0
2021-12-03,409.45001220703125,410.42999267578125,409.45001220703125,409.45001220703125,0
2021-12-06,409.4800109863281,413.1700134277344,409.4800109863281,409.4800109863281,0
2021-12-07,409.489990234375,410.57000732421875,409.489990234375,409.489990234375,0
2021-12-08,410.57000732421875,410.75,409.489990234375,410.57000732421875,0
2021-12-09,409.489990234375,410.739990234375,408.3900146484375,409.489990234375,0
2021-12-10,411.30999755859375,411.30999755859375,409.4700012207031,411.30999755859375,0
2021-12-13,409.4700012207031,413.260009765625,408.7799987792969,408.7799987792969,0
2021-12-14,409.70001220703125,413.4200134277344,409.4700012207031,409.70001220703125,0
2021-12-15,409.4700012207031,413.239990234375,409.4700012207031,409.4700012207031,0
2021-12-16,409.4800109863281,412.6300048828125,409.4800109863281,409.4800109863281,0
2021-12-17,409.5799865722656,410.5299987792969,409.5799865722656,409.5799865722656,0
2021-12-20,409.6600036621094,413.44000244140625,409.6600036621094,413.3599853515625,0
2021-12-21,409.6600036621094,410.6600036621094,409.6600036621094,409.6600036621094,0
2021-12-22,410.6600036621094,410.6700134277344,410.44000244140625,410.6600036621094,0
2021-12-23,410.6700134277344,410.7099914550781,410.6499938964844,410.6700134277344,0
2021-12-24,410.67999267578125,410.67999267578125,410.44000244140625,410.67999267578125,0
2021-12-27,410.44000244140625,410.8500061035156,410.44000244140625,410.44000244140625,0
2021-12-28,410.70001220703125,410.70001220703125,410.3299865722656,410.70001220703125,0
2021-12-29,410.70001220703125,413.42999267578125,410.69000244140625,410.70001220703125,0
2021-12-30,410.70001220703125,412.20001220703125,410.6099853515625,410.70001220703125,0
2021-12-31,410.75,411.45001220703125,410.5899963378906,410.75,0
2022-01-03,411.45001220703125,412.239990234375,409.0899963378906,411.45001220703125,0
2022-01-04,412.239990234375,413.0799865722656,412.239990234375,412.239990234375,0
2022-01-05,412.239990234375,412.9100036621094,410.6499938964844,412.239990234375,0
2022-01-06,412.29998779296875,412.5400085449219,411.0299987792969,412.29998779296875,0
2022-01-07,412.5400085449219,412.7099914550781,411.0400085449219,412.5400085449219,0
2022-01-10,412.7099914550781,413.260009765625,408.9800109863281,408.9800109863281,0
2022-01-11,413.1400146484375,413.1400146484375,410.44000244140625,413.1400146484375,0
2022-01-12,413.1000061035156,414.0,413.1000061035156,413.1000061035156,0
2022-01-13,413.44000244140625,413.6099853515625,410.6600036621094,413.44000244140625,0
2022-01-14,413.6000061035156,413.7900085449219,410.8900146484375,413.6000061035156,0
2022-01-17,413.7900085449219,415.2099914550781,410.8900146484375,410.8900146484375,0
2022-01-18,413.7900085449219,415.32000732421875,413.7900085449219,413.7900085449219,0
2022-01-19,414.0,414.1700134277344,410.5400085449219,414.0,0
2022-01-20,414.1700134277344,414.20001220703125,411.0799865722656,414.1700134277344,0
2022-01-21,414.45001220703125,414.5,410.6099853515625,414.45001220703125,0
2022-01-24,414.45001220703125,415.0,414.45001220703125,414.45001220703125,0
2022-01-25,415.3500061035156,415.3500061035156,413.9599914550781,415.3500061035156,0
2022-01-26,414.6199951171875,414.82000732421875,414.6199951171875,414.6199951171875,0
2022-01-27,414.82000732421875,414.989990234375,414.82000732421875,414.82000732421875,0
2022-01-28,414.989990234375,415.1600036621094,414.989990234375,414.989990234375,0
2022-01-31,415.1600036621094,415.3299865722656,415.0,415.1600036621094,0
2022-02-01,415.3299865722656,415.54998779296875,414.260009765625,415.3299865722656,0
2022-02-02,414.260009765625,415.3800048828125,414.260009765625,414.260009765625,0
2022-02-03,415.3299865722656,415.8599853515625,415.0899963378906,415.3299865722656,0
2022-02-04,415.5400085449219,415.70001220703125,415.5400085449219,415.5400085449219,0
2022-02-07,415.70001220703125,416.8500061035156,415.0,415.70001220703125,0
2022-02-08,415.8800048828125,416.04998779296875,415.0,415.8800048828125,0
2022-02-09,416.04998779296875,416.25,415.3699951171875,416.04998779296875,0
2022-02-10,416.25,416.54998779296875,416.25,416.25,0
2022-02-11,416.3699951171875,417.5899963378906,416.3699951171875,416.3699951171875,0
2022-02-14,416.510009765625,418.1700134277344,415.0,418.1700134277344,0
2022-02-15,415.239990234375,415.95001220703125,415.239990234375,415.239990234375,0
2022-02-16,415.30999755859375,415.6499938964844,415.260009765625,415.30999755859375,0
2022-02-17,415.30999755859375,415.6199951171875,415.260009765625,415.30999755859375,0
2022-02-18,415.3699951171875,416.0199890136719,415.3699951171875,415.3699951171875,0
2022-02-21,415.3699951171875,416.3299865722656,415.3699951171875,415.3699951171875,0
2022-02-22,415.4800109863281,415.4800109863281,415.3900146484375,415.4800109863281,0
2022-02-23,415.3900146484375,415.8999938964844,415.3900146484375,415.3900146484375,0
2022-02-24,415.4599914550781,415.6400146484375,415.4599914550781,415.4599914550781,0
2022-02-25,415.6400146484375,415.6400146484375,414.3900146484375,415.6400146484375,0
2022-02-28,415.05999755859375,416.5400085449219,415.0,415.3900146484375,0
2022-03-01,415.5199890136719,415.5899963378906,415.0,415.5199890136719,0
2022-03-02,415.5899963378906,416.5400085449219,415.3699951171875,415.5899963378906,0
2022-03-03,415.3999938964844,415.4599914550781,415.2300109863281,415.3999938964844,0
2022-03-04,416.2900085449219,417.9100036621094,415.4100036621094,416.2900085449219,0
2022-03-07,417.989990234375,415.4100036621094,414.82000732421875,415.4100036621094,0
2022-03-08,415.2699890136719,415.3399963378906,414.6099853515625,415.2699890136719,0
2022-03-09,415.3399963378906,415.6000061035156,414.6000061035156,415.3399963378906,0
2022-03-10,415.3399963378906,415.3500061035156,415.3399963378906,415.3399963378906,0
2022-03-11,415.3399963378906,415.3399963378906,414.7699890136719,415.3399963378906,0
2022-03-14,415.3399963378906,415.3500061035156,414.8699951171875,415.3399963378906,0
2022-03-15,415.29998779296875,415.45001220703125,414.82000732421875,415.29998779296875,0
2022-03-16,415.45001220703125,416.1700134277344,415.0,415.45001220703125,0
2022-03-17,415.4200134277344,415.760009765625,414.1099853515625,415.4200134277344,0
2022-03-18,415.760009765625,415.760009765625,414.1300048828125,415.760009765625,0
2022-03-21,415.4200134277344,415.4200134277344,414.3999938964844,415.4200134277344,0
2022-03-22,415.3900146484375,416.5899963378906,414.7300109863281,415.3900146484375,0
2022-03-23,414.94000244140625,415.3900146484375,414.94000244140625,414.94000244140625,0
2022-03-24,415.25,415.82000732421875,410.5,414.45001220703125,0
2022-03-25,415.25,415.25,415.0,415.25,0
2022-03-28,415.25,415.25,415.0,415.25,0
2022-03-29,415.2300109863281,415.25,415.2200012207031,415.2300109863281,0
2022-03-30,415.25,415.25,415.25,415.25,0
2022-03-31,415.25,415.25,415.2200012207031,415.25,0
2022-04-01,415.25,415.25,415.2200012207031,415.25,0
2022-04-04,415.2200012207031,415.25,415.0,415.2200012207031,0
2022-04-05,415.2200012207031,415.2300109863281,415.2200012207031,415.2200012207031,0
2022-04-06,415.2200012207031,415.2200012207031,415.20001220703125,415.2200012207031,0
2022-04-07,415.2200012207031,415.25,415.1499938964844,415.2200012207031,0
2022-04-08,415.1499938964844,415.1499938964844,415.1400146484375,415.1499938964844,0
2022-04-11,415.1499938964844,415.1499938964844,415.1199951171875,415.1499938964844,0
2022-04-12,415.1199951171875,415.1300048828125,414.0899963378906,415.1199951171875,0
2022-04-13,414.0899963378906,414.1000061035156,414.0799865722656,414.0899963378906,0
2022-04-14,414.0799865722656,414.1000061035156,414.0299987792969,414.0799865722656,0
2022-04-15,414.0299987792969,414.0299987792969,414.0199890136719,414.0299987792969,0
2022-04-18,414.0199890136719,414.04998779296875,414.0,414.0199890136719,0
2022-04-19,414.0,414.0199890136719,414.0,414.0,0
2022-04-20,414.0,415.0,414.0,414.0,0
2022-04-21,415.0,415.0799865722656,415.0,415.0,0
2022-04-22,415.0799865722656,415.0799865722656,415.04998779296875,415.0799865722656,0
2022-04-25,415.0799865722656,415.0799865722656,414.0799865722656,415.0799865722656,0
2022-04-26,414.0799865722656,414.9800109863281,414.07000732421875,414.0799865722656,0
2022-04-27,414.9800109863281,414.9800109863281,414.9200134277344,414.9800109863281,0
2022-04-28,414.9200134277344,414.9200134277344,414.8299865722656,414.9200134277344,0
2022-04-29,414.8299865722656,414.8299865722656,414.760009765625,414.8299865722656,0
2022-05-02,414.760009765625,414.7699890136719,414.69000244140625,414.760009765625,0
2022-05-03,414.69000244140625,414.69000244140625,414.67999267578125,414.69000244140625,0
2022-05-04,414.69000244140625,415.0,414.6499938964844,414.69000244140625,0
2022-05-05,414.69000244140625,414.69000244140625,414.6199951171875,414.69000244140625,0
2022-05-06,414.6199951171875,414.69000244140625,414.6199951171875,414.6199951171875,0
2022-05-09,414.69000244140625,415.0,414.6000061035156,414.69000244140625,0
2022-05-10,414.79998779296875,414.79998779296875,413.8299865722656,414.79998779296875,0
2022-05-11,413.8299865722656,413.8299865722656,413.79998779296875,413.8299865722656,0
2022-05-12,413.8299865722656,415.0,413.8299865722656,413.8299865722656,0
2022-05-13,414.8299865722656,414.8299865722656,414.760009765625,414.8299865722656,0
2022-05-16,414.760009765625,414.760009765625,414.75,414.760009765625,0
2022-05-17,414.75,414.79998779296875,414.75,414.75,0
2022-05-18,414.75,414.75,414.67999267578125,414.75,0
2022-05-19,414.67999267578125,414.67999267578125,414.6499938964844,414.67999267578125,0
2022-05-20,414.6199951171875,414.6199951171875,414.6000061035156,414.6199951171875,0
2022-05-23,414.6199951171875,415.0,414.5799865722656,414.6199951171875,0
2022-05-24,414.5799865722656,414.67999267578125,414.54998779296875,414.5799865722656,0
2022-05-25,414.67999267578125,414.67999267578125,414.6499938964844,414.67999267578125,0
2022-05-26,414.67999267578125,414.7200012207031,414.67999267578125,414.67999267578125,0
2022-05-27,414.7200012207031,414.7200012207031,414.70001220703125,414.7200012207031,0
2022-05-30,414.7200012207031,414.7200012207031,414.7200012207031,414.7200012207031,0
2022-05-31,414.7200012207031,414.7200012207031,414.70001220703125,414.7200012207031,0
2022-06-01,414.70001220703125,414.7200012207031,414.6499938964844,414.70001220703125,0
2022-06-02,414.6499938964844,414.6499938964844,414.5799865722656,414.6499938964844,0
2022-06-03,414.5799865722656,414.6199951171875,414.54998779296875,414.5799865722656,0
2022-06-06,414.6199951171875,414.6199951171875,414.6199951171875,414.6199951171875,0
2022-06-07,414.6199951171875,414.6300048828125,414.6000061035156,414.6199951171875,0
2022-06-08,414.6300048828125,414.6300048828125,414.6199951171875,414.6300048828125,0
2022-06-09,414.6300048828125,418.0,414.6199951171875,414.6300048828125,0
2022-06-10,414.6300048828125,414.6300048828125,414.6199951171875,414.6300048828125,0
2022-06-13,414.6300048828125,414.6300048828125,414.6199951171875,414.6300048828125,0
2022-06-14,414.6300048828125,419.0,414.6300048828125,414.6300048828125,0
2022-06-15,419.0,414.7200012207031,414.6300048828125,414.6300048828125,0
2022-06-16,414.7200012207031,414.7900085449219,414.70001220703125,414.7200012207031,0
2022-06-17,414.7900085449219,414.8699951171875,414.7799987792969,414.7900085449219,0
2022-06-20,414.8699951171875,419.0,414.8699951171875,414.8699951171875,0
2022-06-21,418.989990234375,414.8699951171875,414.75,414.8699951171875,0
2022-06-22,414.75,414.7699890136719,414.6400146484375,414.75,0
2022-06-23,414.6400146484375,414.6400146484375,414.5899963378906,414.6400146484375,0
2022-06-24,414.5899963378906,419.0,414.489990234375,414.5899963378906,0
2022-06-27,414.489990234375,419.0,414.489990234375,414.489990234375,0
2022-06-28,414.5,414.6400146484375,414.5,414.5,0
2022-06-29,414.6400146484375,414.6400146484375,414.6000061035156,414.6400146484375,0
2022-06-30,414.6000061035156,414.7699890136719,414.5799865722656,414.6000061035156,0
2022-07-01,414.7699890136719,414.7699890136719,414.75,414.7699890136719,0
2022-07-04,414.7699890136719,419.0,414.7699890136719,414.7699890136719,0
2022-07-05,414.7699890136719,414.79998779296875,414.75,414.7699890136719,0
2022-07-06,414.79998779296875,425.0,414.79998779296875,414.79998779296875,0
2022-07-07,414.8299865722656,425.0,414.760009765625,414.8299865722656,0
2022-07-08,414.760009765625,414.8299865722656,414.75,414.760009765625,0
2022-07-11,414.8299865722656,414.8500061035156,414.8299865722656,414.8299865722656,0
2022-07-12,414.8299865722656,414.8299865722656,414.82000732421875,414.8299865722656,0
2022-07-13,414.82000732421875,425.0,414.82000732421875,414.82000732421875,0
2022-07-14,414.8299865722656,414.8299865722656,414.82000732421875,414.8299865722656,0
2022-07-15,414.8299865722656,414.8999938964844,414.82000732421875,414.8299865722656,0
2022-07-18,414.8999938964844,425.0,414.8999938964844,414.8999938964844,0
2022-07-19,414.8999938964844,414.9200134277344,414.8999938964844,414.8999938964844,0
2022-07-20,414.8999938964844,414.9200134277344,414.8999938964844,414.8999938964844,0
2022-07-21,414.8999938964844,414.9200134277344,414.8999938964844,414.8999938964844,0
2022-07-22,414.8999938964844,414.9200134277344,414.2200012207031,414.8999938964844,0
2022-07-25,414.2200012207031,425.0,414.20001220703125,414.2200012207031,0
2022-07-26,414.75,414.75,414.70001220703125,414.75,0
2022-07-27,414.75,415.1400146484375,414.739990234375,414.75,0
2022-07-28,415.1400146484375,415.1499938964844,414.9599914550781,415.1400146484375,0
2022-07-29,414.9599914550781,415.3699951171875,414.95001220703125,414.9599914550781,0
2022-08-01,415.3699951171875,415.67999267578125,415.3500061035156,415.3699951171875,0
2022-08-02,415.67999267578125,415.8999938964844,415.6499938964844,415.67999267578125,0
2022-08-03,415.8999938964844,416.19000244140625,415.8800048828125,415.8999938964844,0
2022-08-04,416.19000244140625,416.69000244140625,416.17999267578125,416.19000244140625,0
2022-08-05,416.69000244140625,417.07000732421875,416.67999267578125,416.69000244140625,0
2022-08-08,417.07000732421875,425.0,417.04998779296875,417.07000732421875,0
2022-08-09,417.4700012207031,417.4700012207031,417.45001220703125,417.4700012207031,0
2022-08-10,417.4700012207031,418.19000244140625,417.45001220703125,417.4700012207031,0
2022-08-11,418.19000244140625,418.3699951171875,418.19000244140625,418.19000244140625,0
2022-08-12,418.3699951171875,418.7200012207031,418.3500061035156,418.3699951171875,0
2022-08-15,418.7200012207031,425.0,418.70001220703125,418.7200012207031,0
2022-08-16,418.8900146484375,418.8900146484375,418.8800048828125,418.8900146484375,0
2022-08-17,418.8900146484375,419.9599914550781,418.8800048828125,418.8900146484375,0
2022-08-18,419.9599914550781,419.9599914550781,419.0,419.9599914550781,0
2022-08-19,419.8299865722656,419.8299865722656,419.79998779296875,419.8299865722656,0
2022-08-22,419.8299865722656,420.3999938964844,419.79998779296875,419.8299865722656,0
2022-08-23,420.3999938964844,425.0,420.3999938964844,420.3999938964844,0
2022-08-24,420.7099914550781,421.0799865722656,420.70001220703125,420.7099914550781,0
2022-08-25,421.0799865722656,421.3900146484375,421.04998779296875,421.0799865722656,0
2022-08-26,421.3900146484375,421.70001220703125,421.3500061035156,421.3900146484375,0
2022-08-29,421.70001220703125,421.70001220703125,421.70001220703125,421.70001220703125,0
2022-08-30,421.70001220703125,422.3800048828125,419.0,421.70001220703125,0
2022-08-31,422.3800048828125,422.3800048828125,421.3800048828125,422.3800048828125,0
2022-09-01,421.3800048828125,422.4800109863281,421.3500061035156,421.3800048828125,0
2022-09-02,422.4599914550781,422.9200134277344,422.45001220703125,422.4599914550781,0
2022-09-05,422.9200134277344,435.0,422.9200134277344,422.9200134277344,0
2022-09-06,435.0,425.2799987792969,422.8999938964844,422.9200134277344,0
2022-09-07,425.2799987792969,425.6099853515625,425.25,425.2799987792969,0
2022-09-08,425.6099853515625,426.42999267578125,425.54998779296875,425.6099853515625,0
2022-09-09,426.42999267578125,426.760009765625,426.42999267578125,426.42999267578125,0
2022-09-12,426.760009765625,435.0,426.760009765625,426.760009765625,0
2022-09-13,427.1000061035156,427.510009765625,427.1000061035156,427.1000061035156,0
2022-09-14,427.510009765625,435.0,427.510009765625,427.510009765625,0
2022-09-15,427.80999755859375,428.1099853515625,427.79998779296875,427.80999755859375,0
2022-09-16,428.1099853515625,435.0,428.1099853515625,428.1099853515625,0
2022-09-19,428.3800048828125,435.0,428.3800048828125,428.3800048828125,0
2022-09-20,428.67999267578125,429.010009765625,428.6499938964844,428.67999267578125,0
2022-09-21,429.010009765625,429.3699951171875,429.010009765625,429.010009765625,0
2022-09-22,429.3699951171875,429.7099914550781,429.3500061035156,429.3699951171875,0
2022-09-23,429.7099914550781,430.0899963378906,429.7099914550781,429.7099914550781,0
2022-09-26,430.04998779296875,435.0,430.04998779296875,430.04998779296875,0
2022-09-27,430.4800109863281,430.8299865722656,430.4800109863281,430.4800109863281,0
2022-09-28,430.8299865722656,430.8299865722656,430.79998779296875,430.8299865722656,0
2022-09-29,430.8299865722656,435.0,430.8299865722656,430.8299865722656,0
2022-09-30,431.5400085449219,431.8699951171875,431.5199890136719,431.5400085449219,0
2022-10-03,431.8699951171875,431.8699951171875,431.8500061035156,431.8699951171875,0
2022-10-04,431.8500061035156,435.0,431.8500061035156,431.8500061035156,0
2022-10-05,431.8699951171875,431.8699951171875,413.8800048828125,431.8699951171875,0
2022-10-06,413.8800048828125,432.8999938964844,431.8500061035156,431.8699951171875,0
2022-10-07,432.8999938964844,433.2200012207031,432.8999938964844,432.8999938964844,0
2022-10-10,433.2200012207031,433.7799987792969,433.2200012207031,433.2200012207031,0
2022-10-11,433.7799987792969,435.0,433.75,433.7799987792969,0
2022-10-12,433.7799987792969,441.0,433.7699890136719,433.7799987792969,0
2022-10-13,434.2699890136719,435.0,434.25,434.2699890136719,0
2022-10-14,434.70001220703125,434.70001220703125,434.67999267578125,434.70001220703125,0
2022-10-17,434.67999267578125,440.0,434.67999267578125,434.67999267578125,0
2022-10-18,435.05999755859375,435.8500061035156,435.04998779296875,435.05999755859375,0
2022-10-19,435.8500061035156,435.9800109863281,435.82000732421875,435.8500061035156,0
2022-10-20,435.9800109863281,436.1099853515625,435.9800109863281,435.9800109863281,0
2022-10-21,436.1099853515625,436.2799987792969,436.1099853515625,436.1099853515625,0
2022-10-24,436.1000061035156,440.0,436.1000061035156,436.1000061035156,0
2022-10-25,436.5,436.67999267578125,436.5,436.5,0
2022-10-26,436.67999267578125,436.67999267578125,436.54998779296875,436.67999267578125,0
2022-10-27,436.54998779296875,437.1600036621094,436.5,436.54998779296875,0
2022-10-28,437.1600036621094,437.5,437.1600036621094,437.1600036621094,0
2022-10-31,437.5,440.0,437.5,437.5,0
2022-11-01,437.8500061035156,442.0,437.8500061035156,437.8500061035156,0
2022-11-02,438.0199890136719,438.3699951171875,438.0199890136719,438.0199890136719,0
2022-11-03,438.3699951171875,438.6700134277344,438.3699951171875,438.3699951171875,0
2022-11-04,438.6700134277344,438.8800048828125,438.6700134277344,438.6700134277344,0
2022-11-07,438.8800048828125,442.0,438.8800048828125,438.8800048828125,0
2022-11-08,439.260009765625,442.0,439.260009765625,439.260009765625,0
2022-11-09,439.5299987792969,439.7900085449219,438.8800048828125,439.5299987792969,0
2022-11-10,439.7900085449219,442.0,439.7900085449219,439.7900085449219,0
2022-11-11,440.1300048828125,443.0,440.1300048828125,440.1300048828125,0
2022-11-14,440.4599914550781,443.0,440.4599914550781,440.4599914550781,0
2022-11-15,440.8299865722656,441.19000244140625,440.8299865722656,440.8299865722656,0
2022-11-16,441.19000244140625,442.0,441.19000244140625,441.19000244140625,0
2022-11-17,441.19000244140625,441.8500061035156,441.19000244140625,441.19000244140625,0
2022-11-18,441.8500061035156,442.1600036621094,441.8500061035156,441.8500061035156,0
2022-11-21,442.1600036621094,442.489990234375,442.0,442.1600036621094,0
2022-11-22,442.489990234375,443.0,442.0,442.489990234375,0
2022-11-23,442.6300048828125,442.79998779296875,442.6300048828125,442.6300048828125,0
2022-11-24,442.79998779296875,442.95001220703125,442.79998779296875,442.79998779296875,0
2022-11-25,442.95001220703125,443.04998779296875,442.760009765625,442.95001220703125,0
2022-11-28,442.760009765625,443.3699951171875,442.760009765625,442.760009765625,0
2022-11-29,443.3699951171875,443.44000244140625,443.3699951171875,443.3699951171875,0
2022-11-30,443.44000244140625,443.44000244140625,443.44000244140625,443.44000244140625,0
2022-12-01,443.44000244140625,443.45001220703125,443.44000244140625,443.44000244140625,0
2022-12-02,443.45001220703125,443.6700134277344,443.45001220703125,443.45001220703125,0
2022-12-05,443.6700134277344,444.0400085449219,443.0,443.6700134277344,0
2022-12-06,444.0400085449219,444.0400085449219,444.0400085449219,444.0400085449219,0
2022-12-07,444.30999755859375,444.4200134277344,443.0,444.30999755859375,0
2022-12-08,444.30999755859375,445.0,443.0,444.30999755859375,0
2022-12-09,444.4700012207031,445.0,444.4700012207031,444.4700012207031,0
2022-12-12,444.4700012207031,444.6499938964844,443.0,444.4700012207031,0
2022-12-13,444.6499938964844,444.80999755859375,444.6499938964844,444.6499938964844,0
2022-12-14,444.80999755859375,450.0,444.80999755859375,444.80999755859375,0
2022-12-15,444.9599914550781,444.9800109863281,444.9599914550781,444.9599914550781,0
2022-12-16,444.9599914550781,444.9700012207031,444.9599914550781,444.9599914550781,0
2022-12-19,444.9700012207031,450.0,444.9700012207031,444.9700012207031,0
2022-12-20,445.4599914550781,445.5199890136719,445.0,445.4599914550781,0
2022-12-21,445.4599914550781,455.0,445.4599914550781,445.4599914550781,0
2022-12-22,445.4599914550781,446.1300048828125,445.0,445.4599914550781,0
2022-12-23,446.1300048828125,446.1499938964844,445.0,446.1300048828125,0
2022-12-26,446.1300048828125,446.1499938964844,446.1300048828125,446.1300048828125,0
2022-12-27,446.1499938964844,446.17999267578125,446.1300048828125,446.1499938964844,0
2022-12-28,446.1300048828125,446.1400146484375,446.1300048828125,446.1300048828125,0
2022-12-29,446.1400146484375,447.0799865722656,446.1400146484375,446.1400146484375,0
2022-12-30,447.0799865722656,447.5799865722656,447.0799865722656,447.0799865722656,0
2023-01-02,447.5799865722656,447.5799865722656,447.5799865722656,447.5799865722656,0
2023-01-03,447.5799865722656,448.04998779296875,445.0,447.5799865722656,0
2023-01-04,448.04998779296875,448.510009765625,448.04998779296875,448.04998779296875,0
2023-01-05,448.510009765625,449.0299987792969,448.510009765625,448.510009765625,0
2023-01-06,449.0299987792969,449.54998779296875,449.0299987792969,449.0299987792969,0
2023-01-09,449.54998779296875,449.5799865722656,449.54998779296875,449.54998779296875,0
2023-01-10,449.54998779296875,449.5799865722656,449.54998779296875,449.54998779296875,0
2023-01-11,449.5799865722656,451.1000061035156,449.5799865722656,449.5799865722656,0
2023-01-12,451.1000061035156,451.6300048828125,451.1000061035156,451.1000061035156,0
2023-01-13,451.6300048828125,452.0899963378906,451.6300048828125,451.6300048828125,0
2023-01-16,452.0899963378906,460.0,452.0899963378906,452.0899963378906,0
2023-01-17,452.1199951171875,453.0799865722656,452.1199951171875,452.1199951171875,0
2023-01-18,453.0799865722656,460.0,453.0799865722656,453.0799865722656,0
2023-01-19,453.0799865722656,460.0,453.0799865722656,453.0799865722656,0
2023-01-20,460.0,454.55999755859375,453.0799865722656,453.0799865722656,0
2023-01-23,454.55999755859375,460.0,454.55999755859375,454.55999755859375,0
2023-01-24,454.55999755859375,454.57000732421875,454.55999755859375,454.55999755859375,0
2023-01-25,454.57000732421875,459.4700012207031,459.29998779296875,459.30999755859375,0
2023-01-26,459.4700012207031,459.7799987792969,459.4700012207031,459.4700012207031,0
2023-01-27,459.7799987792969,459.79998779296875,459.7799987792969,459.7799987792969,0
2023-01-30,459.7799987792969,460.0,459.7799987792969,459.7799987792969,0
2023-01-31,459.9100036621094,460.0199890136719,459.9100036621094,459.9100036621094,0
2023-02-01,460.0199890136719,460.04998779296875,460.0,460.0199890136719,0
2023-02-02,460.0199890136719,460.0400085449219,460.0199890136719,460.0199890136719,0
2023-02-03,460.0400085449219,460.0400085449219,460.0299987792969,460.0400085449219,0
2023-02-06,460.0400085449219,460.04998779296875,459.20001220703125,460.0400085449219,0
2023-02-07,459.20001220703125,459.9200134277344,459.20001220703125,459.20001220703125,0
2023-02-08,459.9200134277344,459.95001220703125,459.9200134277344,459.9200134277344,0
2023-02-09,459.9200134277344,459.9700012207031,459.8999938964844,459.9200134277344,0
2023-02-10,459.9700012207031,459.9700012207031,458.989990234375,459.9700012207031,0
2023-02-13,458.989990234375,460.0199890136719,458.989990234375,458.989990234375,0
2023-02-14,460.0199890136719,460.05999755859375,460.0199890136719,460.0199890136719,0
2023-02-15,460.05999755859375,460.1000061035156,460.0,460.05999755859375,0
2023-02-16,460.0,460.05999755859375,460.0,460.05999755859375,0
2023-02-17,460.04998779296875,460.05999755859375,460.0,460.04998779296875,0
2023-02-20,460.0400085449219,460.04998779296875,460.0,460.0400085449219,0
2023-02-21,460.04998779296875,460.04998779296875,459.9700012207031,460.04998779296875,0
2023-02-22,456.0,459.9700012207031,459.95001220703125,459.9700012207031,0
2023-02-23,459.9700012207031,459.9700012207031,459.94000244140625,459.9700012207031,0
2023-02-24,459.94000244140625,459.94000244140625,459.92999267578125,459.94000244140625,0
2023-02-27,459.94000244140625,459.95001220703125,459.92999267578125,459.94000244140625,0
2023-02-28,458.0,459.9700012207031,459.94000244140625,459.95001220703125,0
2023-03-01,459.9700012207031,459.9700012207031,459.9599914550781,459.9700012207031,0
2023-03-02,456.0,459.9700012207031,456.0,459.9700012207031,0
2023-03-03,458.0,459.9800109863281,458.0,459.9700012207031,0
2023-03-06,459.9599914550781,459.9599914550781,459.95001220703125,459.9599914550781,0
2023-03-07,459.9599914550781,459.9700012207031,457.0,459.9599914550781,0
2023-03-08,455.0,459.989990234375,455.0,459.9599914550781,0
2023-03-09,456.0,460.0199890136719,456.0,459.989990234375,0
2023-03-10,458.0,460.04998779296875,458.0,460.0199890136719,0
2023-03-13,460.0199890136719,460.0299987792969,456.0,460.0199890136719,0
2023-03-14,455.0,460.0299987792969,460.0199890136719,460.0199890136719,0
2023-03-15,460.0299987792969,460.0400085449219,460.0299987792969,460.0299987792969,0
2023-03-16,457.0,460.04998779296875,457.0,460.0400085449219,0
2023-03-17,457.0,459.95001220703125,459.94000244140625,459.94000244140625,0
2023-03-20,459.94000244140625,460.0,459.8900146484375,459.94000244140625,0
2023-03-21,459.8900146484375,459.9200134277344,459.8900146484375,459.8900146484375,0
2023-03-22,459.9200134277344,459.95001220703125,459.9200134277344,459.9200134277344,0
2023-03-23,459.95001220703125,459.9800109863281,459.95001220703125,459.95001220703125,0
2023-03-24,459.9800109863281,459.9800109863281,459.9700012207031,459.9800109863281,0
2023-03-27,459.9800109863281,461.0,459.8999938964844,459.9800109863281,0
2023-03-28,461.0,462.0,459.8500061035156,459.8999938964844,0
2023-03-29,462.0,459.8999938964844,456.0,459.8500061035156,0
2023-03-30,456.0,459.8500061035156,456.0,459.82000732421875,0
2023-03-31,459.0,460.0,459.8399963378906,459.8500061035156,0
2023-04-03,459.8399963378906,461.0,459.82000732421875,459.8399963378906,0
2023-04-04,459.8299865722656,462.0,459.82000732421875,459.8299865722656,0
2023-04-05,462.0,461.0,459.82000732421875,459.8299865722656,0
2023-04-06,461.0,459.8599853515625,459.8299865722656,459.8599853515625,0
2023-04-07,459.8299865722656,462.0,459.8299865722656,459.8299865722656,0
2023-04-10,459.8299865722656,459.8299865722656,459.82000732421875,459.8299865722656,0
2023-04-11,459.8299865722656,463.0,459.8299865722656,459.8299865722656,0
2023-04-12,463.0,462.0,459.8299865722656,459.8299865722656,0
2023-04-13,462.0,459.8299865722656,459.8299865722656,459.8299865722656,0
2023-04-14,463.0,461.0,459.9200134277344,459.92999267578125,0
2023-04-17,459.92999267578125,462.0,459.9200134277344,459.92999267578125,0
2023-04-18,459.9200134277344,459.9200134277344,459.9100036621094,459.9200134277344,0
2023-04-19,463.0,460.0299987792969,459.82000732421875,459.9100036621094,0
2023-04-20,460.0299987792969,460.0299987792969,460.0199890136719,460.0299987792969,0
2023-04-21,461.0,460.0400085449219,460.0299987792969,460.0299987792969,0
2023-04-24,460.0299987792969,462.0,459.4700012207031,460.0299987792969,0
2023-04-25,460.0299987792969,460.0299987792969,460.0199890136719,460.0299987792969,0
2023-04-26,461.0,462.0,459.9700012207031,460.0299987792969,0
2023-04-27,461.0,460.0,459.95001220703125,459.9700012207031,0
2023-04-28,460.0,460.0,459.95001220703125,459.9700012207031,0
2023-05-01,459.9700012207031,459.9800109863281,459.8699951171875,459.9700012207031,0
2023-05-02,460.0,460.0,459.80999755859375,459.8699951171875,0
2023-05-03,461.0,461.0,459.79998779296875,459.80999755859375,0
2023-05-04,459.8500061035156,460.0,459.82000732421875,459.8500061035156,0
2023-05-05,460.0,460.0,459.8299865722656,459.8399963378906,0
2023-05-08,459.8699951171875,461.0,459.0,459.8699951171875,0
2023-05-09,459.0,460.0199890136719,459.94000244140625,460.0,0
2023-05-10,461.0,460.05999755859375,459.92999267578125,459.94000244140625,0
2023-05-11,461.0,462.0,460.0,460.05999755859375,0
2023-05-12,461.0,461.0,460.0299987792969,460.07000732421875,0
2023-05-15,460.0299987792969,462.0,460.0199890136719,460.0299987792969,0
2023-05-16,460.0,460.07000732421875,460.0,460.0299987792969,0
2023-05-17,459.0,460.20001220703125,460.0,460.07000732421875,0
2023-05-18,459.0,460.3599853515625,459.0,460.20001220703125,0
2023-05-19,460.0,463.0,460.0,460.3599853515625,0
2023-05-22,460.3399963378906,463.0,459.0,460.3399963378906,0
2023-05-23,460.0,460.30999755859375,460.2799987792969,460.30999755859375,0
2023-05-24,459.0,465.0,460.2799987792969,460.2799987792969,0
2023-05-25,460.0,464.0,460.25,460.2799987792969,0
2023-05-26,460.0,460.30999755859375,459.0,460.30999755859375,0
2023-05-29,460.25,460.25,460.25,460.25,0
2023-05-30,460.2200012207031,464.0,460.2099914550781,460.2200012207031,0
2023-05-31,460.0,460.6000061035156,460.45001220703125,460.45001220703125,0
2023-06-01,459.0,465.0,460.6000061035156,460.6000061035156,0
2023-06-02,460.760009765625,460.9200134277344,460.75,460.760009765625,0
2023-06-05,460.9200134277344,464.0,460.0,460.9200134277344,0
2023-06-06,460.0,465.5,461.04998779296875,461.04998779296875,0
2023-06-07,460.0,474.0,460.0,461.17999267578125,0
2023-06-08,460.0,465.510009765625,461.17999267578125,461.17999267578125,0
2023-06-09,461.6700134277344,465.5,461.6700134277344,461.6700134277344,0
2023-06-12,461.8999938964844,461.95001220703125,461.0,461.8999938964844,0
2023-06-13,461.0,474.0,461.8800048828125,461.8999938964844,0
2023-06-14,461.0,465.0,462.3800048828125,462.3800048828125,0
2023-06-15,462.3800048828125,650.0,462.3800048828125,462.3800048828125,0
2023-06-16,608.0,657.0,600.0,620.0,0
2023-06-19,656.0,656.4600219726562,649.9000244140625,656.1699829101562,0
2023-06-20,686.9600219726562,690.0,680.5,680.5,0
2023-06-21,753.0,753.0,689.5,689.5,0
2023-06-22,817.0,819.5,782.75,782.75,0
2023-06-23,816.0,819.5,816.0,816.0,0
2023-06-26,761.0,770.0,753.5599975585938,761.0,0
2023-06-27,810.0,765.0,743.25,743.25,0
2023-06-28,764.0499877929688,764.5900268554688,763.9099731445312,764.0499877929688,0
2023-06-29,753.9500122070312,754.0,753.5,753.9500122070312,0
2023-06-30,752.0,775.0,753.9400024414062,753.9400024414062,0
2023-07-03,759.77001953125,775.0,755.219970703125,759.77001953125,0
2023-07-04,770.0,775.0,765.1699829101562,770.0,0
2023-07-05,770.8800048828125,775.0,770.8800048828125,770.8800048828125,0
2023-07-06,773.0,777.0800170898438,769.0599975585938,773.0,0
2023-07-07,774.0,775.010009765625,768.0,774.0,0
2023-07-10,762.0599975585938,780.0,762.0599975585938,762.0599975585938,0
2023-07-11,787.1500244140625,790.2899780273438,782.3900146484375,787.1500244140625,0
2023-07-12,780.0,780.0,775.0,780.0,0
2023-07-13,776.0,799.0,776.0,776.0,0
2023-07-14,777.0,777.0,776.0,777.0,0
2023-07-17,776.0,776.6799926757812,775.0,776.0,0
2023-07-18,777.0,777.0,772.8099975585938,777.0,0
2023-07-19,789.0,799.1599731445312,786.6599731445312,789.0,0
2023-07-20,791.010009765625,790.510009765625,775.0,782.3099975585938,0
2023-07-21,790.510009765625,792.2000122070312,775.0,790.510009765625,0
2023-07-24,791.510009765625,795.510009765625,780.0,791.9600219726562,0
2023-07-25,792.8200073242188,793.719970703125,780.0,792.8200073242188,0
2023-07-26,792.8200073242188,793.22998046875,784.3400268554688,792.8200073242188,0
2023-07-27,788.0,792.47998046875,764.0,788.0,0
2023-07-28,775.0,775.280029296875,773.9400024414062,775.0,0
2023-07-31,771.9400024414062,792.0,763.4500122070312,771.9400024414062,0
2023-08-01,759.9000244140625,771.0499877929688,757.5,759.9000244140625,0
2023-08-02,758.02001953125,759.1099853515625,755.5499877929688,758.02001953125,0
2023-08-03,775.8599853515625,779.1900024414062,764.25,775.8599853515625,0
2023-08-04,777.5,777.5,766.9500122070312,777.5,0
2023-08-07,765.0900268554688,786.6099853515625,765.0900268554688,765.0900268554688,0
2023-08-08,750.6199951171875,785.6500244140625,750.469970703125,750.6199951171875,0
2023-08-09,750.469970703125,768.77001953125,762.4400024414062,762.4400024414062,0
2023-08-10,768.77001953125,768.77001953125,762.6099853515625,768.77001953125,0
2023-08-11,768.739990234375,771.52001953125,768.7000122070312,768.739990234375,0
2023-08-14,771.6699829101562,772.75,765.9000244140625,771.6699829101562,0
2023-08-15,765.9000244140625,765.9000244140625,760.0,765.9000244140625,0
2023-08-16,760.0,772.760009765625,760.0,760.0,0
2023-08-17,785.3900146484375,785.3900146484375,761.0,785.3900146484375,0
2023-08-18,767.469970703125,769.0,767.0,767.469970703125,0
2023-08-21,745.9299926757812,769.0,744.6400146484375,745.9299926757812,0
2023-08-22,764.5,766.75,759.97998046875,764.5,0
2023-08-23,761.7899780273438,762.75,756.27001953125,761.7899780273438,0
2023-08-24,760.0,773.0,755.2100219726562,760.0,0
2023-08-25,755.2100219726562,774.0,755.2100219726562,755.2100219726562,0
2023-08-28,770.8400268554688,774.219970703125,770.989990234375,772.530029296875,0
2023-08-29,773.9000244140625,773.9000244140625,759.8699951171875,773.9000244140625,0
2023-08-30,771.969970703125,778.25,740.0,771.969970703125,0
2023-08-31,773.0,774.0399780273438,769.010009765625,773.0,0
2023-09-01,773.0,776.5,756.5,773.0,0
2023-09-04,756.52001953125,756.52001953125,756.3800048828125,756.52001953125,0
2023-09-05,756.989990234375,760.9600219726562,744.0,756.989990234375,0
2023-09-06,760.5,760.5,753.8599853515625,760.5,0
2023-09-07,753.8599853515625,753.8599853515625,753.0,753.8599853515625,0
2023-09-08,785.0,789.0,784.0,785.0,0
2023-09-11,789.0,789.0,737.530029296875,789.0,0
2023-09-12,779.0460205078125,777.0,737.7000122070312,777.0,0
2023-09-13,754.5,770.3300170898438,744.0,770.3300170898438,0
2023-09-14,783.0,784.0,743.780029296875,746.1799926757812,0
2023-09-15,784.0,789.0,768.1900024414062,768.1900024414062,0
2023-09-18,767.739990234375,789.0,767.739990234375,767.739990234375,0
2023-09-19,759.9299926757812,789.0,759.9299926757812,759.9299926757812,0
2023-09-20,776.0,780.0,770.27001953125,776.0,0
2023-09-21,770.27001953125,780.5900268554688,767.4299926757812,770.27001953125,0
2023-09-22,767.4299926757812,770.0,767.27001953125,767.4299926757812,0
2023-09-25,767.4299926757812,784.0,766.010009765625,767.4299926757812,0
2023-09-26,779.0499877929688,783.8900146484375,779.0399780273438,779.0499877929688,0
2023-09-27,779.0499877929688,781.7000122070312,777.0,779.0499877929688,0
2023-09-28,781.0,798.1500244140625,777.5999755859375,781.0,0
2023-09-29,777.5999755859375,781.0,777.5999755859375,777.5999755859375,0
2023-10-02,769.0499877929688,770.0,765.0,769.0499877929688,0
2023-10-03,766.469970703125,798.2899780273438,766.469970703125,766.469970703125,0
2023-10-04,765.5,765.72998046875,746.5999755859375,765.5,0
2023-10-05,746.6099853515625,764.8099975585938,746.6099853515625,746.6099853515625,0
2023-10-06,761.5399780273438,761.5399780273438,744.5499877929688,761.5399780273438,0
2023-10-09,771.5399780273438,771.5399780273438,758.7100219726562,771.5399780273438,0
2023-10-10,758.7100219726562,775.0,758.7100219726562,758.7100219726562,0
2023-10-11,763.030029296875,775.0,763.030029296875,763.030029296875,0
2023-10-12,766.6090087890625,768.0999755859375,763.8200073242188,766.2100219726562,0
2023-10-13,768.0999755859375,775.010009765625,765.22998046875,768.0999755859375,0
2023-10-16,769.510009765625,775.25,764.9299926757812,769.510009765625,0
2023-10-17,765.0,766.0,763.989990234375,765.0,0
2023-10-18,763.0,774.4400024414062,764.1400146484375,764.239990234375,0
2023-10-19,765.5,774.4400024414062,765.5,774.4400024414062,0
2023-10-20,749.0,765.3499755859375,763.5,763.5,0
2023-10-23,859.22998046875,883.0,764.5089721679688,764.5469970703125,0
2023-10-24,764.5800170898438,768.219970703125,764.4099731445312,764.64697265625,0
2023-10-25,860.0,794.9299926757812,764.4299926757812,764.4829711914062,0
2023-10-26,817.4099731445312,817.4099731445312,787.989990234375,817.4099731445312,0
2023-10-27,802.2000122070312,802.2000122070312,789.0,802.2000122070312,0
2023-10-30,794.5,789.4500122070312,785.97998046875,787.25,0
2023-10-31,785.97998046875,788.1900024414062,785.8499755859375,785.97998046875,0
2023-11-01,786.5,789.0,785.5800170898438,786.5,0
2023-11-02,788.0,788.0,785.5900268554688,788.0,0
2023-11-03,785.5900268554688,787.8300170898438,785.5900268554688,785.5900268554688,0
2023-11-06,806.27001953125,806.3499755859375,781.0499877929688,781.0499877929688,0
2023-11-07,799.5,799.5,786.0800170898438,799.5,0
2023-11-08,786.0900268554688,802.75,786.0900268554688,786.0900268554688,0
2023-11-09,802.7999877929688,802.7999877929688,802.0,802.7999877929688,0
2023-11-10,803.0059814453125,804.5,802.3800048828125,802.510009765625,0
2023-11-13,804.5,803.219970703125,799.6500244140625,799.6500244140625,0
2023-11-14,821.0,964.0,801.6599731445312,803.1699829101562,0
2023-11-15,845.0,845.5800170898438,844.0,844.9400024414062,0
2023-11-16,843.0800170898438,846.6900024414062,826.8400268554688,843.0800170898438,0
2023-11-17,845.0,845.0,839.5399780273438,845.0,0
2023-11-20,839.5399780273438,839.2899780273438,819.6799926757812,823.5499877929688,0
2023-11-21,819.6799926757812,821.0,817.25,819.6799926757812,0
2023-11-22,816.0999755859375,816.0999755859375,815.6099853515625,816.0999755859375,0
2023-11-23,803.8900146484375,804.4400024414062,803.8900146484375,803.8900146484375,0
2023-11-24,804.4400024414062,819.0,803.3499755859375,804.4400024414062,0
2023-11-27,803.0,805.5,789.0,801.4199829101562,0
2023-11-28,799.0,805.25,788.4500122070312,799.0,0
2023-11-29,789.0,793.25,784.9600219726562,789.0,0
2023-11-30,793.5,793.5,789.0,793.5,0
2023-12-01,790.0,790.0,788.5,790.0,0
2023-12-04,788.5,798.5,789.0,789.5800170898438,0
2023-12-05,798.5,801.5,798.5,798.5,0
2023-12-06,802.0,802.0,801.969970703125,802.0,0
2023-12-07,803.0,803.0,800.489990234375,803.0,0
2023-12-08,800.5,800.5,789.0,800.5,0
2023-12-11,803.0,790.5,789.0,790.3200073242188,0
2023-12-12,793.0,794.0,788.760009765625,793.0,0
2023-12-13,801.9199829101562,802.510009765625,789.0,801.9199829101562,0
2023-12-14,802.0,802.0,790.5,802.0,0
2023-12-15,790.5,802.5,789.0,790.5,0
2023-12-18,802.489990234375,794.2899780273438,789.4099731445312,794.2899780273438,0
2023-12-19,789.4099731445312,824.5,788.8200073242188,789.4099731445312,0
2023-12-20,800.0,824.5,824.469970703125,824.5,0
2023-12-21,824.5,824.5,823.3699951171875,824.5,0
2023-12-22,825.0759887695312,905.8900146484375,902.3099975585938,903.0,0
2023-12-25,903.3900146484375,904.219970703125,903.4600219726562,903.469970703125,0
2023-12-26,904.0700073242188,905.0,903.5999755859375,904.0700073242188,0
2023-12-27,904.5999755859375,905.0,903.0,904.5999755859375,0
2023-12-28,895.0,896.1099853515625,895.0,895.0,0
2023-12-29,897.0,897.0,896.1099853515625,897.0,0
2024-01-01,896.1400146484375,899.0900268554688,897.7899780273438,897.7899780273438,0
2024-01-02,898.5999755859375,898.5999755859375,895.0,898.5999755859375,0
2024-01-03,884.2999877929688,885.4099731445312,883.510009765625,884.2999877929688,0
2024-01-04,891.4000244140625,911.9400024414062,891.3400268554688,891.4000244140625,0
2024-01-05,912.0,913.9299926757812,911.8800048828125,912.0,0
2024-01-08,913.969970703125,910.0399780273438,883.5700073242188,909.4099731445312,0
2024-01-09,884.8049926757812,914.0,882.0900268554688,884.7000122070312,0
2024-01-10,914.0,914.0,913.9299926757812,914.0,0
2024-01-11,950.989990234375,957.5499877929688,950.989990234375,950.989990234375,0
2024-01-12,957.5499877929688,958.5,957.5499877929688,957.5499877929688,0
2024-01-15,957.010009765625,957.5499877929688,957.3599853515625,957.3599853515625,0
2024-01-16,957.5499877929688,960.0900268554688,910.25,957.5499877929688,0
2024-01-17,895.0,910.25,895.0,895.0,0
2024-01-18,873.4840087890625,895.02001953125,858.0,858.5599975585938,0
2024-01-19,895.02001953125,896.0,860.0,895.02001953125,0
2024-01-22,890.5399780273438,910.5,890.0,910.5,0
2024-01-23,890.510009765625,890.510009765625,870.0,890.510009765625,0
2024-01-24,915.4409790039062,915.0,899.77001953125,915.0,0
2024-01-25,899.77001953125,901.0,893.9500122070312,899.77001953125,0
2024-01-26,888.0,900.0999755859375,888.0,888.0,0
2024-01-29,898.7000122070312,910.5,891.5499877929688,900.780029296875,0
2024-01-30,893.0,893.0,891.0,893.0,0
2024-01-31,896.0,1191.0,896.0,896.0,0
2024-02-01,1194.0,1194.0,1192.0,1194.0,0
2024-02-02,1192.0,1413.0,1194.0,1194.0,0
2024-02-05,1192.0,1400.969970703125,1400.0,1400.0,0
2024-02-06,1400.0999755859375,1420.0,1399.5,1399.5,0
2024-02-07,1407.5,1417.6300048828125,1407.0,1407.5,0
2024-02-08,1417.6300048828125,1417.6300048828125,1417.1700439453125,1417.6300048828125,0
2024-02-09,1403.510009765625,1450.4000244140625,1397.0,1444.56005859375,0
2024-02-12,1474.1199951171875,1504.5,1474.1199951171875,1474.1199951171875,0
2024-02-13,1503.0,1503.0,1449.0,1503.0,0
2024-02-14,1515.0899658203125,1516.0,1499.3900146484375,1515.0899658203125,0
2024-02-15,1516.0,1516.699951171875,1514.0,1516.0,0
2024-02-16,1516.699951171875,1524.3299560546875,1493.1199951171875,1516.699951171875,0
2024-02-19,1493.22998046875,1530.5,1493.22998046875,1493.22998046875,0
2024-02-20,1493.22998046875,1605.800048828125,1490.0,1493.22998046875,0
2024-02-21,1605.800048828125,1606.0,1590.0,1605.800048828125,0
2024-02-22,1606.5,1606.5,1599.75,1606.5,0
2024-02-23,1606.5,1606.5,1604.550048828125,1606.5,0
2024-02-26,1606.5,1606.5,1560.0,1606.5,0
2024-02-27,1544.0,1574.0,1561.6400146484375,1563.5,0
2024-02-28,1578.5799560546875,1630.1600341796875,1558.0,1578.5799560546875,0
2024-02-29,1630.1600341796875,1630.1600341796875,1580.0,1630.1600341796875,0
2024-03-01,1617.050048828125,1617.050048828125,1616.0,1617.050048828125,0
2024-03-04,1577.56005859375,1544.0799560546875,1509.75,1544.0799560546875,0
2024-03-05,1511.989990234375,1560.510009765625,1540.0,1544.0799560546875,0
2024-03-06,1560.510009765625,1590.6700439453125,1560.0,1560.510009765625,0
2024-03-07,1590.6700439453125,1595.0,1580.5699462890625,1590.6700439453125,0
2024-03-08,1591.0,1595.0,1585.0,1591.0,0
2024-03-11,1593.8399658203125,1625.3699951171875,1585.0,1593.8399658203125,0
2024-03-12,1624.72998046875,1624.72998046875,1574.68994140625,1624.72998046875,0
2024-03-13,1612.280029296875,1612.280029296875,1579.75,1612.280029296875,0
2024-03-14,1612.280029296875,1616.0,1585.0,1593.4100341796875,0
2024-03-15,1594.0,1610.239990234375,1580.530029296875,1594.0,0
2024-03-18,1610.6199951171875,1591.8199462890625,1550.0,1591.6400146484375,0
2024-03-19,1563.9599609375,1564.719970703125,1476.75,1563.9599609375,0
2024-03-20,1476.75,1510.010009765625,1476.0,1476.75,0
2024-03-21,1481.0,1420.0,1369.989990234375,1420.0,0
2024-03-22,1369.989990234375,1428.530029296875,1410.43994140625,1410.43994140625,0
2024-03-25,1464.0,1449.5,1400.1400146484375,1448.3900146484375,0
2024-03-26,1424.3299560546875,1439.8900146484375,1391.530029296875,1424.3299560546875,0
2024-03-27,1394.52001953125,1403.219970703125,1394.52001953125,1394.52001953125,0
2024-03-28,1418.0699462890625,1418.0699462890625,1393.0,1418.0699462890625,0
2024-03-29,1393.010009765625,1393.010009765625,1393.010009765625,1393.010009765625,0
2024-04-01,1303.8399658203125,1306.1700439453125,1303.0,1303.8399658203125,0
2024-04-02,1306.1700439453125,1327.0400390625,1294.5,1306.1700439453125,0
2024-04-03,1304.0,1319.0999755859375,1259.0999755859375,1294.5,0
2024-04-04,1319.0999755859375,1319.1099853515625,1319.0999755859375,1319.0999755859375,0
2024-04-05,1319.0999755859375,1319.1099853515625,1242.5,1319.0999755859375,0
2024-04-08,1247.25,1295.6600341796875,1243.1500244140625,1295.6600341796875,0
2024-04-09,1241.1300048828125,1248.5899658203125,1236.739990234375,1241.1300048828125,0
2024-04-10,1248.0899658203125,1248.0899658203125,1245.449951171875,1248.0899658203125,0
2024-04-11,1239.3599853515625,1246.6700439453125,1239.3599853515625,1239.3599853515625,0
2024-04-12,1241.7900390625,1245.8699951171875,1193.8699951171875,1241.7900390625,0
2024-04-15,1200.0,1189.5,1150.72998046875,1150.8699951171875,0
2024-04-16,1152.5,1172.6400146484375,1147.199951171875,1152.5,0
2024-04-17,1140.5,1150.6800537109375,1139.3199462890625,1140.5,0
2024-04-18,1140.1400146484375,1164.199951171875,1138.0,1160.06005859375,0
2024-04-19,1149.77001953125,1150.5799560546875,1077.0,1149.77001953125,0
2024-04-22,1075.25,1189.25,1075.25,1075.25,0
2024-04-23,1233.0,1256.4599609375,1231.9599609375,1233.0,0
2024-04-24,1233.0,1290.0,1233.0,1233.0,0
2024-04-25,1253.530029296875,1279.52001953125,1253.530029296875,1253.530029296875,0
2024-04-26,1276.0,1305.719970703125,1279.52001953125,1279.52001953125,0
2024-04-29,1325.4599609375,1359.1700439453125,1324.6300048828125,1325.4599609375,0
2024-04-30,1356.5,1388.969970703125,1356.5,1356.5,0
2024-05-01,1389.5,1399.489990234375,1389.5,1389.5,0
2024-05-02,1394.0,1397.6099853515625,1368.8199462890625,1394.0,0
2024-05-03,1372.449951171875,1406.7099609375,1372.449951171875,1372.449951171875,0
2024-05-06,1393.239990234375,1405.8399658203125,1390.8399658203125,1393.239990234375,0
2024-05-07,1383.5,1384.3299560546875,1380.199951171875,1383.5,0
2024-05-08,1385.949951171875,1417.6400146484375,1383.4000244140625,1385.949951171875,0
2024-05-09,1406.9000244140625,1434.5,1405.75,1406.9000244140625,0
2024-05-10,1419.030029296875,1436.5,1419.030029296875,1419.030029296875,0
2024-05-13,1465.5400390625,1465.5400390625,1444.7900390625,1465.5400390625,0
2024-05-14,1444.7900390625,1492.489990234375,1483.97998046875,1483.97998046875,0
2024-05-15,1502.0,1533.719970703125,1474.5,1502.0,0
2024-05-16,1521.5,1544.5,1516.489990234375,1521.5,0
2024-05-17,1522.5,1524.5,1469.5,1522.5,0
2024-05-20,1494.5,1531.9300537109375,1479.06005859375,1494.5,0
2024-05-21,1531.9300537109375,1531.9300537109375,1415.0,1531.9300537109375,0
2024-05-22,1420.0,1454.5,1418.0,1420.0,0
2024-05-23,1432.0,1450.75,1429.5,1432.0,0
2024-05-24,1443.5,1479.5,1443.5,1443.5,0
2024-05-27,1467.6500244140625,1504.5,1467.6500244140625,1467.6500244140625,0
2024-05-28,1477.1300048828125,1481.9599609375,1390.4599609375,1477.1300048828125,0
2024-05-29,1390.449951171875,1446.9599609375,1399.9599609375,1429.4599609375,0
2024-05-30,1400.4599609375,1477.0,1467.0,1467.146728515625,0
2024-05-31,1334.050048828125,1336.0,1334.0400390625,1334.050048828125,0
2024-06-03,1484.5,1504.5,1474.5,1484.5,0
2024-06-04,1484.739990234375,1493.0,1480.5,1484.739990234375,0
2024-06-05,1468.9100341796875,1498.2900390625,1493.0,1493.0,0
2024-06-06,1497.030029296875,1497.030029296875,1495.719970703125,1497.030029296875,0
2024-06-07,1495.719970703125,1495.719970703125,1470.719970703125,1495.719970703125,0
2024-06-10,1497.3399658203125,1511.3900146484375,1471.3699951171875,1497.3399658203125,0
2024-06-11,1501.3699951171875,1501.3699951171875,1475.719970703125,1501.3699951171875,0
2024-06-12,1504.5,1504.5,1480.0,1504.5,0
2024-06-13,1504.5,1504.510009765625,1482.530029296875,1504.5,0
2024-06-14,1504.5,1504.5,1477.010009765625,1504.5,0
2024-06-17,1495.0,1482.5400390625,1482.5400390625,1482.5400390625,0
2024-06-18,1483.3199462890625,1494.5,1480.0,1494.5,0
2024-06-19,1490.0,1526.72998046875,1490.0,1490.0,0
2024-06-20,1489.5,1489.5,1489.5,1489.5,0
2024-06-21,1488.5,1514.5,1476.0,1488.5,0
2024-06-24,1514.5400390625,1530.4000244140625,1513.1400146484375,1514.550048828125,0
2024-06-25,1530.3900146484375,1535.3900146484375,1517.8900146484375,1530.3900146484375,0
2024-06-26,1535.3900146484375,1539.75,1515.4000244140625,1535.3900146484375,0
2024-06-27,1539.739990234375,1544.739990234375,1539.739990234375,1539.739990234375,0
2024-06-28,1539.739990234375,1539.969970703125,1529.2900390625,1539.739990234375,0
2024-07-01,1528.510009765625,1534.1400146484375,1532.1300048828125,1534.1400146484375,0
2024-07-02,1499.0,1504.0,1470.18994140625,1499.0,0
2024-07-03,1504.0,1504.0,1504.0,1504.0,0
2024-07-04,1525.75,1525.75,1525.75,1525.75,0
2024-07-05,1525.75,1525.75,1505.550048828125,1525.75,0
2024-07-08,1550.219970703125,1550.219970703125,1525.219970703125,1550.219970703125,0
2024-07-09,1550.219970703125,1550.219970703125,1535.6700439453125,1550.219970703125,0
2024-07-10,1550.219970703125,1577.719970703125,1544.9599609375,1550.219970703125,0
2024-07-11,1577.719970703125,1591.72998046875,1546.0799560546875,1577.719970703125,0
2024-07-12,1587.0,1619.4100341796875,1569.5,1587.0,0
2024-07-15,1597.530029296875,1619.3399658203125,1597.530029296875,1597.530029296875,0
2024-07-16,1599.5,1620.8599853515625,1610.1099853515625,1620.8599853515625,0
2024-07-17,1618.3599853515625,1628.3599853515625,1613.3599853515625,1618.3599853515625,0
2024-07-18,1614.3399658203125,1659.5,1603.5799560546875,1614.3399658203125,0
2024-07-19,1626.8399658203125,1634.3399658203125,1626.8399658203125,1626.8399658203125,0
2024-07-22,1624.8299560546875,1644.81005859375,1584.0,1624.8399658203125,0
2024-07-23,1586.5999755859375,1606.510009765625,1576.5,1586.5999755859375,0
2024-07-24,1593.75,1593.75,1552.300048828125,1593.75,0
2024-07-25,1583.75,1583.760009765625,1544.800048828125,1583.75,0
2024-07-26,1595.5,1595.5,1556.550048828125,1595.5,0
2024-07-29,1599.3900146484375,1619.5,1619.489990234375,1619.5,0
2024-07-30,1619.5,1659.489990234375,1597.010009765625,1619.5,0
2024-07-31,1624.5,1660.5699462890625,1635.56005859375,1660.5699462890625,0
2024-08-01,1660.5699462890625,1660.5699462890625,1660.56005859375,1660.5699462890625,0
2024-08-02,1660.5699462890625,1660.5699462890625,1616.530029296875,1660.5699462890625,0
2024-08-05,1625.47998046875,1625.8900146484375,1594.06005859375,1625.8900146484375,0
2024-08-06,1594.06005859375,1594.06005859375,1593.449951171875,1594.06005859375,0
2024-08-07,1593.449951171875,1607.2099609375,1580.949951171875,1607.2099609375,0
2024-08-08,1580.949951171875,1599.489990234375,1580.949951171875,1580.949951171875,0
2024-08-09,1599.489990234375,1599.489990234375,1569.5,1599.489990234375,0
2024-08-12,1583.530029296875,1589.5,1559.5,1589.5,0
2024-08-13,1589.5,1589.510009765625,1579.5,1583.52001953125,0
2024-08-14,1589.5,1589.510009765625,1589.5,1589.5,0
2024-08-15,1589.5,1589.5,1573.9000244140625,1589.5,0
2024-08-16,1592.219970703125,1592.219970703125,1587.3399658203125,1592.219970703125,0
2024-08-19,1589.5,1589.5400390625,1580.6300048828125,1589.5,0
2024-08-20,1597.0,1597.0,1589.5,1597.0,0
2024-08-21,1574.8499755859375,1581.81005859375,1571.25,1574.8499755859375,0
2024-08-22,1575.75,1582.4300537109375,1572.8699951171875,1575.75,0
2024-08-23,1575.0799560546875,1588.8499755859375,1573.8599853515625,1575.0799560546875,0
2024-08-26,1592.469970703125,1589.5,1569.3199462890625,1574.5,0
2024-08-27,1589.5,1590.260009765625,1588.010009765625,1589.5,0
2024-08-28,1589.449951171875,1599.449951171875,1588.02001953125,1589.449951171875,0
2024-08-29,1589.68994140625,1596.5400390625,1589.0400390625,1590.760009765625,0
2024-08-30,1591.72998046875,1598.6300048828125,1589.510009765625,1591.72998046875,0
2024-09-02,1595.0,1598.8900146484375,1589.469970703125,1590.6800537109375,0
2024-09-03,1589.469970703125,1599.9200439453125,1589.3299560546875,1589.469970703125,0
2024-09-04,1589.5,1604.93994140625,1588.6099853515625,1589.5,0
2024-09-05,1602.489990234375,1607.5999755859375,1602.489990234375,1602.489990234375,0
2024-09-06,1603.5699462890625,1613.469970703125,1603.469970703125,1603.5699462890625,0
2024-09-09,1613.469970703125,1647.0,1606.280029296875,1613.469970703125,0
2024-09-10,1644.77001953125,1645.18994140625,1644.5,1644.77001953125,0
2024-09-11,1644.5,1654.25,1640.719970703125,1644.5,0
2024-09-12,1630.0,1657.6300048828125,1625.1199951171875,1654.5,0
2024-09-13,1654.93994140625,1654.93994140625,1615.3800048828125,1654.93994140625,0
2024-09-16,1651.280029296875,1647.81005859375,1638.5999755859375,1647.81005859375,0
2024-09-17,1638.5999755859375,1643.3599853515625,1638.5699462890625,1638.5999755859375,0
2024-09-18,1640.050048828125,1646.7099609375,1628.0799560546875,1640.050048828125,0
2024-09-19,1638.9300537109375,1642.300048828125,1637.699951171875,1638.9300537109375,0
2024-09-20,1639.8199462890625,1649.3499755859375,1617.02001953125,1639.8199462890625,0
2024-09-23,1615.010009765625,1638.780029296875,1637.4200439453125,1637.4200439453125,0
2024-09-24,1638.1199951171875,1638.1199951171875,1613.489990234375,1638.1199951171875,0
2024-09-25,1613.489990234375,1645.7900390625,1634.0999755859375,1634.0999755859375,0
2024-09-26,1649.9100341796875,1659.8800048828125,1649.4200439453125,1649.9100341796875,0
2024-09-27,1652.9000244140625,1667.989990234375,1651.6700439453125,1652.9000244140625,0
2024-09-30,1667.1099853515625,1669.5,1643.0,1667.989990234375,0
2024-10-01,1668.989990234375,1672.8399658203125,1667.8299560546875,1668.989990234375,0
2024-10-02,1667.8299560546875,1670.0999755859375,1667.8299560546875,1667.8299560546875,0
2024-10-03,1670.239990234375,1670.56005859375,1644.5,1670.239990234375,0
2024-10-04,1657.1700439453125,1663.6500244140625,1619.5,1657.1700439453125,0
2024-10-07,1657.3599853515625,1657.3599853515625,1614.5,1657.3599853515625,0
2024-10-08,1619.0999755859375,1657.3599853515625,1618.300048828125,1657.3599853515625,0
2024-10-09,1619.6800537109375,1624.3299560546875,1619.5999755859375,1619.6800537109375,0
2024-10-10,1620.0,1623.8800048828125,1619.7900390625,1620.0,0
2024-10-11,1619.7900390625,1623.6800537109375,1619.5899658203125,1619.7900390625,0
2024-10-14,1621.6500244140625,1634.699951171875,1618.489990234375,1618.489990234375,0
2024-10-15,1634.699951171875,1635.510009765625,1631.77001953125,1634.699951171875,0
2024-10-16,1634.5,1644.6800537109375,1634.3399658203125,1634.5,0
2024-10-17,1634.3399658203125,1636.510009765625,1634.31005859375,1634.3399658203125,0
2024-10-18,1634.31005859375,1637.1700439453125,1634.31005859375,1634.31005859375,0
2024-10-21,1641.02001953125,1638.550048828125,1632.1500244140625,1632.1500244140625,0
2024-10-22,1638.550048828125,1642.8399658203125,1638.550048828125,1638.550048828125,0
2024-10-23,1645.1300048828125,1645.280029296875,1640.72998046875,1645.1300048828125,0
2024-10-24,1642.5899658203125,1642.8599853515625,1641.8699951171875,1642.5899658203125,0
2024-10-25,1645.1300048828125,1658.1700439453125,1641.050048828125,1645.1300048828125,0
2024-10-28,1644.5,1642.760009765625,1629.0,1642.760009765625,0
2024-10-29,1642.2900390625,1682.0,1642.2900390625,1642.2900390625,0
2024-10-30,1647.6300048828125,1647.6300048828125,1640.68994140625,1647.6300048828125,0
2024-10-31,1646.1300048828125,1652.1600341796875,1641.239990234375,1646.1300048828125,0
2024-11-01,1642.2900390625,1646.1199951171875,1641.8599853515625,1642.2900390625,0
2024-11-04,1647.0,1645.8299560546875,1640.3299560546875,1641.739990234375,0
2024-11-05,1643.2900390625,1663.1400146484375,1643.2900390625,1643.2900390625,0
2024-11-06,1661.219970703125,1681.550048828125,1661.219970703125,1661.219970703125,0
2024-11-07,1672.9000244140625,1698.530029296875,1672.9000244140625,1672.9000244140625,0
2024-11-08,1681.030029296875,1682.7099609375,1671.8499755859375,1681.030029296875,0
2024-11-11,1667.5799560546875,1702.22998046875,1665.989990234375,1679.780029296875,0
2024-11-12,1672.77001953125,1679.27001953125,1664.1300048828125,1672.77001953125,0
2024-11-13,1672.1800537109375,1697.1300048828125,1672.1800537109375,1672.1800537109375,0
2024-11-14,1676.9599609375,1683.97998046875,1676.9599609375,1676.9599609375,0
2024-11-15,1679.4599609375,1679.4599609375,1661.4200439453125,1679.4599609375,0
2024-11-18,1665.3199462890625,1697.0,1662.4300537109375,1666.1300048828125,0
2024-11-19,1667.530029296875,1679.6600341796875,1658.5,1658.739990234375,0
2024-11-20,1678.8499755859375,1679.4599609375,1674.31005859375,1678.8499755859375,0
2024-11-21,1682.5400390625,1692.8599853515625,1677.760009765625,1680.0899658203125,0
2024-11-22,1693.6800537109375,1693.6800537109375,1684.800048828125,1684.800048828125,0
2024-11-25,1696.199951171875,1692.6400146484375,1679.3499755859375,1692.6400146484375,0
2024-11-26,1682.6300048828125,1682.6300048828125,1678.27001953125,1682.6300048828125,0
2024-11-27,1691.77001953125,1691.77001953125,1684.56005859375,1691.77001953125,0
2024-11-28,1689.530029296875,1689.530029296875,1684.56005859375,1684.56005859375,0
2024-11-29,1685.6500244140625,1685.6500244140625,1665.97998046875,1685.6500244140625,0
2024-12-02,1683.449951171875,1684.97998046875,1662.530029296875,1680.8199462890625,0
2024-12-03,1675.9599609375,1675.9599609375,1651.06005859375,1675.9599609375,0
2024-12-04,1657.6800537109375,1667.010009765625,1627.81005859375,1657.6800537109375,0
2024-12-05,1627.56005859375,1633.4200439453125,1593.25,1627.56005859375,0
2024-12-06,1605.9000244140625,1614.18994140625,1578.6300048828125,1605.9000244140625,0
2024-12-09,1578.6300048828125,1581.81005859375,1569.93994140625,1579.31005859375,0
2024-12-10,1574.2900390625,1576.81005859375,1569.93994140625,1574.2900390625,0
2024-12-11,1576.81005859375,1577.699951171875,1548.6500244140625,1576.81005859375,0
2024-12-12,1548.6500244140625,1551.7900390625,1538.050048828125,1540.06005859375,0
2024-12-13,1548.3699951171875,1550.72998046875,1540.1600341796875,1548.3699951171875,0
2024-12-16,1547.6099853515625,1551.5400390625,1538.31005859375,1539.1500244140625,0
2024-12-17,1541.9300537109375,1552.68994140625,1541.9300537109375,1541.9300537109375,0
2024-12-18,1552.5899658203125,1556.280029296875,1547.9000244140625,1552.5899658203125,0
2024-12-19,1555.6300048828125,1555.6300048828125,1544.9599609375,1544.9599609375,0
2024-12-20,1553.0699462890625,1555.93994140625,1536.9300537109375,1553.0699462890625,0
2024-12-23,1549.0400390625,1548.510009765625,1542.93994140625,1547.5699462890625,0
2024-12-24,1548.510009765625,1548.510009765625,1541.4300537109375,1548.510009765625,0
2024-12-25,1541.4300537109375,1541.4300537109375,1540.6600341796875,1541.4300537109375,0
2024-12-26,1540.6600341796875,1541.5799560546875,1540.6600341796875,1540.6600341796875,0
2024-12-27,1541.5799560546875,1552.0,1541.5799560546875,1541.5799560546875,0
2024-12-30,1548.27001953125,1549.199951171875,1542.7900390625,1548.5,0
2024-12-31,1545.5,1548.6800537109375,1542.7900390625,1545.5,0
2025-01-02,1545.5,1545.5799560546875,1540.8499755859375,1543.5799560546875,0
2025-01-03,1545.5799560546875,1550.219970703125,1543.6600341796875,1543.6600341796875,0
2025-01-06,1541.699951171875,1544.2099609375,1543.219970703125,1544.2099609375,0
2025-01-07,1543.219970703125,1545.52001953125,1533.1099853515625,1543.219970703125,0
2025-01-08,1540.5,1548.489990234375,1539.1300048828125,1540.5,0
2025-01-09,1541.6600341796875,1546.97998046875,1538.1400146484375,1541.6600341796875,0
2025-01-10,1547.02001953125,1550.969970703125,1533.1099853515625,1547.02001953125,0
2025-01-13,1550.969970703125,1555.510009765625,1542.27001953125,1554.4000244140625,0
2025-01-14,1549.1700439453125,1551.8499755859375,1542.2900390625,1549.1700439453125,0
2025-01-15,1551.2900390625,1554.5,1547.469970703125,1551.2900390625,0
2025-01-16,1555.0,1557.5899658203125,1551.3399658203125,1551.3399658203125,0
2025-01-17,1559.5999755859375,1559.9100341796875,1555.9200439453125,1559.5999755859375,0
2025-01-20,1552.8499755859375,1559.02001953125,1547.5,1557.9200439453125,0
2025-01-21,1555.3499755859375,1555.3499755859375,1547.5,1555.3499755859375,0
2025-01-22,1554.5,1555.6600341796875,1549.8900146484375,1554.5,0
2025-01-23,1556.5,1558.4200439453125,1544.9100341796875,1556.5,0
2025-01-24,1558.0,1558.0,1534.510009765625,1558.0,0
2025-01-27,1557.5,1539.77001953125,1520.0799560546875,1530.8199462890625,0
2025-01-28,1550.739990234375,1550.739990234375,1522.2099609375,1550.739990234375,0
2025-01-29,1552.239990234375,1555.5,1509.31005859375,1549.97998046875,0
2025-01-30,1552.739990234375,1552.739990234375,1527.0,1552.739990234375,0
2025-01-31,1527.0,1527.0,1490.75,1498.5,0
2025-02-03,1502.5,1500.739990234375,1473.239990234375,1494.18994140625,0
2025-02-04,1482.9300537109375,1497.0,1480.5400390625,1482.9300537109375,0
2025-02-05,1491.0,1497.239990234375,1487.8199462890625,1491.0,0
2025-02-06,1497.199951171875,1504.699951171875,1496.9100341796875,1496.9100341796875,0
2025-02-07,1498.2099609375,1505.0400390625,1498.2099609375,1499.5,0
2025-02-10,1498.2099609375,1507.1099853515625,1496.9100341796875,1496.9100341796875,0
2025-02-11,1501.2099609375,1502.989990234375,1499.219970703125,1501.2099609375,0
2025-02-12,1502.3900146484375,1512.3699951171875,1496.5999755859375,1502.3900146484375,0
2025-02-13,1505.6400146484375,1510.969970703125,1494.5,1505.6400146484375,0
2025-02-14,1506.6500244140625,1514.8199462890625,1501.5999755859375,1506.6500244140625,0
2025-02-17,1505.0,1509.800048828125,1508.06005859375,1509.800048828125,0
2025-02-18,1510.050048828125,1514.5,1505.1099853515625,1510.050048828125,0
2025-02-19,1506.5,1512.0,1505.199951171875,1508.5,0
2025-02-20,1505.5,1507.5,1490.56005859375,1507.5,0
2025-02-21,1510.52001953125,1511.0,1499.6099853515625,1508.5400390625,0
2025-02-24,1501.760009765625,1503.81005859375,1494.260009765625,1501.280029296875,0
2025-02-25,1501.3699951171875,1501.3699951171875,1497.8599853515625,1501.3699951171875,0
2025-02-26,1500.06005859375,1503.5,1496.5799560546875,1503.5,0
2025-02-27,1499.4599609375,1499.4599609375,1497.260009765625,1499.4599609375,0
2025-02-28,1498.81005859375,1500.1199951171875,1498.81005859375,1498.81005859375,0
2025-03-03,1502.0,1501.18994140625,1498.030029296875,1501.18994140625,0
2025-03-04,1501.25,1502.5,1496.18994140625,1501.25,0
2025-03-05,1498.75,1501.25,1492.9300537109375,1498.75,0
2025-03-06,1495.3399658203125,1506.530029296875,1495.3399658203125,1495.3399658203125,0
2025-03-07,1503.4300537109375,1517.3900146484375,1503.4300537109375,1503.4300537109375,0
2025-03-10,1514.5,1532.5999755859375,1511.6800537109375,1514.1600341796875,0
2025-03-11,1525.0,1530.2099609375,1525.0,1525.0,0
2025-03-12,1531.43994140625,1545.5,1531.4100341796875,1531.43994140625,0
2025-03-13,1531.5,1556.9200439453125,1531.5,1531.5,0
2025-03-14,1553.1700439453125,1554.3599853515625,1533.1099853515625,1553.1700439453125,0
2025-03-17,1553.27001953125,1541.949951171875,1535.5400390625,1539.1199951171875,0
2025-03-18,1539.4100341796875,1544.239990234375,1533.1800537109375,1539.4100341796875,0
2025-03-19,1539.02001953125,1540.47998046875,1525.47998046875,1539.02001953125,0
2025-03-20,1545.0,1549.5,1525.6300048828125,1549.5,0
2025-03-21,1550.5,1535.0,1525.56005859375,1535.0,0
2025-03-24,1549.5,1535.5,1525.0699462890625,1535.5,0
2025-03-25,1521.5,1532.530029296875,1521.5,1523.5,0
2025-03-26,1527.0,1536.77001953125,1527.0,1527.0,0
2025-03-27,1534.72998046875,1539.1800537109375,1533.25,1534.72998046875,0
2025-03-28,1536.760009765625,1539.5,1534.0999755859375,1536.760009765625,0
2025-03-31,1522.719970703125,1538.3599853515625,1522.719970703125,1522.719970703125,0
2025-04-01,1533.77001953125,1537.219970703125,1532.219970703125,1533.77001953125,0
2025-04-02,1541.6400146484375,1541.6400146484375,1530.18994140625,1541.6400146484375,0
2025-04-03,1536.719970703125,1539.2900390625,1534.5400390625,1536.719970703125,0
2025-04-04,1538.3800048828125,1547.530029296875,1529.9200439453125,1536.5,0
2025-04-07,1545.3900146484375,1585.8499755859375,1541.6400146484375,1545.3900146484375,0
2025-04-08,1565.5,1619.5,1548.5899658203125,1565.5,0
2025-04-09,1549.8399658203125,1620.7099609375,1549.8399658203125,1549.8399658203125,0
2025-04-10,1570.0,1619.5,1569.5,1570.0,0
2025-04-11,1589.0,1627.22998046875,1589.0,1589.0,0
2025-04-14,1592.0,1614.7900390625,1592.1800537109375,1592.3599853515625,0
2025-04-15,1604.719970703125,1609.8900146484375,1599.5,1604.719970703125,0
2025-04-16,1604.530029296875,1606.9100341796875,1601.97998046875,1604.530029296875,0
2025-04-17,1604.75,1609.5,1600.75,1604.75,0
2025-04-22,1604.1500244140625,1605.6600341796875,1601.52001953125,1604.1500244140625,0
2025-04-23,1605.699951171875,1613.9599609375,1602.81005859375,1605.699951171875,0
2025-04-24,1608.1500244140625,1615.5400390625,1608.1500244140625,1608.1500244140625,0
2025-04-25,1609.0999755859375,1615.030029296875,1605.0,1609.0999755859375,0
2025-04-28,1606.4300537109375,1611.0,1605.8299560546875,1606.4300537109375,0
2025-04-29,1604.5699462890625,1606.0899658203125,1601.0,1604.56005859375,0
2025-04-30,1602.68994140625,1603.75,1599.5400390625,1602.68994140625,0
2025-05-01,1602.199951171875,1608.3299560546875,1602.030029296875,1602.030029296875,0
2025-05-02,1605.8499755859375,1605.949951171875,1601.7900390625,1605.8499755859375,0
2025-05-05,1606.3699951171875,1609.5,1602.8299560546875,1606.3699951171875,0
2025-05-06,1605.2099609375,1607.72998046875,1603.7900390625,1605.2099609375,0
2025-05-07,1606.0899658203125,1608.719970703125,1604.56005859375,1606.0899658203125,0
2025-05-08,1606.530029296875,1610.9300537109375,1606.52001953125,1607.0999755859375,0
2025-05-09,1609.6300048828125,1611.1800537109375,1607.43994140625,1609.6300048828125,0
2025-05-12,1608.27001953125,1612.6500244140625,1598.199951171875,1608.27001953125,0
2025-05-13,1601.5699462890625,1602.5,1599.199951171875,1601.5699462890625,0
2025-05-14,1601.93994140625,1603.1800537109375,1600.02001953125,1601.93994140625,0
2025-05-15,1600.06005859375,1600.8199462890625,1598.56005859375,1600.06005859375,0
2025-05-16,1601.43994140625,1602.0699462890625,1598.5799560546875,1601.43994140625,0
2025-05-19,1606.68994140625,1606.68994140625,1601.3499755859375,1606.68994140625,0
2025-05-20,1601.5799560546875,1608.3499755859375,1594.510009765625,1601.5799560546875,0
2025-05-21,1597.5400390625,1597.5400390625,1587.18994140625,1597.5400390625,0
2025-05-22,1589.050048828125,1593.6400146484375,1587.3399658203125,1589.050048828125,0
2025-05-23,1589.27001953125,1590.449951171875,1586.8599853515625,1589.280029296875,0
2025-05-26,1586.989990234375,1586.3800048828125,1582.06005859375,1586.0899658203125,0
2025-05-27,1582.8399658203125,1586.3299560546875,1580.760009765625,1582.8399658203125,0
2025-05-28,1584.5999755859375,1588.25,1583.8399658203125,1584.5899658203125,0
2025-05-29,1586.6400146484375,1590.27001953125,1585.72998046875,1586.6400146484375,0
2025-05-30,1589.7900390625,1590.260009765625,1586.719970703125,1589.7900390625,0
2025-06-02,1585.719970703125,1585.719970703125,1581.1700439453125,1585.719970703125,0
2025-06-03,1582.9200439453125,1582.9200439453125,1578.25,1582.9200439453125,0
2025-06-04,1581.75,1584.1300048828125,1574.5,1581.75,0
2025-06-05,1579.6500244140625,1579.6500244140625,1562.93994140625,1579.6500244140625,0
2025-06-06,1560.6700439453125,1562.0,1558.93994140625,1560.6700439453125,0
2025-06-09,1562.219970703125,1562.219970703125,1557.75,1562.219970703125,0
2025-06-10,1558.06005859375,1558.219970703125,1543.3599853515625,1558.06005859375,0
2025-06-11,1545.469970703125,1547.1099853515625,1540.8800048828125,1545.469970703125,0
2025-06-12,1540.1099853515625,1540.1099853515625,1532.4300537109375,1540.1099853515625,0
2025-06-13,1539.3199462890625,1555.489990234375,1539.3199462890625,1539.3199462890625,0
2025-06-16,1541.93994140625,1546.6099853515625,1542.0,1542.0,0
2025-06-17,1542.489990234375,1547.4300537109375,1542.489990234375,1542.489990234375,0
2025-06-18,1542.8399658203125,1549.3599853515625,1542.8399658203125,1542.8399658203125,0
2025-06-19,1544.699951171875,1551.7900390625,1544.699951171875,1544.699951171875,0
2025-06-20,1547.9100341796875,1550.9300537109375,1546.8900146484375,1547.9100341796875,0
2025-06-23,1549.43994140625,1555.0,1546.8199462890625,1549.43994140625,0
2025-06-24,1550.010009765625,1551.5,1546.219970703125,1550.010009765625,0
2025-06-25,1548.050048828125,1550.25,1546.22998046875,1548.050048828125,0
2025-06-26,1549.9300537109375,1551.5,1539.68994140625,1549.9300537109375,0
2025-06-27,1543.3499755859375,1547.72998046875,1541.25,1543.3599853515625,0
2025-06-30,1542.010009765625,1543.06005859375,1534.0899658203125,1542.010009765625,0
2025-07-01,1536.93994140625,1541.25,1530.5999755859375,1536.93994140625,0
2025-07-02,1533.47998046875,1535.4300537109375,1530.4100341796875,1533.47998046875,0
2025-07-03,1528.4000244140625,1533.0799560546875,1526.4200439453125,1528.4000244140625,0
2025-07-04,1534.010009765625,1534.010009765625,1528.030029296875,1534.010009765625,0
2025-07-07,1529.0,1532.3499755859375,1524.469970703125,1529.0,0
2025-07-08,1534.6099853515625,1534.6099853515625,1527.469970703125,1534.6099853515625,0
2025-07-09,1533.5699462890625,1534.5,1528.260009765625,1533.5699462890625,0
2025-07-10,1533.1099853515625,1533.5,1525.6700439453125,1533.1099853515625,0
2025-07-11,1530.02001953125,1531.3499755859375,1526.8399658203125,1530.02001953125,0
2025-07-14,1529.7900390625,1531.550048828125,1525.5,1527.9000244140625,0
2025-07-15,1527.1600341796875,1533.8800048828125,1527.1600341796875,1527.1600341796875,0
2025-07-16,1529.06005859375,1529.06005859375,1524.6600341796875,1529.06005859375,0
2025-07-17,1529.780029296875,1531.530029296875,1525.5400390625,1529.780029296875,0
2025-07-18,1527.0799560546875,1531.800048828125,1524.8199462890625,1527.06005859375,0
2025-07-21,1529.030029296875,1533.5899658203125,1529.030029296875,1529.030029296875,0
2025-07-22,1529.489990234375,1532.1600341796875,1526.72998046875,1529.489990234375,0
2025-07-23,1530.2900390625,1533.0400390625,1525.0799560546875,1530.2900390625,0
2025-07-24,1530.739990234375,1530.780029296875,1522.52001953125,1530.739990234375,0
2025-07-25,1531.75,1532.7900390625,1526.8599853515625,1531.75,0
2025-07-28,1526.9200439453125,1530.06005859375,1524.699951171875,1526.9200439453125,0
2025-07-29,1529.3800048828125,1534.300048828125,1528.489990234375,1529.3800048828125,0
2025-07-30,1529.300048828125,1533.6300048828125,1529.300048828125,1529.300048828125,0
2025-07-31,1530.199951171875,1532.4599609375,1529.6800537109375,1530.199951171875,0
2025-08-01,1530.699951171875,1531.9300537109375,1529.8399658203125,1530.699951171875,0
2025-08-04,1508.530029296875,1529.510009765625,1508.530029296875,1508.530029296875,0
2025-08-05,1522.1800537109375,1529.449951171875,1519.989990234375,1522.1800537109375,0
2025-08-06,1528.0999755859375,1531.449951171875,1526.5,1528.0999755859375,0
2025-08-07,1529.5999755859375,1536.300048828125,1524.4000244140625,1529.5999755859375,0
2025-08-08,1529.010009765625,1531.8900146484375,1529.010009765625,1529.010009765625,0
2025-08-11,1531.1199951171875,1534.4200439453125,1530.1300048828125,1530.1300048828125,0
2025-08-12,1534.0,1537.47998046875,1534.0,1534.0,0
2025-08-13,1534.0,1536.5,1532.8699951171875,1534.0,0
2025-08-14,1532.9000244140625,1535.699951171875,1531.31005859375,1532.9000244140625,0
2025-08-15,1532.6400146484375,1532.6400146484375,1529.5699462890625,1532.6400146484375,0
2025-08-18,1528.68994140625,1531.9599609375,1528.550048828125,1528.68994140625,0
2025-08-19,1534.8199462890625,1535.0,1532.3900146484375,1534.0,0
2025-08-20,1534.9300537109375,1535.27001953125,1533.75,1534.9300537109375,0
2025-08-21,1536.6600341796875,1536.6600341796875,1534.0,1536.6600341796875,0
2025-08-22,1537.1400146484375,1539.3900146484375,1533.3199462890625,1537.1400146484375,0
2025-08-25,1518.72998046875,1529.4200439453125,1518.72998046875,1518.72998046875,0
2025-08-26,1536.5999755859375,1536.5999755859375,1531.280029296875,1536.219970703125,0
2025-08-27,1536.75,1536.75,1533.56005859375,1536.75,0
2025-08-28,1536.27001953125,1538.489990234375,1535.81005859375,1536.27001953125,0
2025-08-29,1535.18994140625,1536.4599609375,1533.1500244140625,1535.18994140625,0
2025-09-01,1531.489990234375,1532.489990234375,1528.510009765625,1531.489990234375,0
2025-09-02,1529.7900390625,1532.550048828125,1527.5,1529.7900390625,0
2025-09-03,1537.2099609375,1537.260009765625,1527.6400146484375,1537.2099609375,0
2025-09-04,1539.25,1539.25,1519.3499755859375,1539.25,0
2025-09-05,1522.719970703125,1529.3399658203125,1521.5699462890625,1522.719970703125,0
2025-09-08,1520.9300537109375,1523.3900146484375,1508.1400146484375,1520.9300537109375,0
2025-09-09,1506.0899658203125,1508.3599853515625,1505.010009765625,1506.0899658203125,0
2025-09-10,1504.2900390625,1513.989990234375,1501.1700439453125,1504.2900390625,0
2025-09-11,1503.530029296875,1508.93994140625,1503.530029296875,1503.530029296875,0
2025-09-12,1503.6400146484375,1503.6400146484375,1500.1800537109375,1503.6400146484375,0
2025-09-15,1500.3499755859375,1502.5,1499.4000244140625,1500.6600341796875,0
2025-09-16,1498.699951171875,1499.5400390625,1490.6400146484375,1498.699951171875,0
2025-09-17,1495.5999755859375,1495.5999755859375,1488.7099609375,1495.5999755859375,0
2025-09-18,1495.81005859375,1497.199951171875,1488.1199951171875,1495.81005859375,0
2025-09-19,1495.030029296875,1501.93994140625,1491.5,1495.030029296875,0
2025-09-22,1497.199951171875,1497.199951171875,1488.1500244140625,1497.199951171875,0
2025-09-23,1493.8299560546875,1494.0,1487.68994140625,1493.8299560546875,0
2025-09-24,1488.22998046875,1491.47998046875,1487.1800537109375,1488.22998046875,0
2025-09-25,1489.02001953125,1491.489990234375,1488.699951171875,1489.02001953125,0
2025-09-26,1490.6400146484375,1503.25,1486.2099609375,1490.6400146484375,0
2025-09-29,1485.22998046875,1485.8399658203125,1481.0899658203125,1485.22998046875,0
2025-09-30,1486.0999755859375,1486.2900390625,1474.5,1484.050048828125,0
2025-10-01,1484.5,1485.25,1479.1500244140625,1484.5,0
2025-10-02,1484.5,1484.75,1465.72998046875,1484.5,0
2025-10-03,1476.8699951171875,1476.8699951171875,1463.0999755859375,1476.8699951171875,0
2025-10-06,1464.0400390625,1468.1600341796875,1463.97998046875,1464.0400390625,0
2025-10-07,1471.0999755859375,1471.3800048828125,1463.510009765625,1471.3800048828125,0
2025-10-08,1469.550048828125,1471.719970703125,1467.0400390625,1469.550048828125,0
2025-10-09,1471.31005859375,1477.27001953125,1470.1600341796875,1471.31005859375,0
2025-10-10,1477.699951171875,1477.699951171875,1463.280029296875,1477.699951171875,0
2025-10-13,1463.5400390625,1463.5400390625,1456.3599853515625,1461.6500244140625,0
2025-10-14,1460.27001953125,1463.68994140625,1458.3199462890625,1460.27001953125,0
2025-10-15,1459.1800537109375,1464.219970703125,1455.25,1459.1800537109375,0
2025-10-16,1463.2900390625,1469.1199951171875,1463.2900390625,1463.2900390625,0
2025-10-17,1465.5699462890625,1469.449951171875,1461.81005859375,1465.5699462890625,0
2025-10-20,1469.3900146484375,1471.1700439453125,1466.3900146484375,1469.3900146484375,0
2025-10-21,1466.6400146484375,1468.97998046875,1464.3800048828125,1466.6400146484375,0
2025-10-22,1465.6199951171875,1468.1199951171875,1463.6800537109375,1465.6199951171875,0
2025-10-23,1463.050048828125,1464.800048828125,1460.4300537109375,1463.050048828125,0
2025-10-24,1460.75,1460.81005859375,1458.469970703125,1460.75,0
2025-10-27,1459.72998046875,1462.4100341796875,1457.5899658203125,1458.56005859375,0
2025-10-28,1457.75,1458.550048828125,1452.5,1457.75,0
2025-10-29,1456.22998046875,1456.22998046875,1449.25,1456.22998046875,0
2025-10-30,1452.5,1466.0,1445.5,1452.5,0
2025-10-31,1445.6600341796875,1451.260009765625,1440.1400146484375,1444.4000244140625,0
2025-11-03,1446.6600341796875,1453.0,1424.5999755859375,1444.22998046875,0
2025-11-04,1441.9300537109375,1442.5,1436.8299560546875,1441.9300537109375,0
2025-11-05,1442.260009765625,1442.510009765625,1437.47998046875,1442.260009765625,0
2025-11-06,1441.9599609375,1443.0,1436.4000244140625,1441.9599609375,0
2025-11-07,1437.6700439453125,1437.989990234375,1435.47998046875,1437.6700439453125,0
2025-11-10,1435.5,1436.489990234375,1434.5,1434.72998046875,0
2025-11-11,1437.3599853515625,1438.97998046875,1434.4200439453125,1434.4200439453125,0
2025-11-12,1435.8900146484375,1440.3699951171875,1435.8900146484375,1435.8900146484375,0
2025-11-13,1441.8299560546875,1442.699951171875,1438.93994140625,1439.5799560546875,0
2025-11-14,1440.8299560546875,1443.050048828125,1439.18994140625,1440.8299560546875,0
2025-11-17,1440.280029296875,1445.27001953125,1441.219970703125,1441.3599853515625,0
2025-11-18,1444.550048828125,1448.75,1443.3499755859375,1444.550048828125,0
2025-11-19,1444.0,1452.760009765625,1445.6099853515625,1446.9100341796875,0
2025-11-20,1450.6400146484375,1459.5999755859375,1450.6400146484375,1450.6400146484375,0
2025-11-21,1454.06005859375,1456.0999755859375,1450.8800048828125,1454.06005859375,0
2025-11-24,1451.9200439453125,1456.02001953125,1452.1800537109375,1453.1700439453125,0
2025-11-25,1454.25,1458.449951171875,1451.1199951171875,1454.25,0
2025-11-26,1448.81005859375,1448.81005859375,1445.18994140625,1448.81005859375,0
2025-11-27,1446.52001953125,1446.52001953125,1441.81005859375,1446.52001953125,0
2025-11-28,1444.52001953125,1446.97998046875,1443.3299560546875,1444.52001953125,0
2025-12-01,1446.6700439453125,1445.6700439453125,1439.8199462890625,1440.239990234375,0
2025-12-02,1446.449951171875,1447.4599609375,1444.3599853515625,1446.449951171875,0
2025-12-03,1446.739990234375,1446.77001953125,1443.219970703125,1446.739990234375,0
2025-12-04,1447.699951171875,1447.989990234375,1444.4000244140625,1447.699951171875,0
2025-12-05,1446.8599853515625,1450.550048828125,1446.8599853515625,1446.8599853515625,0
2025-12-08,1449.5799560546875,1451.75,1448.550048828125,1448.8699951171875,0
2025-12-09,1450.6199951171875,1452.6300048828125,1449.449951171875,1450.6199951171875,0
2025-12-10,1450.800048828125,1454.739990234375,1450.800048828125,1450.800048828125,0
2025-12-11,1448.4100341796875,1453.8299560546875,1445.949951171875,1448.4100341796875,0
2025-12-12,1452.1500244140625,1453.4100341796875,1448.6700439453125,1452.1500244140625,0
2025-12-15,1452.0699462890625,1452.1400146484375,1448.4200439453125,1448.4200439453125,0
2025-12-16,1451.5999755859375,1455.1600341796875,1450.68994140625,1451.02001953125,0
2025-12-17,1452.77001953125,1456.0799560546875,1453.010009765625,1453.5400390625,0
2025-12-18,1452.6700439453125,1458.1300048828125,1452.6700439453125,1452.6700439453125,0
2025-12-19,1457.3800048828125,1461.0400390625,1455.47998046875,1457.3800048828125,0
2025-12-22,1459.6600341796875,1460.219970703125,1457.93994140625,1459.0,0
2025-12-23,1459.3199462890625,1459.3199462890625,1452.0999755859375,1459.300048828125,0
2025-12-24,1460.25,1460.25,1447.989990234375,1460.25,0
2025-12-26,1449.949951171875,1450.2900390625,1447.989990234375,1450.0400390625,0
2025-12-29,1450.5899658203125,1450.4000244140625,1448.02001953125,1449.97998046875,0
2025-12-30,1454.9000244140625,1454.8900146484375,1445.4100341796875,1454.8900146484375,0
2025-12-31,1456.9200439453125,1456.9200439453125,1443.260009765625,1456.9200439453125,0
2026-01-02,1444.8699951171875,1446.1199951171875,1431.97998046875,1446.1199951171875,0
2026-01-05,1433.8699951171875,1444.010009765625,1432.989990234375,1438.969970703125,0
2026-01-06,1433.199951171875,1433.199951171875,1426.4599609375,1433.199951171875,0
2026-01-07,1424.3499755859375,1431.5,1423.1099853515625,1424.3499755859375,0
2026-01-08,1423.5799560546875,1427.02001953125,1421.780029296875,1423.5799560546875,0
2026-01-09,1424.3399658203125,1426.22998046875,1422.5,1424.3399658203125,0
2026-01-12,1428.93994140625,1426.18994140625,1420.949951171875,1426.18994140625,0
2026-01-13,1423.739990234375,1425.2900390625,1418.780029296875,1423.739990234375,0
2026-01-14,1421.75,1426.1700439453125,1420.3900146484375,1421.75,0
2026-01-15,1421.75,1422.9300537109375,1418.949951171875,1421.75,0
2026-01-16,1422.5,1424.0699462890625,1418.489990234375,1422.5,0
2026-01-19,1418.3299560546875,1422.0899658203125,1417.780029296875,1422.0899658203125,0
2026-01-20,1418.8699951171875,1419.030029296875,1416.5999755859375,1418.8699951171875,0
2026-01-21,1418.0799560546875,1420.4300537109375,1416.989990234375,1418.0799560546875,0
2026-01-22,1418.8699951171875,1422.530029296875,1418.0799560546875,1418.8699951171875,0
2026-01-23,1419.6300048828125,1422.0,1417.22998046875,1419.6300048828125,0
2026-01-26,1420.56005859375,1415.18994140625,1407.56005859375,1410.7099609375,0
2026-01-27,1412.6199951171875,1419.1800537109375,1406.6199951171875,1412.6199951171875,0
2026-01-28,1406.719970703125,1407.6700439453125,1393.9599609375,1406.719970703125,0
2026-01-29,1393.9599609375,1396.47998046875,1386.22998046875,1393.9599609375,0
2026-01-30,1387.5699462890625,1392.0699462890625,1386.31005859375,1387.5699462890625,0
2026-02-02,1385.97998046875,1398.3599853515625,1390.75,1398.3599853515625,0
2026-02-03,1390.5,1411.0400390625,1383.0799560546875,1390.5,0
2026-02-04,1391.3599853515625,1391.6099853515625,1366.8499755859375,1389.3599853515625,0
2026-02-05,1368.06005859375,1371.4000244140625,1365.699951171875,1368.06005859375,0
2026-02-06,1366.5999755859375,1368.4200439453125,1365.3299560546875,1366.5999755859375,0
2026-02-09,1366.47998046875,1363.72998046875,1357.0999755859375,1363.1800537109375,0
2026-02-10,1361.469970703125,1363.1800537109375,1348.219970703125,1361.469970703125,0
2026-02-11,1352.75,1358.3499755859375,1350.18994140625,1352.75,0
2026-02-12,1351.0799560546875,1354.6099853515625,1350.0,1350.1400146484375,0
2026-02-13,1352.530029296875,1355.989990234375,1351.0,1352.530029296875,0
2026-02-16,1352.9000244140625,1354.469970703125,1350.6800537109375,1353.0400390625,0
2026-02-17,1350.6800537109375,1354.6199951171875,1344.1099853515625,1350.6800537109375,0
2026-02-18,1345.010009765625,1344.949951171875,1338.989990234375,1344.6300048828125,0
2026-02-19,1339.5,1345.9100341796875,1339.5,1339.5,0
2026-02-20,1342.5699462890625,1345.52001953125,1340.5,1344.239990234375,0
2026-02-23,1342.6800537109375,1346.3699951171875,1338.6800537109375,1342.47998046875,0
2026-02-24,1343.31005859375,1353.2099609375,1343.31005859375,1343.31005859375,0
2026-02-25,1350.6300048828125,1354.510009765625,1349.06005859375,1350.6300048828125,0
2026-02-26,1350.6199951171875,1356.4000244140625,1347.489990234375,1350.6199951171875,0
2026-02-27,1354.75,1359.719970703125,1352.0,1354.75,0
2026-03-02,1361.93994140625,1368.8900146484375,1358.0,1359.0799560546875,0
2026-03-03,1370.3199462890625,1379.31005859375,1367.780029296875,1367.780029296875,0
2026-03-04,1378.550048828125,1386.27001953125,1376.5400390625,1378.550048828125,0
2026-03-05,1382.3699951171875,1386.739990234375,1382.3699951171875,1382.3699951171875,0
2026-03-06,1384.800048828125,1390.75,1384.699951171875,1384.800048828125,0
2026-03-09,1387.0,1406.5400390625,1384.239990234375,1384.239990234375,0
2026-03-10,1397.739990234375,1409.489990234375,1395.739990234375,1397.739990234375,0
2026-03-11,1396.5,1398.5699462890625,1391.469970703125,1396.5,0
2026-03-12,1394.0,1399.5699462890625,1385.3399658203125,1393.3199462890625,0
2026-03-13,1398.239990234375,1398.239990234375,1383.3800048828125,1394.0699462890625,0
2026-03-16,1385.0,1388.1500244140625,1366.0,1385.4200439453125,0
2026-03-17,1368.25,1371.8699951171875,1353.75,1367.4300537109375,0
2026-03-18,1352.3800048828125,1357.510009765625,1349.0,1352.3800048828125,0
2026-03-19,1355.030029296875,1363.1800537109375,1354.5,1354.5,0
2026-03-20,1357.0,1357.5,1351.989990234375,1356.300048828125,0
2026-03-23,1355.75,1377.81005859375,1352.719970703125,1352.719970703125,0
2026-03-24,1377.25,1380.8299560546875,1365.9100341796875,1380.8299560546875,0
2026-03-25,1374.760009765625,1383.75,1374.68994140625,1375.8399658203125,0
2026-03-26,1383.18994140625,1386.47998046875,1383.0699462890625,1383.1800537109375,0
2026-03-27,1383.97998046875,1386.0799560546875,1381.260009765625,1384.260009765625,0
2026-03-30,1378.0,1386.5899658203125,1378.0,1378.0,0
2026-03-31,1385.0999755859375,1385.25,1382.8699951171875,1385.0999755859375,0
2026-04-01,1384.77001953125,1384.800048828125,1379.97998046875,1384.77001953125,0
2026-04-02,1379.530029296875,1382.1300048828125,1378.9599609375,1379.530029296875,0
2026-04-03,1380.719970703125,1380.75,1377.300048828125,1380.719970703125,0
2026-04-06,1377.300048828125,1380.56005859375,1377.300048828125,1377.300048828125,0
2026-04-07,1378.5999755859375,1383.06005859375,1378.5999755859375,1378.5999755859375,0
2026-04-08,1382.8399658203125,1385.489990234375,1374.6500244140625,1382.8399658203125,0
2026-04-09,1378.47998046875,1379.0,1360.4599609375,1378.47998046875,0
2026-04-10,1361.219970703125,1362.8499755859375,1357.9000244140625,1361.219970703125,0
2026-04-13,1357.8399658203125,1362.5,1351.0899658203125,1357.8399658203125,0
2026-04-14,1356.81005859375,1359.449951171875,1348.3499755859375,1356.81005859375,0
2026-04-15,1351.3599853515625,1351.760009765625,1345.3800048828125,1351.3599853515625,0
2026-04-16,1344.1800537109375,1344.1800537109375,1340.6700439453125,1344.1800537109375,0
