date,obrent,obrent_return,obrent_vol_7d
2021-01-04,50.37,0.0,0.0
2021-01-05,53.16,0.05391047408748534,0.0
2021-01-06,53.8,0.011967233322694193,0.0
2021-01-07,53.7,-0.0018604656529195673,0.0
2021-01-08,55.51,0.03315018318725075,0.0
2021-01-09,55.51,0.0,0.0
2021-01-10,55.51,0.0,0.02161466686918824
2021-01-11,54.84,-0.012143330007956208,0.023333388910841864
2021-01-12,55.98,0.020574629393193728,0.015463497889958442
2021-01-13,55.52,-0.008251167888758251,0.01632878244351495
2021-01-14,55.76,0.0043134502537193475,0.01609327996368164
2021-01-15,54.8,-0.01736657249829859,0.012485911329283133
2021-01-16,54.8,0.0,0.012485911329283133
2021-01-17,54.8,0.0,0.012485911329283133
2021-01-18,54.21,-0.010824800681723,0.012313305296095497
2021-01-19,55.38,0.02135312447056906,0.012548764353165886
2021-01-20,55.66,0.005043238354928816,0.0123684012973526
2021-01-21,55.68,0.00035925992841950486,0.012247441316719648
2021-01-22,55.22,-0.008295809524155864,0.010481637753490735
2021-01-23,55.22,0.0,0.010481637753490735
2021-01-24,55.22,0.0,0.010481637753490735
2021-01-25,55.44,0.003976148379639417,0.009075967515055298
2021-01-26,55.26,-0.0032520353863773432,0.0044739442618290885
2021-01-27,55.07,-0.0034442162208803543,0.003893887830624938
2021-01-28,54.87,-0.0036383522035062024,0.0038649701650318486
2021-01-29,55.25,0.006901589326978164,0.0040635681242206356
2021-01-30,55.25,0.0,0.0040635681242206356
2021-01-31,55.25,0.0,0.0040635681242206356
2021-02-01,56.42,0.02095536517598809,0.008930970517984676
2021-02-02,57.62,0.021046024082532207,0.010839319607167299
2021-02-03,58.61,0.017035600831955527,0.010635394152127414
2021-02-04,58.98,0.006293072898792323,0.009257108467126601
2021-02-05,59.48,0.008441718204824155,0.009180337417411451
2021-02-06,59.48,0.0,0.009180337417411451
2021-02-07,59.48,0.0,0.009180337417411451
2021-02-08,60.17,0.011533767640306192,0.008015362960062621
2021-02-09,60.74,0.009428570385342264,0.00613397800416582
2021-02-10,61.17,0.007054413636870818,0.004499197312520005
2021-02-11,61.09,-0.0013086865927979254,0.005294096025293651
2021-02-12,62.47,0.02233825484380298,0.008453322739438027
2021-02-13,62.47,0.0,0.008453322739438027
2021-02-14,62.47,0.0,0.008453322739438027
2021-02-15,63.58,0.0176125139771782,0.009268793624201294
2021-02-16,63.96,0.005958932483096847,0.00926463923883807
2021-02-17,65.02,0.01643702691000564,0.009868814706069444
2021-02-18,64.09,-0.014406569359623735,0.012871865693658146
2021-02-19,62.84,-0.019696532128715093,0.014179833570146827
2021-02-20,62.84,0.0,0.014179833570146827
2021-02-21,62.84,0.0,0.014179833570146827
2021-02-22,64.73,0.02963295916999848,0.01699703223851876
2021-02-23,65.16,0.006621011176425539,0.01702091839323047
2021-02-24,66.85,0.02560551981410782,0.0185429040079352
2021-02-25,66.69,-0.0023962869037372084,0.017055671987004088
2021-02-26,65.86,-0.012523739695996646,0.015413305484880183
2021-02-27,65.86,0.0,0.015413305484880183
2021-02-28,65.86,0.0,0.015413305484880183
2021-03-01,64.56,-0.019936252986524877,0.014482937802357553
2021-03-02,63.17,-0.021765519051084356,0.01608307059482528
2021-03-03,64.7,0.02393169659624583,0.015566208586300924
2021-03-04,67.32,0.039696167815750125,0.02296344458537792
2021-03-05,69.95,0.038323331788885064,0.025722270372725353
2021-03-06,69.95,0.0,0.025722270372725353
2021-03-07,69.95,0.0,0.025722270372725353
2021-03-08,68.0,-0.028272995935383502,0.027402251195594588
2021-03-09,67.03,-0.014367424806240396,0.026205713427346785
2021-03-10,67.53,0.0074316632168841545,0.025310259797837607
2021-03-11,69.34,0.026449996670126933,0.022746533183515216
2021-03-12,68.87,-0.006801270700270513,0.017186654815366992
2021-03-13,68.87,0.0,0.017186654815366992
2021-03-14,68.87,0.0,0.017186654815366992
2021-03-15,68.78,-0.0013076645524868274,0.01284937823856865
2021-03-16,67.95,-0.012140864406967431,0.012407343244988175
2021-03-17,67.73,-0.0032429273703404337,0.012276246786268163
2021-03-18,62.11,-0.08662220665560076,0.0315623869103059
2021-03-19,64.0,0.02997607678846033,0.03603992216999701
2021-03-20,64.0,0.0,0.03603992216999701
2021-03-21,64.0,0.0,0.03603992216999701
2021-03-22,63.89,-0.0017202287454199444,0.03602276160388848
2021-03-23,59.96,-0.06348518137985491,0.041251864440322146
2021-03-24,63.7,0.06050688934372074,0.0509227974473177
2021-03-25,61.21,-0.03987398771513926,0.04113488914583642
2021-03-26,63.77,0.04097228546420184,0.042741904719503426
2021-03-27,63.77,0.0,0.042741904719503426
2021-03-28,63.77,0.0,0.042741904719503426
2021-03-29,64.06,0.004537283853831782,0.04277790159456064
2021-03-30,63.28,-0.012250820721613646,0.033380420559111466
2021-03-31,63.52,0.003785493479481886,0.02398790898057415
2021-04-01,63.85,0.005181765539667942,0.016511909822027843
2021-04-02,63.85,0.0,0.005938934563678967
2021-04-03,63.85,0.0,0.005938934563678967
2021-04-04,63.85,0.0,0.005938934563678967
2021-04-05,63.85,0.0,0.005623210966201128
2021-04-06,61.47,-0.03798733155963023,0.015077073013774811
2021-04-07,61.86,0.006324516338005563,0.015328130790287914
2021-04-08,62.09,0.0037111781198780076,0.015194276762517679
2021-04-09,61.89,-0.0032263296255313585,0.015101613579428486
2021-04-10,61.89,0.0,0.015101613579428486
2021-04-11,61.89,0.0,0.015101613579428486
2021-04-12,62.38,0.00788609542838716,0.01576868100130798
2021-04-13,62.83,0.007187955235198351,0.004274474088543021
2021-04-14,66.11,0.05088735493063113,0.018694174221540197
2021-04-15,66.13,0.0003024803410842495,0.018912978681061492
2021-04-16,65.98,-0.0022708358861355388,0.018813171379628
2021-04-17,65.98,0.0,0.018813171379628
2021-04-18,65.98,0.0,0.018813171379628
2021-04-19,66.54,0.008451604789895328,0.018808093652565833
2021-04-20,65.34,-0.018198864417406643,0.021518192969517243
2021-04-21,64.02,-0.020408871631207238,0.010622087268553003
2021-04-22,65.07,0.016268078965175743,0.013239184508349535
2021-04-23,65.75,0.01039605755098134,0.014083895843538814
2021-04-24,65.75,0.0,0.014083895843538814
2021-04-25,65.75,0.0,0.014083895843538814
2021-04-26,65.5,-0.0038095284166677302,0.013537048193453968
2021-04-27,66.25,0.011385322225125429,0.012288613997816673
2021-04-28,67.08,0.012450472088676386,0.007750839328338556
2021-04-29,68.26,0.017438006523553012,0.008000877441378503
2021-04-30,67.73,-0.007794730251748729,0.009471357542215599
2021-05-01,67.73,0.0,0.009471357542215599
2021-05-02,67.73,0.0,0.009471357542215599
2021-05-03,67.73,0.0,0.00903106252386855
2021-05-04,68.91,0.017272092142304143,0.009973297438448943
2021-05-05,69.71,0.011542474129190721,0.009875130761488474
2021-05-06,68.62,-0.015759742068003596,0.011080978523726972
2021-05-07,68.73,0.001601747703210274,0.010422740125269439
2021-05-08,68.73,0.0,0.010422740125269439
2021-05-09,68.73,0.0,0.010422740125269439
2021-05-10,68.61,-0.0017474884307144486,0.0105018753050615
2021-05-11,68.83,0.003201399707473364,0.00813709293384408
2021-05-12,69.62,0.011412185973020213,0.00810593714541041
2021-05-13,67.36,-0.033000512449221676,0.01405983879444515
2021-05-14,69.24,0.027527360373937253,0.018177468229087827
2021-05-15,69.24,0.0,0.018177468229087827
2021-05-16,69.24,0.0,0.018177468229087827
2021-05-17,69.62,0.00547315207528444,0.01819671951590177
2021-05-18,69.01,-0.008800460750782361,0.018634450348413704
2021-05-19,66.88,-0.031351452856064395,0.021239882334185667
2021-05-20,65.18,-0.02574729536703053,0.019817408759095795
2021-05-21,66.72,0.023352084641075667,0.018718110536523388
2021-05-22,66.72,0.0,0.018718110536523388
2021-05-23,66.72,0.0,0.018718110536523388
2021-05-24,68.59,0.027641993460738794,0.022364208842831843
2021-05-25,68.8,0.0030569934280678195,0.02222331650370566
2021-05-26,68.93,0.001887751958262664,0.01758319915879549
2021-05-27,69.43,0.007227553867621514,0.011579775932338698
2021-05-28,69.36,-0.001008718292895692,0.010125207884558401
2021-05-29,69.36,0.0,0.010125207884558401
2021-05-30,69.36,0.0,0.010125207884558401
2021-05-31,69.36,0.0,0.0028390202308053404
2021-06-01,70.03,0.00961338919514003,0.004170913375455538
2021-06-02,70.6,0.008106422831770042,0.004646160432586602
2021-06-03,70.71,0.0015568611169530886,0.004356960851270312
2021-06-04,71.3,0.00830932180410088,0.004488643874678062
2021-06-05,71.3,0.0,0.004488643874678062
2021-06-06,71.3,0.0,0.004488643874678062
2021-06-07,70.89,-0.005766947553324095,0.005698648289295607
2021-06-08,71.39,0.007028423647443096,0.005275559578587286
2021-06-09,71.31,-0.0011212334741569502,0.0048490231673215985
2021-06-10,71.65,0.004756584233968584,0.005011135712530367
2021-06-11,72.05,0.005567168171350154,0.0045072140750017035
2021-06-12,72.05,0.0,0.0045072140750017035
2021-06-13,72.05,0.0,0.0045072140750017035
2021-06-14,72.27,0.0030487828493585096,0.0031745949682455985
2021-06-15,73.38,0.015242313632246214,0.005605254465793528
2021-06-16,73.88,0.00679073640390324,0.005200583378012517
2021-06-17,72.92,-0.013079205520576806,0.008618745147768286
2021-06-18,73.1,0.0024654169452704303,0.008514475204891394
2021-06-19,73.1,0.0,0.008514475204891394
2021-06-20,73.1,0.0,0.008514475204891394
2021-06-21,74.49,0.018836521432452093,0.01064289640578833
2021-06-22,74.92,0.005755989387702845,0.009570611331272088
2021-06-23,75.22,0.003996275466302445,0.009441952909618126
2021-06-24,75.95,0.009658075999591623,0.006664441009407257
2021-06-25,76.45,0.006561703333289417,0.006498985861247888
2021-06-26,76.45,0.0,0.006498985861247888
2021-06-27,76.45,0.0,0.006498985861247888
2021-06-28,74.78,-0.02208646282610371,0.010575845386949913
2021-06-29,75.38,0.007991518290021624,0.010790645909593093
2021-06-30,76.94,0.02048390948515963,0.013131253728580154
2021-07-01,76.69,-0.0032545755473811994,0.012983864108487673
2021-07-02,77.51,0.010635638516652338,0.013340965446158728
2021-07-03,77.51,0.0,0.013340965446158728
2021-07-04,77.51,0.0,0.013340965446158728
2021-07-05,78.34,0.01065136794426511,0.008282696278508007
2021-07-06,75.81,-0.03282811816947276,0.016979469615944556
2021-07-07,74.31,-0.019984677898834638,0.016028219167579506
2021-07-08,75.07,0.010175479415533057,0.017039474405831496
2021-07-09,77.14,0.02720094119517084,0.0201274481576557
2021-07-10,77.14,0.0,0.0201274481576557
2021-07-11,77.14,0.0,0.0201274481576557
2021-07-12,76.77,-0.004808013940274698,0.019515264855402312
2021-07-13,77.5,0.00946399751949418,0.014640469053766246
2021-07-14,75.74,-0.02297151388565263,0.015448321240714704
2021-07-15,74.53,-0.016104693580046243,0.016493340170374144
2021-07-16,74.46,-0.0009396604490316657,0.010969666271271583
2021-07-17,74.46,0.0,0.010969666271271583
2021-07-18,74.46,0.0,0.010969666271271583
2021-07-19,69.33,-0.07138435549017173,0.02735202701101319
2021-07-20,70.03,0.010046008713027303,0.027437984027064634
2021-07-21,72.54,0.035214412187330124,0.032738186148282465
2021-07-22,74.25,0.02329964382805264,0.034103850676230445
2021-07-23,74.86,0.008181924793473815,0.03425984047269998
2021-07-24,74.86,0.0,0.03425984047269998
2021-07-25,74.86,0.0,0.03425984047269998
2021-07-26,74.79,-0.0009355162727065967,0.013727853018249945
2021-07-27,74.87,0.0010690900390176214,0.01422359081271438
2021-07-28,75.09,0.002934117869198629,0.008659511739399403
2021-07-29,76.3,0.015985544178618787,0.006152829356744655
2021-07-30,77.72,0.018439686218828088,0.0082195885285833
2021-07-31,77.72,0.0,0.0082195885285833
2021-08-01,77.72,0.0,0.0082195885285833
2021-08-02,73.91,-0.050264487712443975,0.02277358566588676
2021-08-03,73.24,-0.009106416990485425,0.02289249781379099
2021-08-04,70.99,-0.031202697755015434,0.02492734928835477
2021-08-05,72.14,0.016069653424098385,0.024940866386349982
2021-08-06,71.02,-0.01564714796045122,0.022079739706951186
2021-08-07,71.02,0.0,0.022079739706951186
2021-08-08,71.02,0.0,0.022079739706951186
2021-08-09,69.65,-0.019478827289127004,0.015468041688999795
2021-08-10,71.14,0.021167066294494427,0.019075458893647205
2021-08-11,71.99,0.01187745396090235,0.015511595165762379
2021-08-12,71.79,-0.0027820298928197306,0.014246269575859982
2021-08-13,70.9,-0.012474757050309836,0.013732528486323328
2021-08-14,70.9,0.0,0.013732528486323328
2021-08-15,70.9,0.0,0.013732528486323328
2021-08-16,70.07,-0.011775691155639431,0.012151688788905898
2021-08-17,69.4,-0.009607874869683553,0.008639166253517495
2021-08-18,68.61,-0.0114485708099595,0.005701515532486513
2021-08-19,66.8,-0.026735216160199502,0.009046190139124423
2021-08-20,65.51,-0.019500277798814986,0.00969520454509009
2021-08-21,65.51,0.0,0.00969520454509009
2021-08-22,65.51,0.0,0.00969520454509009
2021-08-23,69.07,0.052917680357096326,0.02610612156089663
2021-08-24,71.21,0.03051277489315186,0.02846845053917333
2021-08-25,72.12,0.012698140341083235,0.027784793027454745
2021-08-26,70.42,-0.02385408460821016,0.02721506029062527
2021-08-27,72.26,0.02579341199258782,0.025009891531476064
2021-08-28,72.26,0.0,0.025009891531476064
2021-08-29,72.26,0.0,0.025009891531476064
2021-08-30,72.26,0.0,0.018418147865300837
2021-08-31,73.45,0.016334176900392093,0.01594433481576351
2021-09-01,71.99,-0.020077682138674852,0.017812781466983462
2021-09-02,73.56,0.021574179254908857,0.015962446177394937
2021-09-03,73.07,-0.006683513932994009,0.013918105192862745
2021-09-04,73.07,0.0,0.013918105192862745
2021-09-05,73.07,0.0,0.013918105192862745
2021-09-06,72.43,-0.008797307595891528,0.014472024826635762
2021-09-07,71.52,-0.012643447341976147,0.013223628442971147
2021-09-08,72.36,0.011676529661835638,0.012110263928499721
2021-09-09,71.32,-0.014476867532154773,0.009048213646566569
2021-09-10,72.44,0.015581840020272943,0.011656560028043519
2021-09-11,72.44,0.0,0.011656560028043519
2021-09-12,72.44,0.0,0.011656560028043519
2021-09-13,72.97,0.007289764762316231,0.011502394110646243
2021-09-14,73.05,0.0010957404191798117,0.009823866056526307
2021-09-15,74.84,0.024208363209180562,0.012453442164736555
2021-09-16,75.14,0.004000538739934012,0.009222034611791979
2021-09-17,74.64,-0.006676483606734409,0.009773237538481616
2021-09-18,74.64,0.0,0.009773237538481616
2021-09-19,74.64,0.0,0.009773237538481616
2021-09-20,73.59,-0.014167409600580758,0.011820282071438093
2021-09-21,73.65,0.0008149959701315723,0.011821205386593052
2021-09-22,75.5,0.024808513346339735,0.012016715956070841
2021-09-23,76.44,0.012373463117093173,0.012731113338166162
2021-09-24,77.42,0.012739025777429712,0.01252457606131818
2021-09-25,77.42,0.0,0.01252457606131818
2021-09-26,77.42,0.0,0.01252457606131818
2021-09-27,78.85,0.018302168259545212,0.00987915139077233
2021-09-28,78.3,-0.006999710412289954,0.011396928375768025
2021-09-29,77.86,-0.005635260814447713,0.009964650399114214
2021-09-30,77.81,-0.0006423845534709173,0.009428129660021795
2021-10-01,79.4,0.020228410624251257,0.011062090795326258
2021-10-02,79.4,0.0,0.011062090795326258
2021-10-03,79.4,0.0,0.011062090795326258
2021-10-04,81.44,0.025368184549122447,0.01281066689881452
2021-10-05,82.72,0.015594857957906418,0.012229147774750563
2021-10-06,81.39,-0.016208995421168895,0.0145957414653763
2021-10-07,82.34,0.011604601002808508,0.014352056194321266
2021-10-08,82.17,-0.0020667443986621594,0.013665183532896608
2021-10-09,82.17,0.0,0.013665183532896608
2021-10-10,82.17,0.0,0.013665183532896608
2021-10-11,83.75,0.01904589876207931,0.01221923694220718
2021-10-12,83.53,-0.0026303219373609455,0.011238102709947417
2021-10-13,83.53,0.0,0.00829032804682482
2021-10-14,83.86,0.003942892974801568,0.007546351398188215
2021-10-15,84.67,0.009612605911569237,0.007629873578681884
2021-10-16,84.67,0.0,0.007629873578681884
2021-10-17,84.67,0.0,0.007629873578681884
2021-10-18,84.13,-0.006398126091463694,0.005047696950853025
2021-10-19,85.02,0.010523301367921872,0.0059856279601297
2021-10-20,85.76,0.008666174391847917,0.006265804830788041
2021-10-21,84.58,-0.013854865278149414,0.009135069420444973
2021-10-22,85.43,0.009999495119184893,0.009195272991201991
2021-10-23,85.43,0.0,0.009195272991201991
2021-10-24,85.43,0.0,0.009195272991201991
2021-10-25,84.85,-0.006812335483292082,0.009254036893512764
2021-10-26,85.11,0.0030595458086343265,0.008393038731121318
2021-10-27,84.12,-0.01170018665437063,0.008478909182387957
2021-10-28,83.4,-0.008596041469797908,0.007509399593766302
2021-10-29,83.1,-0.0036036075032986558,0.0053276445413849354
2021-10-30,83.1,0.0,0.0053276445413849354
2021-10-31,83.1,0.0,0.0053276445413849354
2021-11-01,84.51,0.01682516869498865,0.00925487599116653
2021-11-02,84.42,-0.0010655302020382848,0.009115260321156858
2021-11-03,81.1,-0.040121379232985546,0.01727166499311599
2021-11-04,80.15,-0.011783082065805183,0.017416794339354863
2021-11-05,82.43,0.028049569269574234,0.021641796795681453
2021-11-06,82.43,0.0,0.021641796795681453
2021-11-07,82.43,0.0,0.021641796795681453
2021-11-08,83.22,0.009538255229658866,0.02079125023471373
2021-11-09,84.52,0.015500489193060782,0.02185706481351318
2021-11-10,82.91,-0.01923251061972864,0.016109787841943973
2021-11-11,83.4,0.005892627236573861,0.014702204751395762
2021-11-12,82.9,-0.006013247223451746,0.0113092669339383
2021-11-13,82.9,0.0,0.0113092669339383
2021-11-14,82.9,0.0,0.0113092669339383
2021-11-15,81.94,-0.011647790022524418,0.011419168833202336
2021-11-16,82.85,0.011044471753846862,0.010340283416954107
2021-11-17,80.67,-0.026664984923688854,0.012465888504324653
2021-11-18,82.45,0.021825290056724986,0.015612098959106037
2021-11-19,80.24,-0.02716990535192795,0.018399622392573145
2021-11-20,80.24,0.0,0.018399622392573145
2021-11-21,80.24,0.0,0.018399622392573145
2021-11-22,80.97,0.009056572044343037,0.018749716509412706
2021-11-23,83.43,0.02992924121596037,0.021971181632298883
2021-11-24,82.37,-0.012786663960825858,0.01955205261246615
2021-11-25,82.05,-0.003892475417057568,0.01775413640404347
2021-11-26,72.37,-0.12553696865806344,0.05065176101838296
2021-11-27,72.37,0.0,0.05065176101838296
2021-11-28,72.37,0.0,0.05065176101838296
2021-11-29,73.34,0.013314313765143606,0.051009548881331246
2021-11-30,70.86,-0.0344000632058541,0.047415140971786236
2021-12-01,69.53,-0.018947785326399475,0.047243706795232814
2021-12-02,70.56,0.014705097587609328,0.04906448603248379
2021-12-03,70.71,0.0021235939176135355,0.017623279484519846
2021-12-04,70.71,0.0,0.017623279484519846
2021-12-05,70.71,0.0,0.017623279484519846
2021-12-06,73.38,0.03706441331098662,0.022865041459101003
2021-12-07,75.54,0.029010898357175026,0.0191956094350582
2021-12-08,75.94,0.00528123751934538,0.01501718946699293
2021-12-09,74.1,-0.02452802250161509,0.020441371245346077
2021-12-10,74.98,0.011805879005724917,0.0203844514327242
2021-12-11,74.98,0.0,0.0203844514327242
2021-12-12,74.98,0.0,0.0203844514327242
2021-12-13,74.12,-0.01153600989060698,0.01697656675279518
2021-12-14,73.37,-0.010170268691256113,0.012138386390733119
2021-12-15,73.71,0.004623342475294434,0.012055328987729761
2021-12-16,74.64,0.012538081337890975,0.009547597132025586
2021-12-17,72.97,-0.022628158761559693,0.011702168093125099
2021-12-18,72.97,0.0,0.011702168093125099
2021-12-19,72.97,0.0,0.011702168093125099
2021-12-20,70.51,-0.03429385404657945,0.016401012906138143
2021-12-21,72.85,0.0326479889102645,0.022080704027299117
2021-12-22,74.69,0.02494368172776147,0.024181478074193963
2021-12-23,76.26,0.020802340060442504,0.024976835838346187
2021-12-24,75.24,-0.013465549996588206,0.023608391183615778
2021-12-25,75.24,0.0,0.023608391183615778
2021-12-26,75.24,0.0,0.023608391183615778
2021-12-27,75.24,0.0,0.01683197975081326
2021-12-28,75.24,0.0,0.013462196336733633
2021-12-29,78.63,0.04407030157059498,0.0190557203099202
2021-12-30,78.61,-0.00025438819775952857,0.018220799246133984
2021-12-31,77.24,-0.01758146024535147,0.0189430858329707
2022-01-01,77.24,0.0,0.0189430858329707
2022-01-02,77.24,0.0,0.0189430858329707
2022-01-03,78.25,0.012991371859948884,0.0191499797471857
2022-01-04,79.39,0.014463586316759385,0.019224731210636063
2022-01-05,80.6,0.015126233775560426,0.011750677102945743
2022-01-06,81.99,0.017098639095503774,0.012616545957754122
2022-01-07,82.28,0.0035307761766701956,0.007536650372022621
2022-01-08,82.28,0.0,0.007536650372022621
2022-01-09,82.28,0.0,0.007536650372022621
2022-01-10,81.56,-0.008789119078501956,0.009788334384169019
2022-01-11,84.98,0.04107698898041104,0.0165165735716369
2022-01-12,85.83,0.00995266104346292,0.016349268540454685
2022-01-13,85.8,-0.00034958923621201016,0.01623513928081948
2022-01-14,87.17,0.015841228529568138,0.016525467614794283
2022-01-15,87.17,0.0,0.016525467614794283
2022-01-16,87.17,0.0,0.016525467614794283
2022-01-17,87.82,0.007429030110086682,0.014783977984350985
2022-01-18,88.83,0.011435165648038287,0.0065270263353702385
2022-01-19,89.64,0.00907721815111668,0.006454018248502546
2022-01-20,89.75,0.001226378435661947,0.006210155767617169
2022-01-21,89.75,0.0,0.0049718580798043845
2022-01-22,89.75,0.0,0.0049718580798043845
2022-01-23,89.75,0.0,0.0049718580798043845
2022-01-24,87.74,-0.022650131630320404,0.011011908049838693
2022-01-25,89.49,0.01974899145669888,0.012774473037363279
2022-01-26,91.22,0.01914728408878755,0.014303617834062646
2022-01-27,90.7,-0.005716814162463408,0.014643049923790648
2022-01-28,91.47,0.00845369254718219,0.014845522283187161
2022-01-29,91.47,0.0,0.014845522283187161
2022-01-30,91.47,0.0,0.014845522283187161
2022-01-31,92.35,0.00957465697697571,0.009813735186885443
2022-02-01,90.24,-0.023112918895500222,0.01345793363586942
2022-02-02,91.43,0.013100864426586463,0.012253606499546287
2022-02-03,92.99,0.016918308313770575,0.013331595254943143
2022-02-04,96.86,0.040774676484977276,0.019485047739030464
2022-02-05,96.86,0.0,0.019485047739030464
2022-02-06,96.86,0.0,0.019485047739030464
2022-02-07,97.28,0.004326781242773778,0.019523335645895944
2022-02-08,96.07,-0.012516325796209812,0.017009387813871835
2022-02-09,94.95,-0.011726655163352116,0.018519484925606997
2022-02-10,96.37,0.0148445126049012,0.018319967215806494
2022-02-11,97.5,0.011657428140605455,0.010511526024384163
2022-02-12,97.5,0.0,0.010511526024384163
2022-02-13,97.5,0.0,0.010511526024384163
2022-02-14,101.66,0.04178153401495492,0.018792923734673832
2022-02-15,98.43,-0.03228827637763636,0.023086293000459734
2022-02-16,97.44,-0.010108831679533132,0.022916311145776684
2022-02-17,95.28,-0.022416878914542145,0.02418796356825933
2022-02-18,96.18,0.009401510802472049,0.02399576175548926
2022-02-19,96.18,0.0,0.02399576175548926
2022-02-20,96.18,0.0,0.02399576175548926
2022-02-21,98.95,0.02839323619905811,0.020155688461760156
2022-02-22,98.73,-0.002225820425216421,0.015826667677399063
2022-02-23,99.29,0.005656009422144404,0.015184919771198815
2022-02-24,101.29,0.019942828653203154,0.011508881016899758
2022-02-25,98.56,-0.02732218991349617,0.017804400967349386
2022-02-26,98.56,0.0,0.017804400967349386
2022-02-27,98.56,0.0,0.017804400967349386
2022-02-28,103.08,0.04483988599895458,0.0221845074285288
2022-03-01,110.93,0.07339398596640409,0.03325221403274692
2022-03-02,118.94,0.06971979252787928,0.03817548593398373
2022-03-03,115.36,-0.03056149074180861,0.04382115734615745
2022-03-04,123.86,0.07109422197327595,0.04240387250036096
2022-03-05,123.86,0.0,0.04240387250036096
2022-03-06,123.86,0.0,0.04240387250036096
2022-03-07,129.02,0.04081553559418091,0.04223787066108653
2022-03-08,133.18,0.031734165578380616,0.03818463949674843
2022-03-09,116.58,-0.13312386406507265,0.06623939116824822
2022-03-10,114.54,-0.017653625651692418,0.06551551674899872
2022-03-11,118.11,0.030692286658044615,0.05961793904162169
2022-03-12,118.11,0.0,0.05961793904162169
2022-03-13,118.11,0.0,0.05961793904162169
2022-03-14,110.39,-0.06759684359349555,0.059270245303038156
2022-03-15,105.14,-0.04872675463895833,0.05467342412652008
2022-03-16,104.61,-0.005053646035632557,0.03303050704864459
2022-03-17,113.5,0.08156368756578795,0.04924756414041465
2022-03-18,114.32,0.007198696700154454,0.04747220991313111
2022-03-19,114.32,0.0,0.04747220991313111
2022-03-20,114.32,0.0,0.04747220991313111
2022-03-21,122.29,0.06739373957966661,0.04499806093250748
2022-03-22,121.53,-0.006234127318569661,0.03722153571584782
2022-03-23,127.52,0.04811206915919598,0.036509152508553744
2022-03-24,123.98,-0.028152952768131536,0.03323071012328362
2022-03-25,122.67,-0.010622439229112702,0.03437784089314167
2022-03-26,122.67,0.0,0.03437784089314167
2022-03-27,122.67,0.0,0.03437784089314167
2022-03-28,114.5,-0.06892300005036632,0.03509638138814149
2022-03-29,112.79,-0.015047140342468842,0.035121826713057726
2022-03-30,115.59,0.024521764654350332,0.029169806379170365
2022-03-31,107.29,-0.07451399865752108,0.03709647342952052
2022-04-01,106.13,-0.010870690874923832,0.03708540073031876
2022-04-02,106.13,0.0,0.03708540073031876
2022-04-03,106.13,0.0,0.03708540073031876
2022-04-04,108.15,0.018854394625336807,0.03263096574235527
2022-04-05,106.6,-0.014435640667323677,0.032610238313718155
2022-04-06,100.81,-0.05584595466589387,0.03336471906786283
2022-04-07,99.83,-0.009768817717516365,0.02292852633909092
2022-04-08,101.26,0.014222727193429386,0.02471554662301109
2022-04-09,101.26,0.0,0.02471554662301109
2022-04-10,101.26,0.0,0.02471554662301109
2022-04-11,97.92,-0.03354064777774723,0.023591200256671045
2022-04-12,104.42,0.06427040921839045,0.03788393894456956
2022-04-13,108.49,0.03823677485195292,0.03226284500960352
2022-04-14,110.83,0.021339492953202407,0.03113004180400513
2022-04-15,110.83,0.0,0.031644009188929345
2022-04-16,110.83,0.0,0.031644009188929345
2022-04-17,110.83,0.0,0.031644009188929345
2022-04-18,110.83,0.0,0.02535405174343661
2022-04-19,105.49,-0.049381334093844355,0.02689824334806313
2022-04-20,105.05,-0.004179734402707968,0.021459425802218143
2022-04-21,107.2,0.020259821345692295,0.021244693354693558
2022-04-22,105.15,-0.01930834648799283,0.02177101789542829
2022-04-23,105.15,0.0,0.02177101789542829
2022-04-24,105.15,0.0,0.02177101789542829
2022-04-25,99.27,-0.057544491547078365,0.0283349311846815
2022-04-26,102.89,0.03581704578608847,0.029737749458358588
2022-04-27,103.3,0.003976919737874036,0.029869165612141375
2022-04-28,105.78,0.02372408951224107,0.030332291610066956
2022-04-29,108.36,0.024097551579060524,0.030616955741790682
2022-04-30,108.36,0.0,0.030616955741790682
2022-05-01,108.36,0.0,0.030616955741790682
2022-05-02,108.36,0.0,0.014975307454178452
2022-05-03,104.94,-0.0320702589583287,0.018851352619219983
2022-05-04,110.53,0.05189821906429831,0.026494244175805922
2022-05-05,112.11,0.014193554842638083,0.02588928055709583
2022-05-06,113.86,0.015489091357433593,0.025209488517959077
2022-05-07,113.86,0.0,0.025209488517959077
2022-05-08,113.86,0.0,0.025209488517959077
2022-05-09,106.67,-0.0652296668855444,0.037378484529855115
2022-05-10,102.61,-0.03880456276327371,0.03834813269369789
2022-05-11,107.7,0.04841419028822516,0.03752754409658031
2022-05-12,108.06,0.0033370442535769133,0.03688334403948099
2022-05-13,112.12,0.036883097880667785,0.03967000668082506
2022-05-14,112.12,0.0,0.03967000668082506
2022-05-15,112.12,0.0,0.03967000668082506
2022-05-16,114.86,0.024144269139562795,0.028932206684541547
2022-05-17,112.89,-0.017300102162694835,0.02343560538325333
2022-05-18,110.04,-0.02556995721708173,0.021762198607895956
2022-05-19,113.22,0.028488892552139912,0.023794970066169315
2022-05-20,113.63,0.0036147273214037893,0.019728062135383365
2022-05-21,113.63,0.0,0.019728062135383365
2022-05-22,113.63,0.0,0.019728062135383365
2022-05-23,115.13,0.01311436875565536,0.018023126941122812
2022-05-24,115.77,0.005543539532063966,0.016281708253915794
2022-05-25,116.41,0.005512978042512577,0.010044822992360935
2022-05-26,119.81,0.028788712391658148,0.010146676811472353
2022-05-27,121.19,0.011452407328588213,0.010002975292120443
2022-05-28,121.19,0.0,0.010002975292120443
2022-05-29,121.19,0.0,0.010002975292120443
2022-05-30,123.01,0.014906090900297571,0.010141741491496391
2022-05-31,125.53,0.02027912094942336,0.010707420500052056
2022-06-01,122.2,-0.026885727092622082,0.018164184524483342
2022-06-02,122.2,0.0,0.015447223891699549
2022-06-03,125.68,0.0280799472098709,0.01805405723619131
2022-06-04,125.68,0.0,0.01805405723619131
2022-06-05,125.68,0.0,0.01805405723619131
2022-06-06,124.99,-0.00550525984523533,0.017872001983334142
2022-06-07,126.89,0.01508683530669283,0.017091216015033404
2022-06-08,129.2,0.018041021939678097,0.012440719698751832
2022-06-09,128.47,-0.005666177304983087,0.013205588335355383
2022-06-10,127.44,-0.008049748441725258,0.010429725487440533
2022-06-11,127.44,0.0,0.010429725487440533
2022-06-12,127.44,0.0,0.010429725487440533
2022-06-13,128.44,0.00781620361952007,0.010043056761792544
2022-06-14,127.02,-0.011117314846484374,0.010057504860378583
2022-06-15,124.96,-0.016350868283453026,0.008061048850019605
2022-06-16,125.78,0.006540663023981544,0.009088887438813855
2022-06-17,119.22,-0.05356382332357686,0.021326118671281927
2022-06-18,119.22,0.0,0.021326118671281927
2022-06-19,119.22,0.0,0.021326118671281927
2022-06-20,118.25,-0.00816949841973812,0.0199726201453389
2022-06-21,118.51,0.002196317828315026,0.020671130399050996
2022-06-22,115.54,-0.025380554847237738,0.021408868807981946
2022-06-23,114.5,-0.009041967358825233,0.020022397825051476
2022-06-24,117.36,0.024671310840431903,0.01511536456502435
2022-06-25,117.36,0.0,0.01511536456502435
2022-06-26,117.36,0.0,0.01511536456502435
2022-06-27,119.69,0.01965893305055289,0.016857100855697162
2022-06-28,122.21,0.020835809564629944,0.018349316040973285
2022-06-29,120.8,-0.011604590949194532,0.015069622390686255
2022-06-30,119.78,-0.008479558664398167,0.014975023159263768
2022-07-01,119.21,-0.0047700831064061405,0.013006288484621263
2022-07-02,119.21,0.0,0.013006288484621263
2022-07-03,119.21,0.0,0.013006288484621263
2022-07-04,121.8,0.02149371154588649,0.01342762827236052
2022-07-05,110.49,-0.09745533615071303,0.038159464951857604
2022-07-06,108.54,-0.017806250489824788,0.038155677508401376
2022-07-07,113.4,0.04380262265839284,0.04432834745843185
2022-07-08,113.95,0.004838364398041526,0.04458651669614268
2022-07-09,113.95,0.0,0.04458651669614268
2022-07-10,113.95,0.0,0.04458651669614268
2022-07-11,114.85,0.007867173443413986,0.043446210366971626
2022-07-12,106.98,-0.07098502803200309,0.034667523294517145
2022-07-13,107.17,0.001774457621801722,0.03421243601970254
2022-07-14,107.74,0.005304558527482047,0.028228133338374498
2022-07-15,112.26,0.04109669226166571,0.03363801517188587
2022-07-16,112.26,0.0,0.03363801517188587
2022-07-17,112.26,0.0,0.03363801517188587
2022-07-18,117.27,0.043661358958919816,0.03786664817313995
2022-07-19,114.96,-0.019894726702203644,0.02339142935596512
2022-07-20,115.86,0.007798323897708746,0.02313588414292466
2022-07-21,112.81,-0.026677578051649112,0.027268673015778823
2022-07-22,106.77,-0.055027999426618054,0.03093958523154563
2022-07-23,106.77,0.0,0.03093958523154563
2022-07-24,106.77,0.0,0.03093958523154563
2022-07-25,108.23,0.013581604116844075,0.02401915224152829
2022-07-26,107.32,-0.008443566749631802,0.023737245026477945
2022-07-27,109.64,0.021387245877161655,0.025877793799856413
2022-07-28,109.68,0.0003647638194739244,0.024590904524493612
2022-07-29,111.51,0.01654723772321159,0.010935947413702907
2022-07-30,111.51,0.0,0.010935947413702907
2022-07-31,111.51,0.0,0.010935947413702907
2022-08-01,106.09,-0.049826482506090355,0.023196100466913068
2022-08-02,106.51,0.003951086983894155,0.023171275843358288
2022-08-03,101.82,-0.0450323289808845,0.025877754093614397
2022-08-04,97.99,-0.03834111582646287,0.027250476251258923
2022-08-05,100.31,0.02339995824766677,0.02870316447162599
2022-08-06,100.31,0.0,0.02870316447162599
2022-08-07,100.31,0.0,0.02870316447162599
2022-08-08,103.46,0.030919673679975064,0.028656372743492295
2022-08-09,103.81,0.0033772406297850163,0.028632027728078737
2022-08-10,105.06,0.011969310320661475,0.0223163452727592
2022-08-11,107.19,0.020071345177612575,0.012320104756793744
2022-08-12,103.7,-0.03310084546794641,0.020213072609177228
2022-08-13,103.7,0.0,0.020213072609177228
2022-08-14,103.7,0.0,0.020213072609177228
2022-08-15,98.25,-0.053986864486111,0.02641458209325152
2022-08-16,95.36,-0.02985604743233095,0.02713535026554839
2022-08-17,97.22,0.019317248300269846,0.028338396860078156
2022-08-18,96.35,-0.008989056756934078,0.024939094006816355
2022-08-19,96.45,0.001037344491362722,0.024188758147586267
2022-08-20,96.45,0.0,0.024188758147586267
2022-08-21,96.45,0.0,0.024188758147586267
2022-08-22,95.06,-0.014516468165874718,0.015283484988248974
2022-08-23,99.49,0.045548865415404934,0.020345615721580126
2022-08-24,99.87,0.0038122036537749262,0.019487264652603822
2022-08-25,98.81,-0.010670526048171858,0.01968118330264683
2022-08-26,101.13,0.023208003707207617,0.020943210494332835
2022-08-27,101.13,0.0,0.020943210494332835
2022-08-28,101.13,0.0,0.020943210494332835
2022-08-29,101.13,0.0,0.01912396596007217
2022-08-30,99.34,-0.017858508234874518,0.012816691932936114
2022-08-31,96.55,-0.028487300804681075,0.016429840758998882
2022-09-01,92.24,-0.04566713291371992,0.022650416841516405
2022-09-02,93.09,0.00917289116759494,0.019662689515285294
2022-09-03,93.09,0.0,0.019662689515285294
2022-09-04,93.09,0.0,0.019662689515285294
2022-09-05,94.22,0.012065706143496486,0.021331081773721082
2022-09-06,91.43,-0.030058821095559747,0.02253414922878273
2022-09-07,86.83,-0.05162146810378153,0.02669294081051289
2022-09-08,87.99,0.013270987584915508,0.024685633801478226
2022-09-09,91.68,0.041081081308960286,0.030398428001924195
2022-09-10,91.68,0.0,0.030398428001924195
2022-09-11,91.68,0.0,0.030398428001924195
2022-09-12,93.45,0.019122280935142323,0.031059418972828393
2022-09-13,92.04,-0.015203268734406711,0.029209115488865366
2022-09-14,92.83,0.008546598244676025,0.017775542084133653
2022-09-15,89.28,-0.038992364778840334,0.025323388062134515
2022-09-16,89.43,0.0016786977250889859,0.018729941201939274
2022-09-17,89.43,0.0,0.018729941201939274
2022-09-18,89.43,0.0,0.018729941201939274
2022-09-19,89.43,0.0,0.016079011184627838
2022-09-20,89.62,0.0021223129999070707,0.015807965612413724
2022-09-21,89.86,0.002674394284016926,0.015186774687997227
2022-09-22,90.4,0.005991363756116905,0.0021667240870824576
2022-09-23,84.29,-0.06998103338873995,0.02721627651393098
2022-09-24,84.29,0.0,0.02721627651393098
2022-09-25,84.29,0.0,0.02721627651393098
2022-09-26,82.55,-0.020859063643253878,0.02727796223038932
2022-09-27,85.97,0.04059422782021563,0.033606545013018956
2022-09-28,89.55,0.0407987303203681,0.03803302004710346
2022-09-29,89.41,-0.0015645957594941282,0.03792536232282369
2022-09-30,88.9,-0.005720390227367686,0.023726340275846542
2022-10-01,88.9,0.0,0.023726340275846542
2022-10-02,88.9,0.0,0.023726340275846542
2022-10-03,90.68,0.01982468311946937,0.020331170395340332
2022-10-04,93.74,0.0331881668552316,0.01881767556707069
2022-10-05,94.35,0.0064862793199992035,0.014037101437535953
2022-10-06,95.65,0.013684424071702688,0.013579077043531328
2022-10-07,98.88,0.03321129782311869,0.01419902921996532
2022-10-08,98.88,0.0,0.01419902921996532
2022-10-09,98.88,0.0,0.01419902921996532
2022-10-10,97.13,-0.01785670629514141,0.01861064334253598
2022-10-11,95.17,-0.020385521329987062,0.018412008520390353
2022-10-12,93.44,-0.01834524700433515,0.019781366277994664
2022-10-13,95.16,0.018240166354839923,0.02042427121138073
2022-10-14,92.22,-0.03138265865619742,0.016802503309460887
2022-10-15,92.22,0.0,0.016802503309460887
2022-10-16,92.22,0.0,0.016802503309460887
2022-10-17,91.04,-0.012878056400538658,0.016515522858645652
2022-10-18,89.46,-0.017507372373318824,0.016225376351017187
2022-10-19,91.34,0.020797209752150967,0.018923702570153272
2022-10-20,91.52,0.001968719874634826,0.01671483233927385
2022-10-21,91.82,0.003272611189588279,0.01236097927381755
2022-10-22,91.82,0.0,0.01236097927381755
2022-10-23,91.82,0.0,0.01236097927381755
2022-10-24,91.57,-0.0027264317014352372,0.011226736879061703
2022-10-25,91.57,0.0,0.007925768710347978
2022-10-26,92.93,0.01474281444960722,0.005727461545250287
2022-10-27,94.17,0.013255137952723853,0.007009485497818486
2022-10-28,94.64,0.004978560148159504,0.007006483163937552
2022-10-29,94.64,0.0,0.007006483163937552
2022-10-30,94.64,0.0,0.007006483163937552
2022-10-31,93.3,-0.014260111816833197,0.009756559594530421
2022-11-01,95.12,0.019319144529228335,0.011458211326250363
2022-11-02,96.07,0.009937840039120635,0.010939778831420277
2022-11-03,95.29,-0.00815221906155016,0.011155086780161309
2022-11-04,99.53,0.04353423289787531,0.019469860802873776
2022-11-05,99.53,0.0,0.019469860802873776
2022-11-06,99.53,0.0,0.019469860802873776
2022-11-07,99.87,0.003410233997071214,0.01724229067084002
2022-11-08,96.85,-0.030705950402038516,0.022243066062652313
2022-11-09,93.05,-0.04002640676474508,0.026995517465090994
2022-11-10,94.25,0.012813843239860453,0.027685188859295273
2022-11-11,96.37,0.02224412353507596,0.022608564409995247
2022-11-12,96.37,0.0,0.022608564409995247
2022-11-13,96.37,0.0,0.022608564409995247
2022-11-14,93.59,-0.029271409694030987,0.024007687609337653
2022-11-15,94.3,0.007557649470246732,0.022632339152254478
2022-11-16,92.61,-0.018084062457234117,0.017779918233623532
2022-11-17,91.0,-0.01753762066532759,0.017641908376317655
2022-11-18,88.93,-0.023009963105301245,0.013879214579735101
2022-11-19,88.93,0.0,0.013879214579735101
2022-11-20,88.93,0.0,0.013879214579735101
2022-11-21,88.44,-0.005525187422303284,0.011504110725748919
2022-11-22,88.65,0.0023716765309715333,0.010447238378255749
2022-11-23,85.9,-0.031512203530007256,0.013279366539139272
2022-11-24,85.59,-0.0036153750966914015,0.013134209115035218
2022-11-25,83.4,-0.025920144528817236,0.01369469481205523
2022-11-26,83.4,0.0,0.01369469481205523
2022-11-27,83.4,0.0,0.01369469481205523
2022-11-28,83.5,0.0011983224921087163,0.014218820206484805
2022-11-29,83.22,-0.0033589283020146205,0.013662028005997128
2022-11-30,85.61,0.02831439519959904,0.01579933781657123
2022-12-01,86.28,0.007795722766561261,0.0160095827092373
2022-12-02,86.54,0.003008913275783264,0.010716949436057048
2022-12-03,86.54,0.0,0.010716949436057046
2022-12-04,86.54,0.0,0.010716949436057046
2022-12-05,83.36,-0.037438156791682047,0.019510798484344002
2022-12-06,79.92,-0.04214244366475863,0.0252165819438913
2022-12-07,77.11,-0.03579316049542887,0.022235399942470657
2022-12-08,76.02,-0.014236510283766676,0.019919767051121796
2022-12-09,76.37,0.004593485339190115,0.020206382734059423
2022-12-10,76.37,0.0,0.020206382734059423
2022-12-11,76.37,0.0,0.020206382734059423
2022-12-12,78.0,0.021118877789298954,0.02271539757364731
2022-12-13,78.0,0.0,0.017637364449403246
2022-12-14,83.33,0.06609980170452369,0.026392099124729507
2022-12-15,82.34,-0.01195161205235672,0.026038531690117547
2022-12-16,80.2,-0.026333501469289852,0.02974730957199384
2022-12-17,80.2,0.0,0.02974730957199384
2022-12-18,80.2,0.0,0.02974730957199384
2022-12-19,81.66,0.018040771018960837,0.029525577936249995
2022-12-20,79.45,-0.02743639290870464,0.03223672127149275
2022-12-21,80.25,0.010018869027400148,0.01737942393982688
2022-12-22,79.58,-0.00838395701134273,0.01720604314949893
2022-12-23,82.45,0.03542924400682532,0.0199781585267744
2022-12-24,82.45,0.0,0.0199781585267744
2022-12-25,82.45,0.0,0.0199781585267744
2022-12-26,82.45,0.0,0.0189974273865242
2022-12-27,82.45,0.0,0.014315781299364066
2022-12-28,81.7,-0.009138047139650676,0.01507324384612048
2022-12-29,80.96,-0.009098796326801948,0.01516189198583655
2022-12-30,82.82,0.02271437257826579,0.010640885643059955
2022-12-31,82.82,0.0,0.010640885643059955
2023-01-01,82.82,0.0,0.010640885643059955
2023-01-02,82.82,0.0,0.010640885643059955
2023-01-03,80.36,-0.030153038170687443,0.015796964192422023
2023-01-04,75.31,-0.06490361183347325,0.02820429678478838
2023-01-05,76.73,0.01867983807631346,0.030482738240954536
2023-01-06,76.41,-0.004179188530098584,0.027571265382460602
2023-01-07,76.41,0.0,0.027571265382460602
2023-01-08,76.41,0.0,0.027571265382460602
2023-01-09,77.5,0.014164358699826057,0.029037397420955843
2023-01-10,78.4,0.011545990997060948,0.028359937040839382
2023-01-11,81.11,0.03398233072589115,0.013346417326224875
2023-01-12,82.59,0.018082349740372285,0.013287906590977953
2023-01-13,83.43,0.010119349091357649,0.011651027598194981
2023-01-14,83.43,0.0,0.011651027598194981
2023-01-15,83.43,0.0,0.011651027598194981
2023-01-16,82.65,-0.009393132646949971,0.014226694053992538
2023-01-17,84.38,0.020715582429159267,0.014886524241174192
2023-01-18,83.78,-0.00713609117730375,0.011887020310080851
2023-01-19,85.08,0.015397674813147596,0.011414450983232627
2023-01-20,86.96,0.021856252480917528,0.013151337515622079
2023-01-21,86.96,0.0,0.013151337515622079
2023-01-22,86.96,0.0,0.013151337515622079
2023-01-23,87.54,0.00664758894979547,0.01130651945625214
2023-01-24,85.25,-0.02650771559912319,0.015798343108234313
2023-01-25,85.08,-0.0019961258315898036,0.01544748272737792
2023-01-26,86.29,0.014121726188179732,0.01527232707112048
2023-01-27,85.36,-0.01083610952671826,0.013028247726875126
2023-01-28,85.36,0.0,0.013028247726875126
2023-01-29,85.36,0.0,0.013028247726875126
2023-01-30,84.9,-0.005403513676196244,0.01237423429927413
2023-01-31,83.42,-0.017586004548502437,0.00993331335058326
2023-02-01,81.61,-0.021936285287647732,0.012171070968875644
2023-02-02,80.57,-0.012825431692047048,0.008461157489798766
2023-02-03,78.85,-0.02157905838005717,0.009580982686644542
2023-02-04,78.85,0.0,0.009580982686644542
2023-02-05,78.85,0.0,0.009580982686644542
2023-02-06,80.48,0.02046139294238183,0.015443015058900141
2023-02-07,82.92,0.029867581216149682,0.02007040097612737
2023-02-08,84.17,0.014962275655905872,0.0183869228858088
2023-02-09,83.46,-0.008471088060078274,0.017769854890574126
2023-02-10,85.46,0.0236809550524724,0.014383914511429577
2023-02-11,85.46,0.0,0.014383914511429577
2023-02-12,85.46,0.0,0.014383914511429577
2023-02-13,85.98,0.006066280852256809,0.013910443099496662
2023-02-14,84.96,-0.011934153574506905,0.01259136662203917
2023-02-15,84.11,-0.010055091519282749,0.012334254277844162
2023-02-16,83.84,-0.003215245401613823,0.011891916084878718
2023-02-17,81.97,-0.022556893907792835,0.009584061363054406
2023-02-18,81.97,0.0,0.009584061363054406
2023-02-19,81.97,0.0,0.009584061363054406
2023-02-20,82.79,0.009953954485775388,0.01046869230667959
2023-02-21,82.14,-0.00788217262230203,0.01015455746822873
2023-02-22,79.55,-0.03203935374461666,0.014508826345983168
2023-02-23,82.08,0.031308626638663475,0.02086652789425578
2023-02-24,82.31,0.0027982255620932856,0.019032176914987518
2023-02-25,82.31,0.0,0.019032176914987518
2023-02-26,82.31,0.0,0.019032176914987518
2023-02-27,81.24,-0.013084870272368812,0.019135025877358342
2023-02-28,83.21,0.0239597962001546,0.0213539088624965
2023-03-01,83.68,0.005632467404274467,0.015270335230843247
2023-03-02,84.15,0.005600920320202304,0.011012049027441096
2023-03-03,85.74,0.01871854053301594,0.01238712746359733
2023-03-04,85.74,0.0,0.01238712746359733
2023-03-05,85.74,0.0,0.01238712746359733
2023-03-06,85.86,0.001398601626583598,0.00959577606970066
2023-03-07,85.86,0.0,0.0067703629040635985
2023-03-08,82.1,-0.04478004633803205,0.019735983395122874
2023-03-09,81.0,-0.01348886178594366,0.01971296121445404
2023-03-10,82.3,0.015921953010585257,0.019162151846434296
2023-03-11,82.3,0.0,0.019162151846434296
2023-03-12,82.3,0.0,0.019162151846434296
2023-03-13,79.67,-0.032478004290749415,0.021196329701969805
2023-03-14,76.77,-0.0370791645524676,0.022662238992141648
2023-03-15,74.3,-0.032702987116093596,0.020457247532040403
2023-03-16,73.12,-0.016009024577818866,0.020463568800025176
2023-03-17,71.03,-0.02899960413617604,0.015801567453371208
2023-03-18,71.03,0.0,0.015801567453371208
2023-03-19,71.03,0.0,0.015801567453371208
2023-03-20,72.42,0.01938018132777649,0.02088361605112733
2023-03-21,74.78,0.03206796521147245,0.024056040647505154
2023-03-22,76.08,0.0172349486881672,0.021284527094604502
2023-03-23,74.31,-0.02353988606775695,0.022578978788492042
2023-03-24,73.63,-0.009192980788752556,0.01895167158404275
2023-03-25,73.63,0.0,0.01895167158404275
2023-03-26,73.63,0.0,0.01895167158404275
2023-03-27,76.8,0.042152088773000994,0.023267362051632687
2023-03-28,78.07,0.016401219978573148,0.021278531373729193
2023-03-29,77.51,-0.007198899838779376,0.021160980173373718
2023-03-30,78.45,0.012054518885621602,0.017830382500288924
2023-03-31,79.19,0.00938854904327939,0.016196766771418764
2023-04-01,79.19,0.0,0.016196766771418764
2023-04-02,79.19,0.0,0.016196766771418764
2023-04-03,85.81,0.08028552159670856,0.029558115196945747
2023-04-04,85.7,-0.0012827242152954864,0.030250477764728275
2023-04-05,85.89,0.0022145821743992386,0.029383032684445528
2023-04-06,86.56,0.007770407320037998,0.02949090588165021
2023-04-07,86.56,0.0,0.0299483808021243
2023-04-08,86.56,0.0,0.0299483808021243
2023-04-09,86.56,0.0,0.0299483808021243
2023-04-10,86.56,0.0,0.0030580630260108018
2023-04-11,87.32,0.0087417165835717,0.003907316001656421
2023-04-12,88.31,0.011273819798967723,0.005059673182090958
2023-04-13,86.51,-0.020593337288427837,0.010227043145093628
2023-04-14,87.31,0.00920498963043334,0.010814352885468047
2023-04-15,87.31,0.0,0.010814352885468047
2023-04-16,87.31,0.0,0.010814352885468047
2023-04-17,85.63,-0.019429314784615712,0.013373872857525818
2023-04-18,85.48,-0.0017532585871537188,0.01259426694334861
2023-04-19,85.34,-0.0016391526910929902,0.010991561212105866
2023-04-20,83.29,-0.024314783812604785,0.011927955024782753
2023-04-21,83.36,0.0008400840578076088,0.010559192789742634
2023-04-22,83.36,0.0,0.010559192789742634
2023-04-23,83.36,0.0,0.010559192789742634
2023-04-24,84.23,0.01038257432221557,0.010540817859743347
2023-04-25,82.13,-0.025247794575171473,0.013610767386577028
2023-04-26,79.19,-0.03645332952977974,0.0176392625473978
2023-04-27,80.11,0.011550662004704308,0.018219658623657015
2023-04-28,81.32,0.014991298533120465,0.01976762498469531
2023-04-29,81.32,0.0,0.01976762498469531
2023-04-30,81.32,0.0,0.01976762498469531
2023-05-01,81.32,0.0,0.018920262218477563
2023-05-02,76.71,-0.05835991078894094,0.027163175824200494
2023-05-03,72.91,-0.050806274152865996,0.02991672254018848
2023-05-04,73.0,0.001233637330052194,0.028808004523060045
2023-05-05,75.85,0.03829826464615,0.033572634814317465
2023-05-06,75.85,0.0,0.033572634814317465
2023-05-07,75.85,0.0,0.033572634814317465
2023-05-08,75.85,0.0,0.033572634814317465
2023-05-09,77.76,0.024869454357642533,0.027813792855204855
2023-05-10,76.7,-0.013725451778973176,0.01783392283543638
2023-05-11,75.32,-0.01815600458425895,0.020262619417505172
2023-05-12,74.54,-0.010409809737839157,0.014151104172260044
2023-05-13,74.54,0.0,0.014151104172260044
2023-05-14,74.54,0.0,0.014151104172260044
2023-05-15,75.46,0.012266820485051974,0.015229144407064578
2023-05-16,75.15,-0.0041165983371807295,0.010224953904903435
2023-05-17,76.98,0.02405953165661654,0.014037984614257554
2023-05-18,75.75,-0.01610720346612164,0.013598154647142936
2023-05-19,75.42,-0.004365952559267472,0.01294287209684186
2023-05-20,75.42,0.0,0.01294287209684186
2023-05-21,75.42,0.0,0.01294287209684186
2023-05-22,75.77,0.004629944113070817,0.012202091835101729
2023-05-23,76.66,0.011677624009126947,0.012640078226803887
2023-05-24,77.99,0.017200553389997607,0.010861959334865591
2023-05-25,75.66,-0.030330994137523416,0.015234233206122657
2023-05-26,76.33,0.008816426605495784,0.015442428411703629
2023-05-27,76.33,0.0,0.015442428411703629
2023-05-28,76.33,0.0,0.015442428411703629
2023-05-29,76.33,0.0,0.01539577006680276
2023-05-30,73.38,-0.0394146268832431,0.020711912251728606
2023-05-31,71.98,-0.019263116276251213,0.018273808095651906
2023-06-01,74.18,0.03010626941056017,0.021805754587167894
2023-06-02,76.0,0.024238768224886287,0.023860022497361136
2023-06-03,76.0,0.0,0.023860022497361136
2023-06-04,76.0,0.0,0.023860022497361136
2023-06-05,76.61,0.00799427624239856,0.024084846399484224
2023-06-06,76.22,-0.005103721083015372,0.01707309001982397
2023-06-07,76.85,0.008231574538890583,0.013161446301985291
2023-06-08,75.88,-0.012702324917791379,0.011784437234734692
2023-06-09,74.74,-0.01513772100947567,0.009204056498504165
2023-06-10,74.74,0.0,0.009204056498504165
2023-06-11,74.74,0.0,0.009204056498504165
2023-06-12,71.8,-0.04013094800315934,0.01578046045751211
2023-06-13,74.24,0.033418612423766696,0.022681070854123936
2023-06-14,73.39,-0.01151540192097364,0.02216312080341069
2023-06-15,75.75,0.031650757832507065,0.026110030530276468
2023-06-16,76.76,0.013245226750020723,0.025610897046603104
2023-06-17,76.76,0.0,0.025610897046603104
2023-06-18,76.76,0.0,0.025610897046603104
2023-06-19,76.09,-0.0087668209510678,0.018359210796400103
2023-06-20,75.79,-0.003950492364493568,0.0149514698811858
2023-06-21,76.92,0.014799562896641265,0.01398462186541336
2023-06-22,73.93,-0.03964722115157021,0.01813990041637077
2023-06-23,73.56,-0.005017299832888426,0.016580763718698422
2023-06-24,73.56,0.0,0.016580763718698422
2023-06-25,73.56,0.0,0.016580763718698422
2023-06-26,73.86,0.004070009688296679,0.016940460068070626
2023-06-27,71.88,-0.027173347509058893,0.019018642305844297
2023-06-28,73.64,0.024190294449518864,0.02107888074096932
2023-06-29,73.86,0.0029830530595400854,0.015133130587919643
2023-06-30,74.51,0.00876193514121899,0.015287650600881305
2023-07-01,74.51,0.0,0.015287650600881305
2023-07-02,74.51,0.0,0.015287650600881305
2023-07-03,74.52,0.00013420116775142492,0.015264028475072368
2023-07-04,76.23,0.0226875402667948,0.010742320383791719
2023-07-05,76.74,0.00666799881862384,0.008185092242909968
2023-07-06,76.72,-0.00026065424362344436,0.008464198214200929
2023-07-07,78.77,0.026369783140050153,0.011640684487927723
2023-07-08,78.77,0.0,0.011640684487927723
2023-07-09,78.77,0.0,0.011640684487927723
2023-07-10,77.83,-0.012005252743936106,0.013716953836258258
2023-07-11,79.54,0.021733078808247843,0.013529304914628407
2023-07-12,80.35,0.010132052403976839,0.013617795817777365
2023-07-13,81.31,0.011876918036224624,0.013374096296301183
2023-07-14,79.9,-0.017493157447517116,0.013767110548601484
2023-07-15,79.9,0.0,0.013767110548601484
2023-07-16,79.9,0.0,0.013767110548601484
2023-07-17,77.8,-0.026634421587883178,0.01698738806649267
2023-07-18,79.54,0.022118608595198833,0.01707022497873836
2023-07-19,79.38,-0.002013592424625338,0.016475627154827744
2023-07-20,79.62,0.003018870217251951,0.015571243747155891
2023-07-21,81.06,0.017924303627991352,0.015829268884083387
2023-07-22,81.06,0.0,0.015829268884083387
2023-07-23,81.06,0.0,0.015829268884083387
2023-07-24,82.53,0.017972242404430436,0.01040074460048797
2023-07-25,83.46,0.011205611558813534,0.00868329924086454
2023-07-26,82.98,-0.005767860258684614,0.009409220743199526
2023-07-27,84.28,0.015544974031266411,0.009853793942158521
2023-07-28,84.49,0.0024885952287650322,0.008984317595542376
2023-07-29,84.49,0.0,0.008984317595542376
2023-07-30,84.49,0.0,0.008984317595542376
2023-07-31,85.22,0.008602963907012599,0.007457865862438358
2023-08-01,85.34,0.0014071296880880046,0.006906653767268825
2023-08-02,84.01,-0.015707438383098057,0.009563939204134814
2023-08-03,86.19,0.025618322282552113,0.012338725533649291
2023-08-04,87.38,0.013712261863982014,0.012945011451160341
2023-08-05,87.38,0.0,0.012945011451160341
2023-08-06,87.38,0.0,0.012945011451160341
2023-08-07,86.47,-0.010468890550950925,0.01397816931518847
2023-08-08,88.0,0.01753928150586767,0.015131025000210498
2023-08-09,89.31,0.014776649217588242,0.01255140307764813
2023-08-10,87.44,-0.02116061982751164,0.014386069352549935
2023-08-11,87.93,0.005588199522627794,0.013595028655206936
2023-08-12,87.93,0.0,0.013595028655206936
2023-08-13,87.93,0.0,0.013595028655206936
2023-08-14,87.4,-0.006045760729420958,0.013071457139769087
2023-08-15,86.28,-0.012897461140534172,0.011864398943436185
2023-08-16,84.49,-0.0209646373562023,0.010659021937513186
2023-08-17,85.24,0.008837623065662886,0.010479991047907134
2023-08-18,85.92,0.007945823530138351,0.010857103900742108
2023-08-19,85.92,0.0,0.010857103900742108
2023-08-20,85.92,0.0,0.010857103900742108
2023-08-21,85.44,-0.005602255548669898,0.010839714043068863
2023-08-22,84.7,-0.00869877355387595,0.010319970280107381
2023-08-23,83.94,-0.009013343752563996,0.007342123918393693
2023-08-24,84.07,0.0015475272417605416,0.006144599008112248
2023-08-25,85.42,0.01593048026611503,0.008559625872550932
2023-08-26,85.42,0.0,0.008559625872550932
2023-08-27,85.42,0.0,0.008559625872550932
2023-08-28,85.42,0.0,0.008297351378485349
2023-08-29,86.37,0.011060127878873841,0.008218700172755942
2023-08-30,86.62,0.002890342494286351,0.006399850503484649
2023-08-31,87.29,0.0077051729607777114,0.0063510331270418335
2023-09-01,89.98,0.030351514665767878,0.010991455562266439
2023-09-02,89.98,0.0,0.010991455562266439
2023-09-03,89.98,0.0,0.010991455562266439
2023-09-04,90.42,0.004878058453432773,0.01058918228109791
2023-09-05,91.25,0.009137510596141776,0.010525147957102705
2023-09-06,91.79,0.005900366768398839,0.01034867260431219
2023-09-07,91.16,-0.0068871548535161566,0.01184564269660055
2023-09-08,91.85,0.007540607283651133,0.00556708666132156
2023-09-09,91.85,0.0,0.00556708666132156
2023-09-10,91.85,0.0,0.00556708666132156
2023-09-11,91.97,0.0013056252534716507,0.005523220973568382
2023-09-12,93.58,0.01735424852346402,0.007650315582729262
2023-09-13,93.04,-0.005787177227661168,0.008311869096332618
2023-09-14,95.2,0.02295043358691071,0.010418882278144253
2023-09-15,95.55,0.0036697288889624017,0.010438255424965775
2023-09-16,95.55,0.0,0.010438255424965775
2023-09-17,95.55,0.0,0.010438255424965775
2023-09-18,95.95,0.004177551767426827,0.010294870701311081
2023-09-19,96.11,0.0016661463814840588,0.009057640245274726
2023-09-20,94.56,-0.016258815177404864,0.011454632105478134
2023-09-21,93.7,-0.009136364413411532,0.00758819534993506
2023-09-22,93.99,0.0030902043878334577,0.007515418052674068
2023-09-23,93.99,0.0,0.007515418052674068
2023-09-24,93.99,0.0,0.007515418052674068
2023-09-25,94.01,0.00021276595824945585,0.0070780113388023294
2023-09-26,94.46,0.004775304877511431,0.007498678593280334
2023-09-27,97.1,0.027564910829308103,0.011367516205777804
2023-09-28,96.64,-0.004748641110774369,0.010633428407283596
2023-09-29,95.86,-0.008103940455019587,0.011657993522112345
2023-09-30,95.86,0.0,0.011657993522112345
2023-10-01,95.86,0.0,0.011657993522112345
2023-10-02,91.21,-0.04972425353941821,0.023139954933029897
2023-10-03,94.46,0.03501192427590409,0.027526907998899116
2023-10-04,89.83,-0.050257469226855714,0.03013078135710755
2023-10-05,88.28,-0.01740541385257957,0.03006458326012307
2023-10-06,87.86,-0.0047689428409021595,0.030179929099992724
2023-10-07,87.86,0.0,0.030179929099992724
2023-10-08,87.86,0.0,0.030179929099992724
2023-10-09,91.37,0.0391725584628957,0.030581557102554262
2023-10-10,90.7,-0.007359839889438345,0.0264715549934744
2023-10-11,87.58,-0.035004695747838654,0.022537949459576042
2023-10-12,88.4,0.009319308270345508,0.022073037941943745
2023-10-13,94.33,0.06492730301816406,0.03264745501156119
2023-10-14,94.33,0.0,0.03264745501156119
2023-10-15,94.33,0.0,0.03264745501156119
2023-10-16,90.99,-0.03604966229316245,0.03385999864352846
2023-10-17,92.52,0.016675226994638952,0.03427580814718385
2023-10-18,91.99,-0.005744961874172521,0.030463822281572992
2023-10-19,93.12,0.01220910849406182,0.030519732417535056
2023-10-20,93.72,0.006422629656467192,0.017296173076480487
2023-10-21,93.72,0.0,0.017296173076480487
2023-10-22,93.72,0.0,0.017296173076480487
2023-10-23,91.88,-0.019828235818697436,0.012117508299420552
2023-10-24,88.0,-0.043146563342691,0.018795835172701215
2023-10-25,90.14,0.024027202784295827,0.022224017885642103
2023-10-26,88.45,-0.018926596656707935,0.02180740351470219
2023-10-27,90.73,0.025450642575743188,0.02479199737366887
2023-10-28,90.73,0.0,0.02479199737366887
2023-10-29,90.73,0.0,0.02479199737366887
2023-10-30,90.73,0.0,0.023882422178276783
2023-10-31,86.82,-0.04405105331009015,0.02414441991868409
2023-11-01,86.92,0.0011511455167814723,0.021442724700641944
2023-11-02,89.02,0.023872908199479403,0.022925882919529236
2023-11-03,87.55,-0.016651004855847366,0.020845248970440256
2023-11-04,87.55,0.0,0.020845248970440256
2023-11-05,87.55,0.0,0.020845248970440256
2023-11-06,87.31,-0.0027450549091445615,0.020759026029464916
2023-11-07,83.43,-0.04545704690873306,0.02119651450098946
2023-11-08,81.46,-0.02389585469371685,0.021949906099832085
2023-11-09,81.74,0.003431375915864679,0.017767247769040727
2023-11-10,83.66,0.02321748787792116,0.02198722288112068
2023-11-11,83.66,0.0,0.02198722288112068
2023-11-12,83.66,0.0,0.02198722288112068
2023-11-13,84.09,0.005126687830754218,0.022408114362637312
2023-11-14,84.2,0.0013072674034744047,0.013770576386449792
2023-11-15,82.4,-0.02160948433285499,0.013082956019192515
2023-11-16,77.73,-0.058344153673297795,0.02606588040428478
2023-11-17,81.22,0.04392023901602327,0.030829716028246707
2023-11-18,81.22,0.0,0.030829716028246707
2023-11-19,81.22,0.0,0.030829716028246707
2023-11-20,83.25,0.024686606602401434,0.032651534174850956
2023-11-21,82.42,-0.010020002949881852,0.03277348137597997
2023-11-22,81.76,-0.00803999945527698,0.03188210789560856
2023-11-23,80.85,-0.01119254043227858,0.020846579895227074
2023-11-24,79.82,-0.012821486402527999,0.01304444420104838
2023-11-25,79.82,0.0,0.01304444420104838
2023-11-26,79.82,0.0,0.01304444420104838
2023-11-27,79.49,-0.00414287203556651,0.005271397289671976
2023-11-28,81.66,0.026933058306408523,0.013444938736290194
2023-11-29,82.98,0.016035329013292177,0.014479918523869963
2023-11-30,81.72,-0.015300844955300598,0.015175779581671657
2023-12-01,78.72,-0.03740151720542328,0.02083732463010033
2023-12-02,78.72,0.0,0.02083732463010033
2023-12-03,78.72,0.0,0.02083732463010033
2023-12-04,78.16,-0.007139245009470764,0.02091971697569649
2023-12-05,77.27,-0.011452225789034808,0.016512766821825068
2023-12-06,74.33,-0.038791143208290406,0.016271761286361007
2023-12-07,74.21,-0.0016157267551599587,0.0171308559143284
2023-12-08,75.94,0.02304464282161417,0.018420433890575832
2023-12-09,75.94,0.0,0.018420433890575832
2023-12-10,75.94,0.0,0.018420433890575832
2023-12-11,75.75,-0.0025051104141777607,0.018419723394950037
2023-12-12,74.11,-0.021887968426211005,0.019470941775553304
2023-12-13,74.14,0.00040472175931876474,0.013027233370145701
2023-12-14,77.05,0.03849936404353841,0.019567360522928855
2023-12-15,76.84,-0.002729223865768745,0.018052433702005304
2023-12-16,76.84,0.0,0.018052433702005304
2023-12-17,76.84,0.0,0.018052433702005304
2023-12-18,78.89,0.02632913920664238,0.020109923799433094
2023-12-19,79.82,0.011719622513589519,0.015986273884868295
2023-12-20,81.1,0.015908861500779397,0.015401090963552857
2023-12-21,80.73,-0.004572707714442971,0.011554642080031308
2023-12-22,80.23,-0.006212743641359462,0.012089323737958598
2023-12-23,80.23,0.0,0.012089323737958598
2023-12-24,80.23,0.0,0.012089323737958598
2023-12-25,80.23,0.0,0.008260573468809866
2023-12-26,80.23,0.0,0.0071746057864295505
2023-12-27,80.97,0.009181205932458351,0.004889354492904523
2023-12-28,79.04,-0.024124662258410562,0.010335629070646845
2023-12-29,77.69,-0.01722750447728311,0.011656384674745017
2023-12-30,77.69,0.0,0.011656384674745017
2023-12-31,77.69,0.0,0.011656384674745017
2024-01-01,77.69,0.0,0.011656384674745017
2024-01-02,76.24,-0.018840289616382733,0.012558542334878273
2024-01-03,77.18,0.012254096763526266,0.013264034040693594
2024-01-04,75.79,-0.01817399828553498,0.012112996845675858
2024-01-05,78.31,0.032708950938908465,0.01777762157769789
2024-01-06,78.31,0.0,0.01777762157769789
2024-01-07,78.31,0.0,0.01777762157769789
2024-01-08,75.47,-0.03694008246606933,0.02291210672744922
2024-01-09,77.97,0.03258891102473156,0.025511490101088722
2024-01-10,78.46,0.006264803459897833,0.025256594563701967
2024-01-11,80.21,0.02205925459742664,0.02436994373599309
2024-01-12,79.89,-0.003997506884882527,0.022028175499315343
2024-01-13,79.89,0.0,0.022028175499315343
2024-01-14,79.89,0.0,0.022028175499315343
2024-01-15,79.76,-0.00162856284036759,0.013963433444937301
2024-01-16,80.15,0.004877753401979042,0.00875263374458149
2024-01-17,78.88,-0.01597216876118207,0.011402294102595278
2024-01-18,81.04,0.02701514964604801,0.012988541263262798
2024-01-19,80.71,-0.004080376604147147,0.012994392400723335
2024-01-20,80.71,0.0,0.012994392400723335
2024-01-21,80.71,0.0,0.012994392400723335
2024-01-22,81.7,0.01219151852967632,0.01348764324416884
2024-01-23,82.04,0.004152931338222691,0.0134774826992756
2024-01-24,82.15,0.0013399112790972686,0.010633603181515846
2024-01-25,82.33,0.002188716827057533,0.005057755808734225
2024-01-26,83.34,0.012193064683972831,0.005388963422187224
2024-01-27,83.34,0.0,0.005388963422187224
2024-01-28,83.34,0.0,0.005388963422187224
2024-01-29,83.99,0.007769118143228331,0.00454045951889301
2024-01-30,84.14,0.0017843340248391841,0.004610456669868305
2024-01-31,82.98,-0.013882463257652954,0.00811675482912897
2024-02-01,82.2,-0.009444312842587592,0.009071704696278228
2024-02-02,79.54,-0.03289526228258959,0.013640762752577562
2024-02-03,79.54,0.0,0.013640762752577562
2024-02-04,79.54,0.0,0.013640762752577562
2024-02-05,79.3,-0.0030219111387423427,0.012279208068858972
2024-02-06,79.3,0.0,0.012053640880764466
2024-02-07,81.18,0.023430782769949417,0.016636901197570136
2024-02-08,83.01,0.022292171056192484,0.018812391790497898
2024-02-09,83.58,0.006843174552824963,0.011189594160017153
2024-02-10,83.58,0.0,0.011189594160017153
2024-02-11,83.58,0.0,0.011189594160017153
2024-02-12,83.88,0.0035829490139499287,0.010450044816924799
2024-02-13,84.72,0.009964495259431947,0.00983591197508251
2024-02-14,84.41,-0.003665823297522485,0.008678153284528839
2024-02-15,84.33,-0.0009482044090783334,0.004791273636719588
2024-02-16,84.88,0.00650082071917747,0.004738070985302043
2024-02-17,84.88,0.0,0.004738070985302043
2024-02-18,84.88,0.0,0.004738070985302043
2024-02-19,85.52,0.007511772411062185,0.0051438434518737974
2024-02-20,84.78,-0.008690600792298624,0.005604755227649357
2024-02-21,84.77,-0.00011795930417693321,0.0053625165624702695
2024-02-22,85.84,0.012543391702128866,0.006910965410722025
2024-02-23,84.18,-0.0195277349800184,0.010494757082033733
2024-02-24,84.18,0.0,0.010494757082033733
2024-02-25,84.18,0.0,0.010494757082033733
2024-02-26,84.01,-0.002021523965668787,0.009772067883407665
2024-02-27,83.8,-0.00250283188871851,0.009396120099139371
2024-02-28,84.08,0.0033357190806582435,0.009579529759957305
2024-02-29,84.57,0.005810867225435136,0.008214186991377064
2024-03-01,84.82,0.0029517702523138355,0.003048546221906684
2024-03-02,84.82,0.0,0.003048546221906684
2024-03-03,84.82,0.0,0.003048546221906684
2024-03-04,86.58,0.020537477967389913,0.007658811241180445
2024-03-05,85.82,-0.00881676245045591,0.00887017198830052
2024-03-06,86.59,0.00893225589633123,0.00911204763678786
2024-03-07,84.88,-0.019945841153982236,0.012805893930555652
2024-03-08,84.29,-0.00697526029633679,0.013039597086962763
2024-03-09,84.29,0.0,0.013039597086962763
2024-03-10,84.29,0.0,0.013039597086962763
2024-03-11,83.44,-0.010135423316873882,0.009235706025208497
2024-03-12,83.66,0.0026331553215353997,0.009514096729022046
2024-03-13,83.95,0.0034604175094976072,0.008477105119767972
2024-03-14,86.16,0.0259846493245832,0.011643933840397528
2024-03-15,85.39,-0.008977034928618245,0.011926218293904755
2024-03-16,85.39,0.0,0.011926218293904755
2024-03-17,85.39,0.0,0.011926218293904755
2024-03-18,86.47,0.012568535052824136,0.01118707534073391
2024-03-19,87.36,0.010239979024256027,0.011277097309062163
2024-03-20,85.77,-0.018368216994264833,0.014664524463410449
2024-03-21,84.92,-0.009959658167274659,0.011180174424101375
2024-03-22,84.87,-0.0005889628534698293,0.01075816028086534
2024-03-23,84.87,0.0,0.01075816028086534
2024-03-24,84.87,0.0,0.01075816028086534
2024-03-25,86.18,0.01531745820610638,0.011363703439083226
2024-03-26,85.91,-0.0031378955377269163,0.010339120644290909
2024-03-27,84.94,-0.011355111764839998,0.008750644240702567
2024-03-28,86.17,0.014376964366550428,0.009573836430985803
2024-03-29,86.17,0.0,0.009548950387371519
2024-03-30,86.17,0.0,0.009548950387371519
2024-03-31,86.17,0.0,0.009548950387371519
2024-04-01,86.17,0.0,0.007588150107083138
2024-04-02,87.63,0.01680131581608372,0.009676285640021154
2024-04-03,90.6,0.03333080798117431,0.012944980726007192
2024-04-04,90.32,-0.0030952932075270392,0.013458216878604025
2024-04-05,92.81,0.027195472765895057,0.015028842118956533
2024-04-06,92.81,0.0,0.015028842118956533
2024-04-07,92.81,0.0,0.015028842118956533
2024-04-08,91.73,-0.01170491308573722,0.01693557207847917
2024-04-09,92.13,0.004351143599276324,0.01662231410210566
2024-04-10,91.57,-0.006096916001199958,0.012423651703110876
2024-04-11,91.49,-0.0008740304281968453,0.012313964271160964
2024-04-12,93.12,0.01765930729168397,0.009166391410603422
2024-04-13,93.12,0.0,0.009166391410603422
2024-04-14,93.12,0.0,0.009166391410603422
2024-04-15,90.84,-0.02478926674577,0.012712513188515203
2024-04-16,90.84,0.0,0.012489262826025038
2024-04-17,89.54,-0.01441426442453817,0.013311003923687285
2024-04-18,88.34,-0.01349244664443913,0.0137889395158709
2024-04-19,87.96,-0.00431084048182007,0.009649303275299219
2024-04-20,87.96,0.0,0.009649303275299219
2024-04-21,87.96,0.0,0.009649303275299219
2024-04-22,87.3,-0.007531702841003893,0.006316806713207276
2024-04-23,88.29,0.011276388067934757,0.008911313808330627
2024-04-24,89.02,0.008234212674217048,0.00863586494730543
2024-04-25,88.1,-0.01038853064557445,0.007928149915120157
2024-04-26,89.95,0.020781427454408353,0.010954264239195747
2024-04-27,89.95,0.0,0.010954264239195747
2024-04-28,89.95,0.0,0.010954264239195747
2024-04-29,88.44,-0.016929604407296617,0.012892594783059676
2024-04-30,88.23,-0.002377314755232157,0.01224601067724126
2024-05-01,83.55,-0.05450178619261071,0.023194783435311905
2024-05-02,84.81,0.014968205332205949,0.024871989448698686
2024-05-03,83.6,-0.014369940282952787,0.02208909595013727
2024-05-04,83.6,0.0,0.02208909595013727
2024-05-05,83.6,0.0,0.02208909595013727
2024-05-06,83.6,0.0,0.02218908904876472
2024-05-07,82.69,-0.010944844356580608,0.02206059090616717
2024-05-08,82.44,-0.0030279197118170255,0.009433507488636483
2024-05-09,83.27,0.010017584225469708,0.008039819982761681
2024-05-10,83.39,0.0014400578511661022,0.006197848885792546
2024-05-11,83.39,0.0,0.006197848885792546
2024-05-12,83.39,0.0,0.006197848885792546
2024-05-13,83.18,-0.0025214637841282474,0.006246566664072112
2024-05-14,81.0,-0.026557779642326876,0.01127203636555919
2024-05-15,79.98,-0.012672551253766358,0.011857400342748618
2024-05-16,81.65,0.02066521599780184,0.014412096120101161
2024-05-17,82.24,0.007199982290380821,0.014852663447324546
2024-05-18,82.24,0.0,0.014852663447324546
2024-05-19,82.24,0.0,0.014852663447324546
2024-05-20,81.91,-0.004020718179344291,0.014872505475098927
2024-05-21,81.22,-0.008459561269358939,0.011001240936922011
2024-05-22,79.9,-0.016385669485922696,0.011796668608647401
2024-05-23,79.25,-0.008168440014839075,0.0076116982218360045
2024-05-24,78.92,-0.004172731602975421,0.005741375596885697
2024-05-25,78.92,0.0,0.005741375596885697
2024-05-26,78.92,0.0,0.005741375596885697
2024-05-27,78.92,0.0,0.006146035457135092
2024-05-28,81.34,0.030203219324664004,0.014517508617285126
2024-05-29,81.5,0.00196511976773852,0.012543735120054085
2024-05-30,81.42,-0.000982077171984267,0.011763113659850121
2024-05-31,79.41,-0.024996638167713282,0.01600218467045042
2024-06-01,79.41,0.0,0.01600218467045042
2024-06-02,79.41,0.0,0.01600218467045042
2024-06-03,76.45,-0.03798737253204821,0.021758104300482545
2024-06-04,75.33,-0.01475847053746808,0.015539171461357124
2024-06-05,75.41,0.0010614303769522124,0.015417113422329631
2024-06-06,77.62,0.028885233726204624,0.02158247597495252
2024-06-07,78.12,0.006420980067717915,0.020409329974619757
2024-06-08,78.12,0.0,0.020409329974619757
2024-06-09,78.12,0.0,0.020409329974619757
2024-06-10,79.59,0.018642350809279774,0.014204500529593317
2024-06-11,80.15,0.007011422237804083,0.010983983180040598
2024-06-12,80.52,0.004605721716028599,0.01064089992913252
2024-06-13,81.44,0.01136095203062199,0.00656377599613115
2024-06-14,81.49,0.0006137605299157904,0.006982592248011924
2024-06-15,81.49,0.0,0.006982592248011924
2024-06-16,81.49,0.0,0.006982592248011924
2024-06-17,82.45,0.0117117356734796,0.0051467839646282465
2024-06-18,84.79,0.027985562310303847,0.0101535077714054
2024-06-19,85.64,0.009974852405570283,0.010053166683526692
2024-06-20,85.92,0.0032641670390724507,0.010175353609791769
2024-06-21,86.42,0.0058024997432324565,0.00975777687543752
2024-06-22,86.42,0.0,0.00975777687543752
2024-06-23,86.42,0.0,0.00975777687543752
2024-06-24,86.75,0.003811288323181407,0.00976660217898276
2024-06-25,86.81,0.0006914035767480475,0.0036431544385981387
2024-06-26,85.76,-0.012169125081224723,0.005875588752227756
2024-06-27,87.0,0.014355421332091787,0.007963956817846368
2024-06-28,87.26,0.002984049040879782,0.007796446051469876
2024-06-29,87.26,0.0,0.007796446051469876
2024-06-30,87.26,0.0,0.007796446051469876
2024-07-01,86.57,-0.007938832467781225,0.008425724995685826
2024-07-02,88.28,0.01956024616085344,0.011316787777002246
2024-07-03,88.25,-0.00033988557512955076,0.009519308484147051
2024-07-04,88.34,0.0010193103549742599,0.008389596307955776
2024-07-05,88.66,0.003615823148526961,0.008403030587827832
2024-07-06,88.66,0.0,0.008403030587827832
2024-07-07,88.66,0.0,0.008403030587827832
2024-07-08,87.15,-0.017178057350877473,0.01068915213137825
2024-07-09,86.48,-0.007717598635077083,0.00716764044171851
2024-07-10,86.55,0.0008091082912653426,0.007249870533056393
2024-07-11,86.49,-0.0006934813037977247,0.007128202737392802
2024-07-12,87.35,0.00989423626164496,0.008386727669529493
2024-07-13,87.35,0.0,0.008386727669529493
2024-07-14,87.35,0.0,0.008386727669529493
2024-07-15,86.42,-0.010703906076278401,0.006621410459750895
2024-07-16,86.6,0.0020806850646022104,0.006023006682572264
2024-07-17,85.76,-0.009747118245897477,0.007074300747039162
2024-07-18,86.26,0.005813293897205156,0.007578330190105294
2024-07-19,85.19,-0.012481935164948093,0.007233462719039861
2024-07-20,85.19,0.0,0.007233462719039861
2024-07-21,85.19,0.0,0.007233462719039861
2024-07-22,83.44,-0.020756245362232126,0.00952046907046069
2024-07-23,82.2,-0.014972508630382663,0.009584374316019025
2024-07-24,83.01,0.009805780404810035,0.011467340518567081
2024-07-25,82.58,-0.005193562009000116,0.010506951609087432
2024-07-26,81.35,-0.01500668679289737,0.010796738880747824
2024-07-27,81.35,0.0,0.010796738880747824
2024-07-28,81.35,0.0,0.010796738880747824
2024-07-29,80.94,-0.00505269421732724,0.008811347101843493
2024-07-30,79.26,-0.020974551685430446,0.01020034889411741
2024-07-31,81.39,0.02651882757666111,0.01508527574208822
2024-08-01,81.37,-0.0002457606303840749,0.015071190147127617
2024-08-02,78.35,-0.03782068590653615,0.01998949162549401
2024-08-03,78.35,0.0,0.01998949162549401
2024-08-04,78.35,0.0,0.01998949162549401
2024-08-05,77.51,-0.010779008508609645,0.020091356860638763
2024-08-06,76.62,-0.011548821020917182,0.019232524725189954
2024-08-07,78.26,0.021178477509763427,0.017836563113777106
2024-08-08,80.76,0.031445176662370435,0.022764023304627578
2024-08-09,81.07,0.003831185554978798,0.01599577206698719
2024-08-10,81.07,0.0,0.01599577206698719
2024-08-11,81.07,0.0,0.01599577206698719
2024-08-12,83.06,0.024250259202991818,0.015759801778769886
2024-08-13,82.51,-0.006643740086355645,0.014723200671421924
2024-08-14,82.15,-0.004372653632974782,0.014824720996150636
2024-08-15,83.09,0.011377513193612871,0.010644965542984669
2024-08-16,81.56,-0.018585411970635554,0.013668774209300464
2024-08-17,81.56,0.0,0.013668774209300464
2024-08-18,81.56,0.0,0.013668774209300464
2024-08-19,81.09,-0.005779296749788497,0.009029716399575448
2024-08-20,78.85,-0.02801233554741865,0.013025525729066121
2024-08-21,78.77,-0.0010150996938144044,0.013177072170531094
2024-08-22,78.8,0.0003807831486005595,0.01127849286003396
2024-08-23,80.34,0.019354632067302868,0.01391293877625312
2024-08-24,80.34,0.0,0.01391293877625312
2024-08-25,80.34,0.0,0.01391293877625312
2024-08-26,80.34,0.0,0.013833134309971856
2024-08-27,81.51,0.014458083175229917,0.008441517979015805
2024-08-28,80.04,-0.018199202390833412,0.012099921192850374
2024-08-29,81.55,0.018689819351490177,0.013515766160543188
2024-08-30,80.2,-0.016692814194553988,0.013950937650155178
2024-08-31,80.2,0.0,0.013950937650155178
2024-09-01,80.2,0.0,0.013950937650155178
2024-09-02,77.82,-0.030125047316061464,0.017938009387533087
2024-09-03,76.46,-0.01763073928814073,0.01629497361470784
2024-09-04,74.67,-0.023689323220656307,0.01692384543291928
2024-09-05,74.47,-0.0026820453250562056,0.012159119061081266
2024-09-06,72.82,-0.02240571697526689,0.012632808372148332
2024-09-07,72.82,0.0,0.012632808372148332
2024-09-08,72.82,0.0,0.012632808372148332
2024-09-09,72.37,-0.006198793869250905,0.010540070820367937
2024-09-10,70.34,-0.028451221832199978,0.012409628702621552
2024-09-11,70.31,-0.00042659083476643606,0.011833435989201694
2024-09-12,73.81,0.04858018757089107,0.024828775913538603
2024-09-13,73.68,-0.0017628318349094995,0.023063423709295067
2024-09-14,73.68,0.0,0.023063423709295067
2024-09-15,73.68,0.0,0.023063423709295067
2024-09-16,73.96,0.003793014571872473,0.022802452918954632
2024-09-17,74.55,0.007945634691823423,0.018065279090487572
2024-09-18,74.52,-0.0004024954773597643,0.018063340435810274
2024-09-19,75.93,0.01874431749175475,0.007275341435595306
2024-09-20,75.96,0.00039502271894259515,0.007029795674656401
2024-09-21,75.96,0.0,0.007029795674656401
2024-09-22,75.96,0.0,0.007029795674656401
2024-09-23,74.95,-0.013385661395478348,0.009735832574229539
2024-09-24,75.29,0.00452609931342429,0.009463894063980956
2024-09-25,75.4,0.001459951151879414,0.00943053281856851
2024-09-26,73.06,-0.03152625364677401,0.012804714489709117
2024-09-27,71.63,-0.019767040740776693,0.013505005764520827
2024-09-28,71.63,0.0,0.013505005764520827
2024-09-29,71.63,0.0,0.013505005764520827
2024-09-30,72.35,0.010001472451133031,0.014884085353657726
2024-10-01,75.3,0.03996468172835498,0.02267147526089647
2024-10-02,74.86,-0.005860432329564958,0.022762580043036173
2024-10-03,77.57,0.03556105202649714,0.021887233473905397
2024-10-04,79.32,0.022309549148814944,0.018295074604500174
2024-10-05,79.32,0.0,0.018295074604500174
2024-10-06,79.32,0.0,0.018295074604500174
2024-10-07,81.74,0.030053174484536094,0.01901646415535721
2024-10-08,78.19,-0.04440171599970857,0.027290799552857507
2024-10-09,77.06,-0.014557422938411071,0.028074539537941434
2024-10-10,79.45,0.030543553784713427,0.027188616703395906
2024-10-11,80.27,0.010268059160760352,0.026155677364015157
2024-10-12,80.27,0.0,0.026155677364015157
2024-10-13,80.27,0.0,0.026155677364015157
2024-10-14,78.47,-0.022679566004103646,0.024145440365880465
2024-10-15,73.68,-0.06298499419233036,0.029516958532387574
2024-10-16,73.65,-0.00040724903841218423,0.029516489767504806
2024-10-17,74.37,0.009728491806569484,0.026006438214982854
2024-10-18,72.75,-0.02202372866360705,0.024762302328702936
2024-10-19,72.75,0.0,0.024762302328702936
2024-10-20,72.75,0.0,0.024762302328702936
2024-10-21,73.29,0.007395267886156915,0.025610520679626218
2024-10-22,75.59,0.030899825366326555,0.01578910188805419
2024-10-23,74.68,-0.012111680630563408,0.016873626808886683
2024-10-24,74.27,-0.005505216992316918,0.016689694444148008
2024-10-25,75.62,0.018013696781581837,0.014703268408969176
2024-10-26,75.62,0.0,0.014703268408969176
2024-10-27,75.62,0.0,0.014703268408969176
2024-10-28,71.87,-0.05086186698243549,0.025782864735553745
2024-10-29,71.09,-0.010912251538959522,0.0210923854173477
2024-10-30,73.21,0.029385343717159396,0.025389778068276105
2024-10-31,73.25,0.0005462242386253906,0.025386929724608102
2024-11-01,73.63,0.0051743034834487904,0.024134959451028528
2024-11-02,73.63,0.0,0.024134959451028528
2024-11-03,73.63,0.0,0.024134959451028528
2024-11-04,74.89,0.016967818880650225,0.013263462303699645
2024-11-05,76.98,0.02752527759432436,0.013108367208175934
2024-11-06,76.52,-0.0059935032835480885,0.011755821667568929
2024-11-07,75.73,-0.010377761446320745,0.013276326840531821
2024-11-08,74.04,-0.022568895420434557,0.01680336188787713
2024-11-09,74.04,0.0,0.01680336188787713
2024-11-10,74.04,0.0,0.01680336188787713
2024-11-11,72.19,-0.025303955554227268,0.017598748483910125
2024-11-12,72.56,0.005112273655811607,0.011689666987289946
2024-11-13,72.86,0.004125985773536572,0.012631503451546101
2024-11-14,73.39,0.007247894976553787,0.013568371225291826
2024-11-15,73.45,0.0008172160629148973,0.01101139482824072
2024-11-16,73.45,0.0,0.01101139482824072
2024-11-17,73.45,0.0,0.01101139482824072
2024-11-18,74.35,0.01217877028627767,0.004481637046347152
2024-11-19,74.32,-0.000403578400581038,0.004772389165332988
2024-11-20,74.33,0.00013454423161901268,0.004910940677970159
2024-11-21,75.09,0.010172755374590498,0.005442769155730676
2024-11-22,76.1,0.013360870755847529,0.006468378708627993
2024-11-23,76.1,0.0,0.006468378708627993
2024-11-24,76.1,0.0,0.006468378708627993
2024-11-25,74.27,-0.02434116318643506,0.012072734086783773
2024-11-26,74.56,0.0038970686961307885,0.012166965788092962
2024-11-27,73.91,-0.008756033580540404,0.012660689015799904
2024-11-28,73.92,0.00013529053663349387,0.011744842920853987
2024-11-29,74.16,0.003241493924171023,0.009996745286780196
2024-11-30,74.16,0.0,0.009996745286780196
2024-12-01,74.16,0.0,0.009996745286780196
2024-12-02,72.81,-0.018371612850979945,0.007995692274688649
2024-12-03,74.8,0.026964576573811856,0.01384631621242002
2024-12-04,74.68,-0.0016055663069095673,0.013306406960893361
2024-12-05,73.78,-0.012124626504992344,0.014283923601816715
2024-12-06,73.78,0.0,0.014203396302850982
2024-12-07,73.78,0.0,0.014203396302850982
2024-12-08,73.78,0.0,0.014203396302850982
2024-12-09,73.73,-0.0006779201669703153,0.011934605403987537
2024-12-10,73.64,-0.0012214156366821198,0.004409051123454564
2024-12-11,74.38,0.009998732132046783,0.0064111621974704954
2024-12-12,73.52,-0.01162961044949239,0.006263566221028886
2024-12-13,74.89,0.01846289221384412,0.009541115606676285
2024-12-14,74.89,0.0,0.009541115606676285
2024-12-15,74.89,0.0,0.009541115606676285
2024-12-16,74.3,-0.007909418537562286,0.010260596429445509
2024-12-17,73.16,-0.015462128201048524,0.01205285461884775
2024-12-18,74.57,0.019089458033038447,0.013791544198087403
2024-12-19,73.75,-0.01105728633577413,0.013710044507998235
2024-12-20,73.19,-0.007622195606793537,0.011336416697810886
2024-12-21,73.19,0.0,0.011336416697810886
2024-12-22,73.19,0.0,0.011336416697810886
2024-12-23,72.12,-0.014727401278019105,0.012069616006797242
2024-12-24,73.5,0.018954007883674455,0.013649471844423597
2024-12-25,73.5,0.0,0.011005085259789223
2024-12-26,73.5,0.0,0.010268085530303356
2024-12-27,73.77,0.0036667386774199406,0.009837810019013998
2024-12-28,73.77,0.0,0.009837810019013998
2024-12-29,73.77,0.0,0.009837810019013998
2024-12-30,74.24,0.0063509435817341465,0.006989581145221471
2024-12-31,74.58,0.004569286272729764,0.002716024697854482
2025-01-01,74.58,0.0,0.002716024697854482
2025-01-02,76.14,0.02070137620367658,0.007363304124654351
2025-01-03,76.72,0.007588679620831535,0.007390451968770386
2025-01-04,76.72,0.0,0.007390451968770386
2025-01-05,76.72,0.0,0.007390451968770386
2025-01-06,77.27,0.007143351370309762,0.00740988831294093
2025-01-07,77.84,0.007349655932257202,0.00741277714990908
2025-01-08,77.37,-0.006056329316386467,0.008516315602825142
2025-01-09,78.44,0.013734892766782424,0.006600943498548171
2025-01-10,79.76,0.01668812432543737,0.008094645142819455
2025-01-11,79.76,0.0,0.008094645142819455
2025-01-12,79.76,0.0,0.008094645142819455
2025-01-13,82.69,0.03607655008049229,0.014158631215145996
2025-01-14,82.39,-0.003634605406576671,0.015041698642064958
2025-01-15,83.48,0.013143011881501342,0.013719155391986225
2025-01-16,82.39,-0.013143011881501342,0.016298647466724766
2025-01-17,83.02,0.007617472297394096,0.01575320202898612
2025-01-18,83.02,0.0,0.01575320202898612
2025-01-19,83.02,0.0,0.01575320202898612
2025-01-20,81.68,-0.01627236876848241,0.010487514554215248
2025-01-21,80.57,-0.013682802067305712,0.011432633405045302
2025-01-22,80.0,-0.007099737115222933,0.008889755045545612
2025-01-23,78.62,-0.017400514680167335,0.009572704561202358
2025-01-24,78.71,0.0011440921606443687,0.00816994684878035
2025-01-25,78.71,0.0,0.00816994684878035
2025-01-26,78.71,0.0,0.00816994684878035
2025-01-27,77.3,-0.018076256560982502,0.008509875855654138
2025-01-28,78.01,0.009143068006845565,0.01013160669364186
2025-01-29,77.02,-0.012771895213459079,0.010580539644081658
2025-01-30,77.42,0.005180016762739313,0.00972807989526145
2025-01-31,77.11,-0.00401217130463276,0.009627600262932072
2025-02-01,77.11,0.0,0.009627600262932072
2025-02-02,77.11,0.0,0.009627600262932072
2025-02-03,76.49,-0.008072960511094664,0.007516291109026926
2025-02-04,76.58,0.0011759327153739291,0.006106122007358766
2025-02-05,74.71,-0.02472199406143863,0.009901135094094895
2025-02-06,74.54,-0.0022780579365973483,0.009071181006366183
2025-02-07,74.68,0.0018764246224094406,0.009486555349107213
2025-02-08,74.68,0.0,0.009486555349107213
2025-02-09,74.68,0.0,0.009486555349107213
2025-02-10,76.23,0.02054276732666046,0.013175857949901192
2025-02-11,77.65,0.01845646359451375,0.01502791414186124
2025-02-12,75.38,-0.029669561755706838,0.01653406903042579
2025-02-13,75.61,0.003046561731189101,0.01646568147713667
2025-02-14,75.19,-0.005570306180243064,0.01671636848408517
2025-02-15,75.19,0.0,0.01671636848408517
2025-02-16,75.19,0.0,0.01671636848408517
2025-02-17,75.81,0.008211966678277064,0.014856589904352584
2025-02-18,76.46,0.008537518200054136,0.013082082337269514
2025-02-19,76.34,-0.0015706809511829341,0.005167588969017055
2025-02-20,76.95,0.007958812967804523,0.00567268993172439
2025-02-21,74.88,-0.02726902811555175,0.012565142823768662
2025-02-22,74.88,0.0,0.012565142823768662
2025-02-23,74.88,0.0,0.012565142823768662
2025-02-24,74.89,0.00013353809193916634,0.01197928431767217
2025-02-25,73.11,-0.02405521395605119,0.013548233991281638
2025-02-26,73.49,0.005184186235555235,0.014175598512220595
2025-02-27,75.01,0.020472095440765174,0.016708828536834888
2025-02-28,74.76,-0.003338455394182807,0.013136662677163033
2025-03-01,74.76,0.0,0.013136662677163033
2025-03-02,74.76,0.0,0.013136662677163033
2025-03-03,72.85,-0.025880449946148385,0.01631264951907758
2025-03-04,72.31,-0.007440100454353251,0.013934287868449642
2025-03-05,70.92,-0.01940995098085334,0.015006284528769166
2025-03-06,71.08,0.002253522080443475,0.010835081229765207
2025-03-07,72.49,0.019642618026335813,0.015038767890984153
2025-03-08,72.49,0.0,0.015038767890984153
2025-03-09,72.49,0.0,0.015038767890984153
2025-03-10,71.08,-0.01964261802633572,0.013677338330610116
2025-03-11,71.51,0.006031296773854049,0.013977271800616904
2025-03-12,72.36,0.011816360466789723,0.012213542182911773
2025-03-13,70.82,-0.02151221384333678,0.015321687900600513
2025-03-14,71.94,0.015690991583720344,0.014505925877576141
2025-03-15,71.94,0.0,0.014505925877576141
2025-03-16,71.94,0.0,0.014505925877576141
2025-03-17,71.93,-0.00013901438821291274,0.012005676082280705
2025-03-18,71.93,0.0,0.011858394295100001
2025-03-19,71.94,0.00013901438821290707,0.010833437930621945
2025-03-20,72.61,0.009270215124677446,0.006366238044091756
2025-03-21,72.64,0.00041308090088259565,0.0034821209946652165
2025-03-22,72.64,0.0,0.0034821209946652165
2025-03-23,72.64,0.0,0.0034821209946652165
2025-03-24,73.96,0.018008672225886136,0.007068559288963775
2025-03-25,73.78,-0.0024367143503944,0.007351332966636234
2025-03-26,74.6,0.011052815041185604,0.007639775001675369
2025-03-27,74.72,0.0016072867108720599,0.007504976089575314
2025-03-28,74.69,-0.0004015795516118532,0.007577502483369428
2025-03-29,74.69,0.0,0.007577502483369428
2025-03-30,74.69,0.0,0.007577502483369428
2025-03-31,77.23,0.03344176821219722,0.012791975304003016
2025-04-01,77.78,0.007096346146428626,0.012216158888810853
2025-04-02,77.27,-0.0065785467821088146,0.01315342322143917
2025-04-03,72.54,-0.06316764809073609,0.02908909553661693
2025-04-04,68.36,-0.05935027560736627,0.03560015292028717
2025-04-05,68.36,0.0,0.03560015292028717
2025-04-06,68.36,0.0,0.03560015292028717
2025-04-07,66.13,-0.03316535656081924,0.029627431133539016
2025-04-08,64.86,-0.019391400807399,0.026826189106938517
2025-04-09,67.3,0.03692913577151023,0.035651138953444565
2025-04-10,65.37,-0.029096799026043816,0.030717649917706934
2025-04-11,66.83,0.022088643898340397,0.026144034884271885
2025-04-12,66.83,0.0,0.026144034884271885
2025-04-13,66.83,0.0,0.026144034884271885
2025-04-14,67.18,0.005223502661167973,0.02260587314684779
2025-04-15,66.58,-0.008971352037267876,0.02124539667969572
2025-04-16,67.94,0.020220730585558885,0.0175042028013792
2025-04-17,69.33,0.020252750221961262,0.012386621203340649
2025-04-18,69.33,0.0,0.011061496730644589
2025-04-19,69.33,0.0,0.011061496730644589
2025-04-20,69.33,0.0,0.011061496730644589
2025-04-21,69.33,0.0,0.011238088766659023
2025-04-22,68.93,-0.005786216056838453,0.010650864705203815
2025-04-23,68.26,-0.009767553418999524,0.009450793104997397
2025-04-24,67.5,-0.011196345600076867,0.005033545090182464
2025-04-25,66.99,-0.0075842433583080335,0.004888036703103063
2025-04-26,66.99,0.0,0.004888036703103063
2025-04-27,66.99,0.0,0.004888036703103063
2025-04-28,66.13,-0.01292085283360522,0.005159213120173336
2025-04-29,64.04,-0.03211461355805685,0.010824925412030346
2025-04-30,63.37,-0.010517324793088464,0.010820040544811367
2025-05-01,62.37,-0.0159061727973943,0.01100674866045362
2025-05-02,61.57,-0.012909651614912473,0.010891206049059672
2025-05-03,61.57,0.0,0.010891206049059672
2025-05-04,61.57,0.0,0.010891206049059672
2025-05-05,61.57,0.0,0.011778322435685468
2025-05-06,62.37,0.012909651614912542,0.00997660289018009
2025-05-07,60.31,-0.03358646307513573,0.01508002803028301
2025-05-08,62.22,0.031178564006595542,0.020135554302804136
2025-05-09,64.26,0.03226086221822148,0.022532721507019165
2025-05-10,64.26,0.0,0.022532721507019165
2025-05-11,64.26,0.0,0.022532721507019165
2025-05-12,65.28,0.015748356968139112,0.022607189783609122
2025-05-13,66.93,0.02496158645669937,0.02345458282992868
2025-05-14,65.91,-0.015357122047922485,0.018227744786744892
2025-05-15,64.36,-0.023797852940446063,0.020618257079116388
2025-05-16,65.2,0.012967146808424822,0.01737474239471957
2025-05-17,65.2,0.0,0.01737474239471957
2025-05-18,65.2,0.0,0.01737474239471957
2025-05-19,66.25,0.015975995933724174,0.017404787759438246
2025-05-20,66.93,0.010211832246219297,0.014887577945054391
2025-05-21,65.86,-0.01611602016433268,0.015020222454909454
2025-05-22,64.87,-0.015146009723254163,0.012960766304788578
2025-05-23,65.41,0.008289884748157297,0.012355070743433868
2025-05-24,65.41,0.0,0.012355070743433868
2025-05-25,65.41,0.0,0.012355070743433868
2025-05-26,65.41,0.0,0.010318838965379861
2025-05-27,64.32,-0.016804527102410545,0.010117771496819104
2025-05-28,65.72,0.021532668298356563,0.013187903755080367
2025-05-29,64.6,-0.017188882380511267,0.013587633180901799
2025-05-30,64.32,-0.004343785917845308,0.013038611606522381
2025-05-31,64.32,0.0,0.013038611606522381
2025-06-01,64.32,0.0,0.013038611606522381
2025-06-02,66.55,0.03408291997040977,0.019058552509170077
2025-06-03,67.48,0.013877712836647113,0.017337892602218345
2025-06-04,66.69,-0.01177624103355272,0.0172074343536716
2025-06-05,67.14,0.006724974907673916,0.014969624583208281
2025-06-06,68.02,0.013021788027160492,0.01449602990861946
2025-06-07,68.02,0.0,0.01449602990861946
2025-06-08,68.02,0.0,0.01449602990861946
2025-06-09,68.73,0.01038400555446455,0.009178542273187337
2025-06-10,68.41,-0.004666772360607313,0.008720794028527388
2025-06-11,71.29,0.04123705235663054,0.015325998488625895
2025-06-12,70.84,-0.006332252214904317,0.016475592957863744
2025-06-13,76.0,0.07030952737169817,0.029027730583690053
2025-06-14,76.0,0.0,0.029027730583690053
2025-06-15,76.0,0.0,0.029027730583690053
2025-06-16,75.05,-0.012578782206860185,0.030979900350201595
2025-06-17,78.7,0.04748859734388673,0.03238427158426184
2025-06-18,78.38,-0.004074362651872199,0.03196172844278788
2025-06-19,80.37,0.025072179453141684,0.030892858992108713
2025-06-20,78.73,-0.02061669502825125,0.023472444503408685
2025-06-21,78.73,0.0,0.023472444503408685
2025-06-22,78.73,0.0,0.023472444503408685
2025-06-23,74.34,-0.05737511232726981,0.03317736582793082
2025-06-24,69.13,-0.07266037491193252,0.034737663033078965
2025-06-25,68.4,-0.010615965328668701,0.03437026003819354
2025-06-26,68.57,0.002482296667768099,0.03031361831978681
2025-06-27,69.37,0.011599376100936991,0.03300576007367345
2025-06-28,69.37,0.0,0.03300576007367345
2025-06-29,69.37,0.0,0.03300576007367345
2025-06-30,68.15,-0.017743339254668294,0.0281898827156443
2025-07-01,67.63,-0.0076594865556932346,0.009644961540308293
2025-07-02,70.8,0.045807329112825555,0.02017677323139608
2025-07-03,70.42,-0.005381686972767558,0.020551012020608342
2025-07-04,71.03,0.008625009282812087,0.02039309540073565
2025-07-05,71.03,0.0,0.02039309540073565
2025-07-06,71.03,0.0,0.02039309540073565
2025-07-07,71.95,0.012869110323658346,0.018281820179852457
2025-07-08,72.5,0.007615128527252122,0.017002647901235204
2025-07-09,71.98,-0.007198259209744408,0.007524862577821218
2025-07-10,70.38,-0.02247917075744568,0.01193787322679497
2025-07-11,72.06,0.023589973426508117,0.014762618685600328
2025-07-12,72.06,0.0,0.014762618685600328
2025-07-13,72.06,0.0,0.014762618685600328
2025-07-14,70.96,-0.015382767318623267,0.015170207819772024
2025-07-15,70.27,-0.00977137279721768,0.014755169985299832
2025-07-16,69.67,-0.008575156162078754,0.014806796656559347
2025-07-17,71.32,0.02340698395291193,0.01573143902282972
2025-07-18,71.06,-0.0036522024020585585,0.012509795417916636
2025-07-19,71.06,0.0,0.012509795417916636
2025-07-20,71.06,0.0,0.012509795417916636
2025-07-21,71.92,0.012029799570483786,0.011896478936821922
2025-07-22,69.69,-0.031497554712937414,0.01713552603366709
2025-07-23,69.17,-0.007489592837934093,0.017062241533559674
2025-07-24,70.42,0.017910071114413013,0.01583232832998374
2025-07-25,69.23,-0.017043019036972338,0.016866622927130308
2025-07-26,69.23,0.0,0.016866622927130308
2025-07-27,69.23,0.0,0.016866622927130308
2025-07-28,70.87,0.023412918132230544,0.01904682686724469
2025-07-29,73.21,0.032484810836386435,0.01790667177041519
2025-07-30,73.98,0.010462762745756709,0.016725645333097332
2025-07-31,73.43,-0.0074622149407887785,0.01736270014903047
2025-08-01,70.55,-0.04001089316469628,0.023517693354325655
2025-08-02,70.55,0.0,0.023517693354325655
2025-08-03,70.55,0.0,0.023517693354325655
2025-08-04,69.56,-0.014131988812740665,0.022253361714287788
2025-08-05,69.14,-0.00605625499260379,0.01599496953615798
2025-08-06,67.97,-0.017067003134931615,0.013896485437213408
2025-08-07,66.99,-0.014523076838370728,0.013758976706295473
2025-08-08,67.17,0.002683364758597028,0.008179888152996466
2025-08-09,67.17,0.0,0.008179888152996466
2025-08-10,67.17,0.0,0.008179888152996466
2025-08-11,67.36,0.002824650655298019,0.008231105593754978
2025-08-12,66.8,-0.008348289391471274,0.008343914890584664
2025-08-13,66.25,-0.008267615676268363,0.006711889592804992
2025-08-14,68.12,0.02783539092815597,0.01216595477570158
2025-08-15,67.3,-0.01211061914380553,0.013335216973050908
2025-08-16,67.3,0.0,0.013335216973050908
2025-08-17,67.3,0.0,0.013335216973050908
2025-08-18,68.18,0.01299103005907509,0.01418552662324973
2025-08-19,66.62,-0.02314643394422353,0.01679937370943206
2025-08-20,67.61,0.014751068337052833,0.01724628355013998
2025-08-21,68.41,0.011763111670320094,0.014169086397011742
2025-08-22,68.29,-0.0017556697999086396,0.01312190959348573
2025-08-23,68.29,0.0,0.01312190959348573
2025-08-24,68.29,0.0,0.01312190959348573
2025-08-25,68.29,0.0,0.012209513628973288
2025-08-26,66.89,-0.020713863842681268,0.011443879889361684
2025-08-27,67.75,0.012774980629493659,0.011053703614436926
2025-08-28,68.61,0.012613836942989143,0.011204449149323498
2025-08-29,67.83,-0.011433721744811267,0.012080130459021794
2025-08-30,67.83,0.0,0.012080130459021794
2025-08-31,67.83,0.0,0.012080130459021794
2025-09-01,67.09,-0.0109695733831914,0.012632864187080714
2025-09-02,68.09,0.014795357920078694,0.011158759558270814
2025-09-03,67.76,-0.004858309151076295,0.010429709867390204
2025-09-04,66.41,-0.020124402791176745,0.011156635779451656
2025-09-05,64.92,-0.0226919049062318,0.012961977476940122
2025-09-06,64.92,0.0,0.012961977476940122
2025-09-07,64.92,0.0,0.012961977476940122
2025-09-08,65.44,0.007977949648101178,0.013768838176424433
2025-09-09,67.97,0.0379327390640553,0.0201891603981374
2025-09-10,67.62,-0.005162634078806831,0.020201056920684538
2025-09-11,67.25,-0.005486778797791491,0.0184916674234856
2025-09-12,67.87,0.009177092233718497,0.01506323965682918
2025-09-13,67.87,0.0,0.01506323965682918
2025-09-14,67.87,0.0,0.01506323965682918
2025-09-15,67.88,0.0001473296503583558,0.015212079670712406
2025-09-16,69.69,0.026315395084401866,0.011137632104030685
2025-09-17,69.19,-0.00720049193970774,0.011426815398276424
2025-09-18,67.83,-0.01985176855273147,0.014213522811600604
2025-09-19,67.05,-0.011565965230300644,0.01444025072408324
2025-09-20,67.05,0.0,0.01444025072408324
2025-09-21,67.05,0.0,0.01444025072408324
2025-09-22,66.87,-0.002688173661800191,0.01441835248872001
2025-09-23,67.96,0.016168860737843963,0.011240543063299214
2025-09-24,69.64,0.02441981809625721,0.015203323960743408
2025-09-25,70.48,0.01198986672793573,0.012467901646669676
2025-09-26,71.15,0.009461342907937263,0.009958476053697
2025-09-27,71.15,0.0,0.009958476053696999
2025-09-28,71.15,0.0,0.009958476053696999
2025-09-29,69.0,-0.030683819938602096,0.01775796871343827
2025-09-30,68.52,-0.006980831141340317,0.017369559481068855
2025-10-01,66.67,-0.027370596825950378,0.01683887061088435
2025-10-02,65.44,-0.018621384335477137,0.015216390325399596
2025-10-03,66.13,0.01048880939207925,0.015445384500236074
2025-10-04,66.13,0.0,0.015445384500236074
2025-10-05,66.13,0.0,0.015445384500236074
2025-10-06,67.09,0.01441249988822578,0.014998889122924984
2025-10-07,67.1,0.0001490424028392572,0.015005625338001214
2025-10-08,67.42,0.0047576658282786,0.010561499074033384
2025-10-09,67.23,-0.0028221333249692916,0.006381265778009253
2025-10-10,64.41,-0.04285067592214613,0.018144358960461817
2025-10-11,64.41,0.0,0.018144358960461817
2025-10-12,64.41,0.0,0.018144358960461817
2025-10-13,64.15,-0.0040448094971537694,0.016311055931251168
2025-10-14,63.0,-0.018089364670112875,0.016545280201356424
2025-10-15,62.33,-0.010691875570773494,0.01539345546718753
2025-10-16,61.08,-0.02025837047032759,0.015218913629738404
2025-10-17,61.23,0.0024527851394313465,0.009202321449376251
2025-10-18,61.23,0.0,0.009202321449376251
2025-10-19,61.23,0.0,0.009202321449376251
2025-10-20,60.71,-0.008528836347520323,0.009098880729693634
2025-10-21,61.0,0.004765435030968503,0.008920985475933365
2025-10-22,62.28,0.02076648279248625,0.012536765633689186
2025-10-23,66.32,0.06285116386124182,0.024204696516933362
2025-10-24,65.8,-0.00787167249576794,0.025161863617490936
2025-10-25,65.8,0.0,0.025161863617490936
2025-10-26,65.8,0.0,0.025161863617490936
2025-10-27,65.52,-0.00426439878645754,0.024677446093907193
2025-10-28,64.03,-0.023003716014103084,0.02785410174272183
2025-10-29,65.01,0.015189380685666722,0.027469317318233075
2025-10-30,65.11,0.001537043032393178,0.011503355077307344
2025-10-31,65.44,0.005055545045720945,0.011559229246202606
2025-11-01,65.44,0.0,0.011559229246202606
2025-11-02,65.44,0.0,0.011559229246202606
2025-11-03,65.79,0.005334158803414924,0.011646505437099986
2025-11-04,65.04,-0.011465385858351381,0.007995356990983813
2025-11-05,63.54,-0.023332836398185137,0.010468376318086886
2025-11-06,63.41,-0.002048051129429905,0.010280156931064537
2025-11-07,63.72,0.004876907329907669,0.010254759575760547
2025-11-08,63.72,0.0,0.010254759575760547
2025-11-09,63.72,0.0,0.010254759575760547
2025-11-10,63.01,-0.011205041087883711,0.009687776599833206
2025-11-11,63.86,0.0133997433326718,0.011758798895381877
2025-11-12,61.88,-0.031496161581770495,0.01428856709446191
2025-11-13,62.14,0.004192878260035958,0.014605959628963907
2025-11-14,63.45,0.02086229019549529,0.01706533419280943
2025-11-15,63.45,0.0,0.01706533419280943
2025-11-16,63.45,0.0,0.01706533419280943
2025-11-17,63.16,-0.004581004772955444,0.016555737339766043
2025-11-18,64.86,0.026559911491730637,0.018871268023529012
2025-11-19,63.78,-0.016791439297260277,0.01489139987927201
2025-11-20,63.64,-0.002197458112325452,0.01509500405116594
2025-11-21,62.78,-0.013605652055778598,0.014036919701077604
2025-11-22,62.78,0.0,0.014036919701077604
2025-11-23,62.78,0.0,0.014036919701077604
2025-11-24,64.83,0.032131907773096796,0.018763830736393438
2025-11-25,63.99,-0.013041638035535342,0.016575014424613194
2025-11-26,64.81,0.012733091288255805,0.015905732515122856
2025-11-27,64.18,-0.00976827675791378,0.016507621703519916
2025-11-28,64.07,-0.0017154000307808138,0.015296714614998827
2025-11-29,64.07,0.0,0.015296714614998827
2025-11-30,64.07,0.0,0.015296714614998827
2025-12-01,64.22,0.0023384530104377022,0.008399190878906882
2025-12-02,63.37,-0.013324125325942298,0.008465144394325214
2025-12-03,63.75,0.005978620703109941,0.006810007970173634
2025-12-04,64.15,0.006254907023109973,0.006592670356119881
2025-12-05,64.42,0.004200052841407376,0.00672394888530238
2025-12-06,64.42,0.0,0.00672394888530238
2025-12-07,64.42,0.0,0.00672394888530238
2025-12-08,63.3,-0.017538814752922297,0.009556034534855562
2025-12-09,62.62,-0.010800613251870827,0.009096900521906915
2025-12-10,63.12,0.007952960639359213,0.009400234630206051
2025-12-11,61.87,-0.0200022669947214,0.010940409149353516
2025-12-12,62.11,0.003871597028314107,0.010894131543685206
2025-12-13,62.11,0.0,0.010894131543685206
2025-12-14,62.11,0.0,0.010894131543685206
2025-12-15,61.55,-0.009057153940749161,0.009701639239297863
2025-12-16,59.93,-0.02667263816036854,0.0128865652501808
2025-12-17,60.61,0.011282681493099678,0.013543868163001327
2025-12-18,60.69,0.0013190438845701326,0.012141640585408143
2025-12-19,61.35,0.010816231309156694,0.013024571854361055
2025-12-20,61.35,0.0,0.013024571854361055
2025-12-21,61.35,0.0,0.013024571854361055
2025-12-22,62.22,0.014081320312570506,0.01377798780659511
2025-12-23,63.7,0.023508071108626804,0.00880570954797973
2025-12-24,63.7,0.0,0.009277422169294254
2025-12-25,63.7,0.0,0.009426687835700399
2025-12-26,63.7,0.0,0.009566096600990533
2025-12-27,63.7,0.0,0.009566096600990533
2025-12-28,63.7,0.0,0.009566096600990533
2025-12-29,63.1,-0.009463793030950251,0.010116120743578054
2025-12-30,62.3,-0.012759343753760099,0.005504720511833901
2025-12-31,61.35,-0.015366254636486956,0.006911756279413441
2026-01-01,61.35,0.0,0.006911756279413441
2026-01-02,61.98,0.010216581202681749,0.008998387518019032
2026-01-03,61.98,0.0,0.008998387518019032
2026-01-04,61.98,0.0,0.008998387518019032
2026-01-05,63.0,0.01632297403193052,0.011323878056687657
2026-01-06,62.1,-0.014388737452099556,0.011636856354249388
2026-01-07,61.08,-0.016561508589001427,0.01189788618790987
2026-01-08,63.34,0.03633256076006215,0.01837852035137112
2026-01-09,65.11,0.027561106138276798,0.02033342359237967
2026-01-10,65.11,0.0,0.02033342359237967
2026-01-11,65.11,0.0,0.02033342359237967
2026-01-12,65.4,0.004444111214382369,0.019920882464616096
2026-01-13,67.58,0.032789822822990755,0.020113195165291142
2026-01-14,68.87,0.01890858827046314,0.015672391019239795
2026-01-15,66.16,-0.04014461884117107,0.024333128919198567
2026-01-16,66.97,0.012168707206522932,0.022725860165746004
2026-01-17,66.97,0.0,0.022725860165746004
2026-01-18,66.97,0.0,0.022725860165746004
2026-01-19,66.91,-0.0008963251272332786,0.022798921702468795
2026-01-20,67.68,0.01144228250324241,0.019358974912798567
2026-01-21,66.72,-0.014285957247476654,0.018036009332433444
2026-01-22,65.46,-0.019065488977456975,0.011770196043747341
2026-01-23,68.16,0.04041861344802584,0.019530563799429697
2026-01-24,68.16,0.0,0.019530563799429697
2026-01-25,68.16,0.0,0.019530563799429697
2026-01-26,67.7,-0.006771702602830927,0.019825679649703137
2026-01-27,70.28,0.03740108340066705,0.023954604657018454
2026-01-28,70.9,0.00878317021918549,0.022328990597906304
2026-01-29,71.0,0.001409443503233604,0.019212103730015296
2026-01-30,72.25,0.017452449951226207,0.014962650665232164
2026-01-31,72.25,0.0,0.014962650665232164
2026-02-01,72.25,0.0,0.014962650665232164
2026-02-02,67.72,-0.064750769727607,0.03155737994849264
2026-02-03,70.01,0.03325653172417164,0.030768655885945337
2026-02-04,71.15,0.01615223554675511,0.031263286211800356
2026-02-05,69.87,-0.01815395197150204,0.03203367291024268
2026-02-06,70.45,0.008266865780329908,0.03126907758650934
2026-02-07,70.45,0.0,0.03126907758650934
2026-02-08,70.45,0.0,0.03126907758650934
2026-02-09,71.19,0.010449120771092685,0.015902080156720077
2026-02-10,71.01,-0.002531646921779508,0.011147943449467592
2026-02-11,71.52,0.007156418671256347,0.009668431889848261
2026-02-12,69.8,-0.024343121096931944,0.011744450964665845
2026-02-13,69.96,0.002289640382074439,0.011237425944390957
2026-02-14,69.96,0.0,0.011237425944390957
2026-02-15,69.96,0.0,0.011237425944390957
2026-02-16,70.81,0.012076583513281334,0.01152681839150982
2026-02-17,69.77,-0.014796115712537488,0.012711401196721839
2026-02-18,71.78,0.028401767768315978,0.01716283871529513
2026-02-19,73.17,0.019179615176477507,0.014299885761701166
2026-02-20,72.75,-0.005756594844336745,0.015022012714537696
2026-02-21,72.75,0.0,0.015022012714537696
2026-02-22,72.75,0.0,0.015022012714537696
2026-02-23,71.9,-0.011752641324600847,0.015975863675238542
2026-02-24,71.21,-0.00964300673296773,0.01516106415099157
2026-02-25,70.69,-0.007329137811170706,0.010427330223964778
2026-02-26,71.66,0.013628591693944965,0.00857890323013064
2026-02-27,71.32,-0.004755918881868143,0.00853311960074653
2026-02-28,71.32,0.0,0.00853311960074653
2026-03-01,71.32,0.0,0.00853311960074653
2026-03-02,77.24,0.07974066456537406,0.0315711525944105
2026-03-03,83.28,0.07529096674639985,0.03826905216947055
2026-03-04,81.56,-0.02086947860045901,0.04030816069778673
2026-03-05,88.59,0.08268003871768653,0.046360270022729515
2026-03-06,95.74,0.0776171995404218,0.04643389184786233
2026-03-07,95.74,0.0,0.04643389184786233
2026-03-08,95.74,0.0,0.04643389184786233
2026-03-09,94.35,-0.014624912149803746,0.047361945953109705
2026-03-10,89.84,-0.0489809613843714,0.050145947765531156
2026-03-11,90.98,0.01260939171167021,0.048176364897918655
2026-03-12,102.38,0.11805167888757907,0.057362347298553384
2026-03-13,103.23,0.008268127448061702,0.05158498726605926
2026-03-14,103.23,0.0,0.05158498726605926
2026-03-15,103.23,0.0,0.05158498726605926
2026-03-16,101.04,-0.021443030435262963,0.05220484074879146
2026-03-17,108.39,0.07021935578542292,0.049194819197644735
2026-03-18,118.09,0.08571121178553162,0.05326713193614724
2026-03-19,111.05,-0.061466495272753816,0.05105466909047674
2026-03-20,118.42,0.06425707676319364,0.0546990130018285
2026-03-21,118.42,0.0,0.0546990130018285
2026-03-22,118.42,0.0,0.0546990130018285
2026-03-23,103.79,-0.13186800012643243,0.07902576381414868
2026-03-24,108.42,0.0436429468549945,0.07588080467398058
2026-03-25,109.14,0.00661888792589377,0.066278923433436
2026-03-26,113.39,0.03820174222566249,0.06437379376826041
2026-03-27,121.47,0.06883411472843094,0.06511888242278974
2026-03-28,121.47,0.0,0.06511888242278974
2026-03-29,121.47,0.0,0.06511888242278974
2026-03-30,121.88,0.00336963540532892,0.027293669996358728
2026-03-31,126.69,0.03870620349645368,0.02672785449871734
2026-04-01,119.56,-0.05792482019822474,0.040567750184853354
2026-04-02,127.61,0.06516040033014789,0.044449915820686296
2026-04-03,127.61,0.0,0.0382171721373144
2026-04-04,127.61,0.0,0.0382171721373144
2026-04-05,127.61,0.0,0.0382171721373144
2026-04-06,127.61,0.0,0.038292322307691765
2026-04-07,138.21,0.07979552987005038,0.0463436978727297
2026-04-08,122.11,-0.12385198977100491,0.06568725718980296
2026-04-09,119.03,-0.025546715665142033,0.06009324786220617
2026-04-10,119.07,0.000335993283295295,0.06010264715077625
2026-04-11,119.07,0.0,0.06010264715077625
2026-04-12,119.07,0.0,0.06010264715077625
2026-04-13,123.28,0.034746635548776605,0.0624452825887229
