date,sgoldstein,snews_gdelt,snews_momentum
2021-01-01,0.6371841155234645,-1.5041570502095645,0.0
2021-01-02,-0.0979240282685514,-2.8579788851952967,-1.3538218349857323
2021-01-03,-0.5345425867507885,-2.7656701041870986,0.09230878100819817
2021-01-04,-0.2209452897377794,-2.758010865860564,0.007659238326534368
2021-01-05,0.1220365212008668,-2.6569555307335206,0.10105533512704357
2021-01-06,0.2214019641043008,-1.9399322002849224,0.7170233304485982
2021-01-07,0.1913157894736847,-2.285701367015195,-0.3457691667302727
2021-01-08,0.5360712901975972,-1.7514644039580674,0.5342369630571278
2021-01-09,-0.1392319667877526,-2.338128751361614,-0.5866643474035467
2021-01-10,-0.1531602708803614,-2.3965187596678574,-0.05839000830624341
2021-01-11,0.1318094188928666,-2.437734320749314,-0.04121556108145663
2021-01-12,-0.1726377346875964,-2.3087500738797755,0.12898424686953858
2021-01-13,0.2419180421172455,-1.932736974872168,0.3760130990076076
2021-01-14,0.1663233190271813,-2.3921503797496126,-0.45941340487744475
2021-01-15,0.4918229326775286,-1.6504939688189748,0.7416564109306378
2021-01-16,0.4573333333333338,-1.662231335014145,-0.011737366195170296
2021-01-17,-0.0960063897763573,-1.8140223633953647,-0.1517910283812196
2021-01-18,-0.442303745510519,-2.705799906424255,-0.8917775430288903
2021-01-19,-0.1772957146659569,-2.0940426154385583,0.6117572909856968
2021-01-20,-0.0989983305509178,-2.333229352147872,-0.23918673670931367
2021-01-21,-0.2574525745257454,-2.3756495921211447,-0.04242023997327271
2021-01-22,-0.1025336252736943,-2.4497596553565284,-0.07411006323538372
2021-01-23,-0.4128675308251661,-3.1209865528805376,-0.6712268975240092
2021-01-24,-0.4717605858007003,-3.5330198947152702,-0.4120333418347326
2021-01-25,-0.3738188522701078,-3.42790762473108,0.10511226998419021
2021-01-26,-0.4967046580773018,-3.2404544431108384,0.1874531816202416
2021-01-27,0.5993283927744316,-1.8251711513739344,1.415283291736904
2021-01-28,0.0090369222824682,-2.4050855417463937,-0.5799143903724593
2021-01-29,0.0243176788787805,-2.5807991482968085,-0.1757136065504148
2021-01-30,0.0709999999999997,-2.3265827580897342,0.2542163902070742
2021-01-31,0.3907034287734182,-2.2663941077256893,0.06018865036404497
2021-02-01,0.1972214800961793,-2.3304467389243944,-0.06405263119870508
2021-02-02,0.3628989037758825,-1.9614428343479688,0.3690039045764255
2021-02-03,0.1384266263237521,-2.331831615695343,-0.3703887813473741
2021-02-04,0.0330002775464888,-2.382089473947955,-0.050257858252611864
2021-02-05,-0.1225535375440498,-2.684404130715208,-0.302314656767253
2021-02-06,-0.09020074855393,-2.303653278992824,0.38075085172238365
2021-02-07,-0.2294661190965084,-2.1110836909727624,0.19256958802006174
2021-02-08,-0.2307033480404878,-3.004340382447739,-0.8932566914749764
2021-02-09,-0.0610723192019948,-2.169284865019033,0.8350555174287058
2021-02-10,0.0997957330912391,-2.03695830517852,0.132326559840513
2021-02-11,-0.0891079349433221,-2.6869414825974776,-0.6499831774189575
2021-02-12,0.2190341711380967,-1.9528682569561169,0.7340732256413607
2021-02-13,-0.7309698996655518,-3.3145474299509976,-1.3616791729948807
2021-02-14,-0.4646854160626275,-3.0945768008914727,0.2199706290595249
2021-02-15,-0.1949785116489475,-2.608453860894552,0.4861229399969207
2021-02-16,0.3411184964473974,-2.1271923075570407,0.4812615533375113
2021-02-17,-0.5982736842105262,-2.917125457098135,-0.7899331495410942
2021-02-18,-0.3604110207768738,-2.9499478620091244,-0.03282240491098953
2021-02-19,-0.0552482094344284,-2.468028572209776,0.4819192897993485
2021-02-20,0.063723211980377,-2.5596412760759284,-0.0916127038661525
2021-02-21,-0.550753512132824,-3.272288524570296,-0.7126472484943678
2021-02-22,-0.2682782212086656,-3.005103228224254,0.2671852963460424
2021-02-23,0.2148907712884522,-2.843592033962392,0.16151119426186167
2021-02-24,-0.4618324125230184,-2.8137800884360327,0.029811945526359462
2021-02-25,-0.5658630665380913,-2.7754790766941855,0.03830101174184719
2021-02-26,-0.7487049905243199,-3.605115959977292,-0.8296368832831065
2021-02-27,-0.8755205923183726,-3.873173717106961,-0.26805775712966895
2021-02-28,0.0681805279591255,-2.9624986786972207,0.9106750384097402
2021-03-01,-0.1030447911424263,-2.777443155296988,0.18505552340023268
2021-03-02,-0.3220517737296259,-3.484652907926291,-0.7072097526293031
2021-03-03,-0.1217007534983853,-3.2815188991197854,0.20313400880650567
2021-03-04,-0.070416994492526,-2.9605387580260207,0.3209801410937647
2021-03-05,0.0142604074402131,-2.121758554688701,0.8387802033373197
2021-03-06,0.2142622950819676,-1.7791086284646314,0.34264992622406965
2021-03-07,-0.2691570881226054,-2.3104902903708826,-0.5313816619062512
2021-03-08,0.0495928110081436,-1.682469394034842,0.6280208963360405
2021-03-09,-0.3971428571428571,-4.606735908373524,-2.924266514338682
2021-03-10,-0.2288888888888888,-2.72030386466189,1.8864320437116344
2021-03-11,0.1424429047985629,-2.0295293302232467,0.6907745344386433
2021-03-12,-0.2091006711409397,-2.5967993369541924,-0.5672700067309457
2021-03-13,-0.38586456278764,-2.8113128911043654,-0.21451355415017304
2021-03-14,-0.2638182973316388,-2.455367745820799,0.35594514528356624
2021-03-15,-0.6854075032341528,-2.8717976329190447,-0.41642988709824547
2021-03-16,-0.1013281249999999,-2.694543140426059,0.17725449249298553
2021-03-17,-0.0415769712140177,-2.2807697377091825,0.4137734027168767
2021-03-18,-0.0940689655172412,-2.3792768719553896,-0.09850713424620716
2021-03-19,-0.3798832116788323,-2.459714973356037,-0.08043810140064744
2021-03-20,-0.1585197234648234,-2.392316733163053,0.06739824019298402
2021-03-21,-0.2590614886731397,-2.0291838248274647,0.3631329083355883
2021-03-22,-1.7243589743589745,-3.960270249113624,-1.9310864242861592
2021-03-23,-0.3654313667358434,-2.665896012073115,1.294374237040509
2021-03-24,0.0730480046269526,-1.920137492190756,0.7457585198823591
2021-03-25,0.1356873002034292,-2.3117428720522355,-0.3916053798614796
2021-03-26,0.3527085927770853,-1.55781377505075,0.7539290970014856
2021-03-27,0.2501043841336117,-1.9278565359396491,-0.3700427608888992
2021-03-28,0.1436026936026937,-1.4025560376221913,0.5253004983174578
2021-03-29,0.168629100084104,-1.5812332937515796,-0.17867725612938834
2021-03-30,0.2509911558401963,-1.460509292348522,0.12072400140305772
2021-03-31,0.168772032902467,-1.7260422052279405,-0.2655329128794186
2021-04-01,-0.33820816864295,-2.3373873883421004,-0.6113451831141599
2021-04-02,-0.0787090853472004,-2.136778133404204,0.20060925493789616
2021-04-03,0.0869227927595126,-2.107708782971799,0.029069350432405106
2021-04-04,0.1474866310160424,-2.0834014640511564,0.02430731892064264
2021-04-05,-0.2170683300255173,-2.7547341921186512,-0.6713327280674948
2021-04-06,0.1780049059689293,-2.6694031691620457,0.08533102295660555
2021-04-07,0.1798771978788717,-2.240653781192592,0.4287493879694537
2021-04-08,0.2076077265973254,-2.3622323220193944,-0.12157854082680242
2021-04-09,-0.0621254946297345,-2.7570907267855453,-0.39485840476615097
2021-04-10,0.0001982553528952,-2.4240791780593858,0.33301154872615957
2021-04-11,-0.0688897455666928,-2.2902441063298715,0.13383507172951425
2021-04-12,-0.2480615187439919,-2.147069535422676,0.14317457090719543
2021-04-13,0.0149362477231328,-2.0985775542714564,0.048491981151219665
2021-04-14,-0.2645055664702031,-2.5658051557892554,-0.46722760151779896
2021-04-15,0.1102895871842264,-2.1705352828712394,0.39526987291801596
2021-04-16,0.0725333333333333,-2.2917674773617565,-0.12123219449051703
2021-04-17,-0.1243678160919541,-2.111535797086081,0.18023168027567538
2021-04-18,0.0382309941520468,-2.252685977524541,-0.14115018043845984
2021-04-19,-0.2458103798202374,-2.7614930070620978,-0.5088070295375569
2021-04-20,0.0191919191919189,-2.4775315582370245,0.28396144882507324
2021-04-21,-0.2398414562536708,-2.5469847545765685,-0.06945319633954394
2021-04-22,-0.2837125748502995,-2.527908430442387,0.019076324134181366
2021-04-23,-0.356957746478874,-3.0332239397147687,-0.5053155092723816
2021-04-24,-1.1386380189366376,-3.892601576298542,-0.8593776365837735
2021-04-25,-1.4587385019710892,-3.8343770245463142,0.05822455175222796
2021-04-26,-1.1527579162410613,-3.795174628289129,0.039202396257185246
2021-04-27,-0.8216286184984669,-3.74710059811118,0.0480740301779492
2021-04-28,-0.5181966449207825,-3.161539422986251,0.585561175124929
2021-04-29,-0.1012490440989041,-2.820282259559607,0.3412571634266439
2021-04-30,-0.0562880886426588,-2.675707853213112,0.14457440634649465
2021-05-01,-0.1753754693366713,-2.8434603861596424,-0.16775253294653014
2021-05-02,-0.527141057934509,-3.09002278855087,-0.24656240239122784
2021-05-03,-0.684241305016928,-2.9541340861747747,0.13588870237609552
2021-05-04,-0.4228350652811079,-3.106816402278639,-0.1526823161038644
2021-05-05,-0.281203774547309,-2.848336924749816,0.25847947752882305
2021-05-06,0.0821334887787814,-2.086386564520448,0.7619503602293682
2021-05-07,-0.0485145659071243,-2.40626238595446,-0.31987582143401205
2021-05-08,-0.4251114413075792,-3.536061503837839,-1.1297991178833793
2021-05-09,-0.6936700103770321,-3.1543915221799974,0.3816699816578417
2021-05-10,-0.2018835616438353,-3.0001462351734025,0.1542452870065949
2021-05-11,-0.0784990500316657,-2.5085577065418883,0.49158852863151425
2021-05-12,0.1415471923536436,-1.725981477513672,0.7825762290282163
2021-05-13,0.1419288444575126,-1.6356031765940602,0.09037830091961174
2021-05-14,0.2447179806793394,-1.8792312154666473,-0.2436280388725871
2021-05-15,-0.0318504672897196,-2.4998655813394186,-0.6206343658727713
2021-05-16,-0.1509582477754964,-2.5074927624758634,-0.007627181136444783
2021-05-17,-0.305204366590505,-2.9090998502648007,-0.4016070877889373
2021-05-18,0.0671538270993313,-2.683031622322873,0.2260682279419277
2021-05-19,-0.0795325779036826,-2.8758851365710933,-0.1928535142482204
2021-05-20,0.0011186770428014,-2.228388840453884,0.6474962961172093
2021-05-21,-0.181835842642059,-2.3125297143706947,-0.08414087391681058
2021-05-22,-0.3756710254645555,-3.043428040760749,-0.7308983263900544
2021-05-23,0.0516257225433526,-2.5658547671390006,0.4775732736217484
2021-05-24,-0.1792534920998397,-2.6755019519265444,-0.10964718478754376
2021-05-25,-0.2613157894736847,-2.8643594014971514,-0.18885744957060702
2021-05-26,0.1132833422603111,-1.9868170146493895,0.8775423868477619
2021-05-27,0.2910809371671997,-2.3202760175454777,-0.3334590028960882
2021-05-28,0.2481962481962473,-2.0548687103752923,0.26540730717018546
2021-05-29,-0.4977844056241993,-2.479744389446912,-0.4248756790716195
2021-05-30,-1.3091062965470532,-3.380294122913088,-0.9005497334661761
2021-05-31,-1.4344881190317549,-3.7463009504261993,-0.3660068275131114
2021-06-01,-0.8523084245597322,-3.138198337200385,0.6081026132258143
2021-06-02,-1.0085233751425335,-3.356565137573769,-0.21836680037338407
2021-06-03,-0.7048275862068967,-3.2619177273896995,0.09464741018406952
2021-06-04,-0.0520153550863717,-2.8340180903242658,0.42789963706543377
2021-06-05,-0.2724399494311,-3.67137103717826,-0.8373529468539944
2021-06-06,-0.6561097256857858,-3.8166124259407295,-0.14524138876246928
2021-06-07,-0.7331409934771697,-3.351555780728257,0.4650566452124725
2021-06-08,-0.2551794572512401,-2.7974180911926902,0.5541376895355667
2021-06-09,-0.2009665838166252,-2.9375079011845786,-0.14008980999188836
2021-06-10,-0.1123109497882637,-2.570955603426361,0.3665522977582176
2021-06-11,-0.263223880597015,-2.7445465038351533,-0.17359090040879233
2021-06-12,-1.0439373750832768,-3.520418615964878,-0.7758721121297247
2021-06-13,-0.417647058823528,-2.583137316533447,0.9372812994314312
2021-06-14,0.1298630918425553,-2.4144696082582104,0.16866770827523636
2021-06-15,-0.4574285714285719,-2.684602862208018,-0.27013325394980736
2021-06-16,-0.2066644451849384,-2.613703279766449,0.07089958244156902
2021-06-17,-0.2229717411121235,-2.5098622212797768,0.10384105848667202
2021-06-18,-0.2528739495798311,-2.780684133319584,-0.27082191203980743
2021-06-19,0.2870624723083736,-1.8917872020809352,0.888896931238649
2021-06-20,-0.2829961256995265,-2.520576271737844,-0.6287890696569087
2021-06-21,-0.0795169082125606,-2.43996428762855,0.08061198410929382
2021-06-22,0.0746031746031747,-2.7037225310739474,-0.26375824344539733
2021-06-23,0.0853760863050643,-2.618296010477146,0.08542652059680123
2021-06-24,-0.0960606060606063,-2.57480464045668,0.043491370020466213
2021-06-25,0.0427306775621381,-1.921509128726017,0.6532955117306629
2021-06-26,-0.3817586529466783,-2.33590350781282,-0.41439437908680277
2021-06-27,0.185510289794204,-1.8945301756460768,0.441373332166743
2021-06-28,0.0246887966804982,-1.8752169972501933,0.019313178395883535
2021-06-29,0.0443596549435965,-2.3080428541552918,-0.43282585690509845
2021-06-30,-0.0743374797187667,-2.271631347649035,0.036411506506256686
2021-07-01,-0.0201656669522996,-2.422760464029489,-0.1511291163804538
2021-07-02,-0.1819321744086634,-2.5694382209313678,-0.1466777569018789
2021-07-03,-0.3312903225806448,-2.887799155699573,-0.31836093476820526
2021-07-04,-0.3019498607242341,-2.168539811090907,0.7192593446086661
2021-07-05,-0.5919858734039666,-2.960136373228707,-0.7915965621378
2021-07-06,-0.4009167103195383,-2.6583251752487937,0.3018111979799132
2021-07-07,-0.2549425931111728,-2.3931703871702528,0.265154788078541
2021-07-08,-0.1450692041522497,-2.5995536535428734,-0.2063832663726206
2021-07-09,-0.278531073446328,-2.428450686291451,0.17110296725142238
2021-07-10,-0.0911332007952285,-2.291209190947867,0.13724149534358387
2021-07-11,0.2917996289424857,-1.7674788896030889,0.5237303013447783
2021-07-12,0.0985846331600233,-1.91718641762692,-0.14970752802383114
2021-07-13,0.1680701754385962,-2.1000891253038128,-0.18290270767689276
2021-07-14,-0.2530682800345721,-2.419334482520046,-0.31924535721623304
2021-07-15,0.0170212765957442,-2.3569787815840737,0.06235570093597209
2021-07-16,-0.3921189077082615,-2.3876470459902808,-0.03066826440620707
2021-07-17,-0.7679870654810026,-3.0528312203187338,-0.665184174328453
2021-07-18,-0.1226011994002997,-2.2120290448775406,0.8408021754411932
2021-07-19,-0.0172119068670793,-2.0883730332724078,0.12365601160513284
2021-07-20,0.2701883460859332,-1.4283588021907658,0.6600142310816419
2021-07-21,-0.0085210860774119,-1.926280823461588,-0.4979220212708222
2021-07-22,-0.2545426260112004,-2.4870967515299847,-0.5608159280683966
2021-07-23,0.0469148222669349,-2.368888388603067,0.1182083629269175
2021-07-24,-0.0008722958827636,-2.5033366226085336,-0.13444823400546646
2021-07-25,-0.2273391812865498,-2.914762403685893,-0.41142578107735917
2021-07-26,-0.1439460649422126,-3.0517252844599096,-0.13696288077401686
2021-07-27,-0.1675650842266465,-3.000344192758287,0.05138109170162286
2021-07-28,0.1949568124825855,-2.168023025830101,0.8323211669281858
2021-07-29,-0.0089704996989767,-2.1970798482324945,-0.02905682240239349
2021-07-30,0.1030821917808217,-2.029177788498838,0.16790205973365646
2021-07-31,0.1019200830306178,-1.7904439203872822,0.23873386811155584
2021-08-01,-0.3415837299870187,-2.41649842716032,-0.6260545067730376
2021-08-02,0.0211433046202037,-2.337435727093889,0.07906270006643101
2021-08-03,0.3663996948893985,-2.495232332668477,-0.15779660557458808
2021-08-04,0.2768500327439418,-2.5147919211200414,-0.01955958845156447
2021-08-05,0.0614612188365651,-2.5392390194291417,-0.0244470983091003
2021-08-06,-0.3303968600087223,-2.533957190367446,0.005281829061695831
2021-08-07,0.0348988439306359,-1.9591482391736856,0.5748089511937602
2021-08-08,-0.3666360715924739,-2.4822061850587067,-0.5230579458850211
2021-08-09,0.0975294117647059,-1.7691493951290935,0.7130567899296132
2021-08-10,0.4706959706959703,-1.6901762490448775,0.07897314608421602
2021-08-11,0.4254393305439327,-2.011264176078879,-0.3210879270340017
2021-08-12,0.2002331908278275,-2.178815496775243,-0.1675513206963637
2021-08-13,0.5425144380275421,-1.5697877631578037,0.6090277336174392
2021-08-14,0.2263052208835347,-2.3308302055353654,-0.7610424423775617
2021-08-15,0.0326659038901599,-2.182839996486775,0.1479902090485905
2021-08-16,-0.7612577639751543,-3.199633596022784,-1.0167935995360091
2021-08-17,0.40088222320247,-2.418153604673176,0.7814799913496078
2021-08-18,0.3839698492462312,-1.8990125904924595,0.5191410141807167
2021-08-19,0.1057076101468623,-2.539592499007752,-0.6405799085152923
2021-08-20,0.4224496221662469,-2.0986196617126884,0.4409728372950634
2021-08-21,0.1014688368400163,-2.063488785671101,0.03513087604158738
2021-08-22,0.1692991115498515,-1.9656198354393928,0.09786895023170827
2021-08-23,0.3879820627802688,-2.296516562442413,-0.3308967270030203
2021-08-24,-0.3063753367255308,-2.670659014549696,-0.3741424521072827
2021-08-25,-0.2526116373477666,-2.6155199013150847,0.05513911323461107
2021-08-26,-0.2162014757779909,-2.92260161062445,-0.3070817093093652
2021-08-27,0.6141600454029507,-1.9848218852597552,0.9377797253646947
2021-08-28,0.4508725341426401,-1.9397159741426857,0.04510591111706952
2021-08-29,0.154356846473029,-1.9312057910097624,0.008510183132923288
2021-08-30,-0.202999091184489,-2.6283592726244804,-0.697153481614718
2021-08-31,0.1384445843828716,-2.2588976520171924,0.36946162060728804
2021-09-01,0.3023096663815226,-1.8836775807633188,0.3752200712538736
2021-09-02,-0.1985107556536125,-2.528932021475991,-0.6452544407126721
2021-09-03,0.6694121788102761,-1.7828917000554152,0.7460403214205757
2021-09-04,-0.3747937293729366,-2.2497740513883486,-0.46688235133293343
2021-09-05,-0.2552416609938733,-1.859712036598332,0.3900620147900167
2021-09-06,-0.2001895135818069,-2.0716360356940275,-0.2119239990956956
2021-09-07,0.3176321620766073,-1.696008809767395,0.37562722592663245
2021-09-08,0.2476569156489628,-2.031596836464663,-0.3355880266972677
2021-09-09,0.3946099290780135,-1.8104505697414472,0.22114626672321558
2021-09-10,-0.0068502824858754,-1.913380408579627,-0.10292983883817985
2021-09-11,0.0668475802804162,-1.7793956392492665,0.13398476933036063
2021-09-12,0.1343851508120652,-1.4273004403387126,0.35209519891055385
2021-09-13,-0.2672236503856047,-2.785031562062836,-1.3577311217241232
2021-09-14,-0.4478040540540554,-2.828126664305163,-0.043095102242327155
2021-09-15,-0.0727242302543508,-2.2177539742286014,0.6103726900765616
2021-09-16,0.014482970236269,-2.5241206871882653,-0.3063667129596639
2021-09-17,0.1257954156688335,-2.0055861769442145,0.5185345102440508
2021-09-18,-0.1418652423993421,-2.3041036830654664,-0.29851750612125194
2021-09-19,-0.1308400884303611,-2.221491001119161,0.08261268194630533
2021-09-20,0.5179535945226321,-2.021471242752651,0.2000197583665102
2021-09-21,0.4869292436388997,-2.009272931502326,0.012198311250324778
2021-09-22,0.422456747404844,-2.263885595786681,-0.2546126642843549
2021-09-23,0.4716593245227611,-2.235410054393645,0.028475541393035986
2021-09-24,0.1128624535315987,-2.018389897493817,0.217020156899828
2021-09-25,0.073788647900323,-2.069395864787599,-0.05100596729378193
2021-09-26,-0.0491302804401845,-1.5297702468031875,0.5396256179844114
2021-09-27,-0.2360750360750357,-2.9551648319904857,-1.4253945851872982
2021-09-28,-0.6496372767857134,-2.991711462192874,-0.036546630202388464
2021-09-29,0.0061584373304396,-1.993905634141604,0.9978058280512703
2021-09-30,-0.2119309729247243,-2.0478822094302807,-0.05397657528867672
2021-10-01,-0.0045594789166955,-1.8257392865945368,0.22214292283574388
2021-10-02,-0.0118537200504417,-1.7727759768216598,0.052963309772877
2021-10-03,-0.1919599851796962,-2.1530128779506414,-0.3802369011289817
2021-10-04,0.2293032134902959,-2.029268090236103,0.12374478771453834
2021-10-05,0.8261352499183263,-1.4356202171028398,0.5936478731332633
2021-10-06,0.1870104438642301,-1.8808772672888336,-0.4452570501859938
2021-10-07,0.1470705346985212,-2.3216474381497068,-0.4407701708608731
2021-10-08,0.4994575622208041,-2.064780364632086,0.2568670735176206
2021-10-09,0.4556309904153357,-1.8544633547257443,0.21031700990634183
2021-10-10,-0.0618009868421056,-2.192082793741788,-0.33761943901604363
2021-10-11,0.3834586466165412,-1.8428633873219176,0.34921940641987037
2021-10-12,0.3961300813008124,-1.8996193657737128,-0.05675597845179525
2021-10-13,0.6341291704928077,-1.6286456361763106,0.2709737295974022
2021-10-14,0.49794921875,-1.4627921430596929,0.1658534931166178
2021-10-15,0.6310578842315366,-1.1487282608926614,0.3140638821670314
2021-10-16,0.4933460076045626,-1.0117645514231577,0.13696370946950376
2021-10-17,-0.2158398607484763,-1.654802126856906,-0.6430375754337483
2021-10-18,-0.012277814351547,-2.173736054397939,-0.518933927541033
2021-10-19,-0.1214907192575406,-2.222697907857015,-0.04896185345907611
2021-10-20,-0.401301066874838,-2.824977878654588,-0.6022799707975728
2021-10-21,-0.0980870529525924,-2.934708830443288,-0.10973095178870018
2021-10-22,0.0110565110565112,-2.632540365639388,0.3021684648038998
2021-10-23,-0.072680207088809,-2.3001641304404625,0.3323762351989257
2021-10-24,-0.097847358121331,-2.339443410234715,-0.039279279794252275
2021-10-25,-0.0765699596033789,-2.2382216288763117,0.1012217813584031
2021-10-26,0.0974420704182965,-2.283345489800112,-0.045123860923800496
2021-10-27,0.4611570247933873,-1.839396679566772,0.4439488102333402
2021-10-28,0.42300796812749,-1.5810989741517751,0.25829770541499686
2021-10-29,0.5999235181644357,-1.1768423747219487,0.4042565994298264
2021-10-30,0.0223293172690768,-1.2060568531874845,-0.02921447846553571
2021-10-31,0.3367143332224807,-0.9510330537840936,0.2550237994033908
2021-11-01,0.2780693229672824,-1.6386604457912792,-0.6876273920071856
2021-11-02,0.2172892561983473,-2.3476870750684595,-0.7090266292771803
2021-11-03,0.2201605433775853,-2.1098221307584013,0.23786494431005822
2021-11-04,0.3101328903654487,-1.7220521327046314,0.3877699980537699
2021-11-05,0.3381818181818181,-1.85124207836096,-0.12918994565632858
2021-11-06,0.3296687469995198,-1.7371987007702203,0.11404337759073968
2021-11-07,0.7350372736954218,-1.7780807432127952,-0.04088204244257487
2021-11-08,0.4356930902924967,-1.961855498919568,-0.18377475570677282
2021-11-09,0.0461565963532356,-2.286644671719623,-0.3247891728000549
2021-11-10,0.0845010615711254,-1.3473184026890055,0.9393262690306174
2021-11-11,0.0541972550271299,-1.617269150546056,-0.2699507478570504
2021-11-12,0.5626542056074761,-1.2612968864826466,0.3559722640634093
2021-11-13,-0.0191182364729463,-1.6683209330760542,-0.40702404659340763
2021-11-14,-0.4476753349093778,-1.742734006903046,-0.0744130738269917
2021-11-15,0.0509020618556703,-1.8497066356621583,-0.1069726287591124
2021-11-16,0.0151329243353783,-2.753424013772982,-0.9037173781108239
2021-11-17,0.0918349168646073,-2.3149012791455834,0.43852273462739877
2021-11-18,0.5188330444829581,-2.3554384852151458,-0.04053720606956235
2021-11-19,0.645376152245021,-1.713287463900974,0.6421510213141717
2021-11-20,0.511632653061223,-1.414248747906378,0.2990387159945962
2021-11-21,-0.2089752407152685,-2.077508286505259,-0.6632595385988811
2021-11-22,0.4338465622511285,-1.6230261616653123,0.45448212483994666
2021-11-23,0.4004191616766463,-1.9922459187581527,-0.3692197570928404
2021-11-24,0.3617484562885933,-2.192405025666094,-0.20015910690794136
2021-11-25,0.4421722846441954,-1.8024611265234556,0.3899438991426385
2021-11-26,0.3431947840260795,-1.6383098288673543,0.16415129765610126
2021-11-27,0.1665432670060158,-2.3051366627649537,-0.6668268338975993
2021-11-28,-0.3115922417681548,-1.791563681717157,0.5135729810477967
2021-11-29,0.0291820935711879,-2.240553136283064,-0.4489894545659072
2021-11-30,0.2002841806125679,-2.2178112041753977,0.022741932107666507
2021-12-01,0.2890294198515257,-2.193519012196964,0.024292191978433575
2021-12-02,0.5177666470241608,-1.8097019845254143,0.3838170276715498
2021-12-03,-0.0750922509225096,-2.5082878421824537,-0.6985858576570394
2021-12-04,0.0050362610797745,-2.025665845864755,0.48262199631769853
2021-12-05,0.5230648944487872,-1.4754096431769663,0.5502562026877889
2021-12-06,0.7207355516637471,-1.689582086314661,-0.21417244313769457
2021-12-07,0.4783982131461403,-2.04916384781609,-0.35958176150142895
2021-12-08,0.1519867549668871,-2.2995907269697358,-0.2504268791536459
2021-12-09,-0.1999038769625118,-2.3537473909667415,-0.054156663997005694
2021-12-10,-0.078301886792453,-1.8516387660597289,0.5021086249070126
2021-12-11,-0.1499128919860623,-1.801345973023717,0.050292793036011973
2021-12-12,-0.140234702430847,-2.093949946985177,-0.2926039739614599
2021-12-13,0.3971461187214601,-1.4332840183014954,0.6606659286836813
2021-12-14,-0.0019950124688276,-1.6989113875217172,-0.2656273692202218
2021-12-15,0.0750757116898849,-1.8556663501072117,-0.15675496258549448
2021-12-16,0.1475790181573643,-1.7524219431591197,0.103244406948092
2021-12-17,0.402116816934535,-1.249011563222028,0.5034103799370917
2021-12-18,-0.0060317460317462,-1.6394181288023724,-0.39040656558034437
2021-12-19,-0.1504757964418706,-1.7228159889037884,-0.08339786010141603
2021-12-20,0.1727900552486183,-2.0411561270422998,-0.31834013813851136
2021-12-21,-0.0731798171351169,-2.0533747234076647,-0.012218596365364931
2021-12-22,0.3820850583364703,-1.2391578515712345,0.8142168718364302
2021-12-23,0.1869472939511846,-1.407612574538108,-0.16845472296687358
2021-12-24,0.1243490178163544,-1.5982609967556818,-0.19064842221757372
2021-12-25,0.6501405283867346,-0.5984748911500055,0.9997861056056763
2021-12-26,0.153597497393118,-1.3698730067320293,-0.7713981155820238
2021-12-27,0.1355153203342616,-1.7020406760948643,-0.33216766936283504
2021-12-28,-0.1908412764193948,-2.3833129041715,-0.6812722280766357
2021-12-29,0.380252525252525,-1.938891976389987,0.444420927781513
2021-12-30,0.2403897254207263,-1.7980212202612302,0.14087075612875677
2021-12-31,0.0747474747474747,-1.4692232537822087,0.3287979664790215
2022-01-01,0.4926948775055667,-1.3281324711833518,0.141090782598857
2022-01-02,-0.2464185674269711,-1.9176365962749016,-0.5895041250915498
2022-01-03,0.2028169014084504,-1.8159745256899595,0.10166207058494203
2022-01-04,0.2023309132594572,-1.4055298797777829,0.41044464591217666
2022-01-05,0.3875792614696003,-2.1393365786670824,-0.7338066988892995
2022-01-06,0.1212648221343872,-2.1272334319916855,0.012103146675396914
2022-01-07,-0.1706490285241836,-2.150559163450227,-0.023325731458541554
2022-01-08,-0.2026595744680847,-2.5670288403004378,-0.41646967685021075
2022-01-09,-0.4791695264241596,-2.390096835434516,0.17693200486592175
2022-01-10,-0.0079514415781491,-1.6060963010513736,0.7840005343831424
2022-01-11,0.2068847352024925,-1.200041331128934,0.4060549699224396
2022-01-12,0.3820441988950276,-1.4953649717683573,-0.2953236406394233
2022-01-13,0.5417740485465972,-1.5884332680477553,-0.09306829627939806
2022-01-14,0.3699803536345757,-1.7205143821133828,-0.1320811140656275
2022-01-15,0.4748307447232179,-0.9295525519785524,0.7909618301348305
2022-01-16,0.6225563909774425,-0.9755498388088708,-0.04599728683031845
2022-01-17,0.1739627572688654,-1.6018878879197742,-0.6263380491109034
2022-01-18,0.1675469075747044,-1.7487743355458067,-0.14688644762603253
2022-01-19,0.1795580110497233,-2.1126051803327663,-0.3638308447869596
2022-01-20,0.646668854611092,-1.5917923029752097,0.5208128773575567
2022-01-21,0.1683281412253374,-2.093026111399683,-0.5012338084244732
2022-01-22,-0.009742388758782,-1.9056201552611616,0.1874059561385213
2022-01-23,-0.037235996326905,-1.7737757777356882,0.1318443775254734
2022-01-24,-0.1090484739676841,-1.9781173732288624,-0.2043415954931742
2022-01-25,-0.0703797468354435,-2.393853050646104,-0.4157356774172418
2022-01-26,0.4789821546596162,-1.4922893759592222,0.901563674686882
2022-01-27,0.8498346196251391,-1.1318137750288326,0.36047560093038955
2022-01-28,0.4525171624713959,-1.3556055466471346,-0.223791771618302
2022-01-29,0.0726227795193309,-1.711145434922285,-0.3555398882751504
2022-01-30,-0.3527117884356791,-2.1674151913794915,-0.45626975645720647
2022-01-31,0.02635685210312,-1.7901047327001158,0.3773104586793756
2022-02-01,0.1195320447609354,-2.027820331432596,-0.23771559873248038
2022-02-02,0.3286737235367379,-1.7592506981711171,0.2685696332614791
2022-02-03,0.1487108972155383,-1.6995364834252515,0.05971421474586558
2022-02-04,0.4812794612794632,-1.6613699265649726,0.03816655686027892
2022-02-05,0.1908527870414485,-1.424117666402794,0.2372522601621787
2022-02-06,0.5636363636363617,-1.4956913502460458,-0.07157368384325191
2022-02-07,0.242228152101402,-1.8961680464559103,-0.4004766962098645
2022-02-08,0.1727687482178505,-1.8938080273985995,0.0023600190573107582
2022-02-09,0.1209725438306317,-1.679351421171488,0.2144566062271116
2022-02-10,-0.0537299035369775,-2.071984013398928,-0.39263259222743985
2022-02-11,0.1121246674268334,-1.731897582200478,0.3400864311984497
2022-02-12,0.6949740034662051,-0.8859819142261928,0.8459156679742853
2022-02-13,0.4364459266317301,-1.3841758228463596,-0.4981939086201669
2022-02-14,0.2401993355481727,-1.7325517997289706,-0.3483759768826109
2022-02-15,0.3619605219136845,-1.8071843590438144,-0.0746325593148438
2022-02-16,0.1797585513078471,-2.2040390242934498,-0.3968546652496354
2022-02-17,0.1776575183610364,-2.0538428332541647,0.15019619103928505
2022-02-18,0.1954881050041017,-1.5320598160920893,0.5217830171620754
2022-02-19,0.4241330834114339,-1.192531401173743,0.3395284149183464
2022-02-20,0.321387059279349,-1.090794809839944,0.10173659133379886
2022-02-21,0.3331978319783196,-1.4237041914167186,-0.3329093815767745
2022-02-22,0.4079476861167005,-1.3758716637033903,0.04783252771332824
2022-02-23,0.4698577870274032,-1.1977802805398423,0.178091383163548
2022-02-24,0.2823005932762032,-1.7546284721565375,-0.5568481916166952
2022-02-25,0.681229889166963,-0.8560972949161078,0.8985311772404297
2022-02-26,0.3582701738742752,-1.361827362602528,-0.5057300676864201
2022-02-27,-0.1081953976584573,-1.4540278501320365,-0.0922004875295086
2022-02-28,0.2156361051883431,-1.4709095988006042,-0.01688174866856773
2022-03-01,0.5159120734908134,-1.333353700536798,0.13755589826380632
2022-03-02,0.7233424470266562,-1.370965802887994,-0.037612102351196164
2022-03-03,0.552166193181818,-1.7072481539269415,-0.33628235103894744
2022-03-04,0.6453201970443343,-1.5158653666096265,0.19138278731731506
2022-03-05,0.5396809571286127,-0.6009245238946936,0.9149408427149328
2022-03-06,0.6582191780821912,-0.5943030479778328,0.006621475916860797
2022-03-07,0.6961551904928354,-1.5708283338801905,-0.9765252859023577
2022-03-08,0.1728361784965555,-1.6312813335159115,-0.06045299963572104
2022-03-09,-0.2180066245106901,-1.9843383081303836,-0.35305697461447205
2022-03-10,-0.0170041899441342,-1.6641871094280154,0.3201511987023682
2022-03-11,0.0054446460980034,-1.7817325228325902,-0.1175454134045748
2022-03-12,0.3436247723132966,-1.5593914623912344,0.22234106044135582
2022-03-13,0.2207369658957263,-1.3970504012314915,0.1623410611597429
2022-03-14,0.234281842818428,-1.227685822322806,0.1693645789086855
2022-03-15,0.1212363636363633,-1.4338916348831754,-0.2062058125603694
2022-03-16,0.02875,0.0059259408146025,1.4398175756977778
2022-03-17,0.716994978756276,-0.9441948953168294,-0.950120836131432
2022-03-18,0.7191839420862125,-1.3688671637702958,-0.4246722684534664
2022-03-19,0.5394472361809048,-1.0055222168461628,0.363344946924133
2022-03-20,0.5219775474956825,-0.9400277185712242,0.06549449827493858
2022-03-21,0.296026490066224,-1.5002310682050295,-0.5602033496338052
2022-03-22,0.2535737704918025,-1.7235438655670765,-0.223312797362047
2022-03-23,0.6501392757660179,-1.2761513435727918,0.4473925219942847
2022-03-24,0.7547042598835432,-1.0520118584385538,0.22413948513423798
2022-03-25,0.5159500693481279,-1.4740554904982466,-0.42204363205969275
2022-03-26,0.0820164808531263,-0.83240454118902,0.6416509493092266
2022-03-27,0.0125343811394891,-1.7252497987810116,-0.8928452575919916
2022-03-28,0.0232999654815322,-1.966728181565592,-0.24147838278458034
2022-03-29,-0.1975831674722776,-2.7525760736316176,-0.7858478920660257
2022-03-30,-0.1137327499158532,-2.2973498309222835,0.4552262427093341
2022-03-31,0.4986842105263155,-1.6101823824898116,0.6871674484324719
2022-04-01,-0.0602859135285914,-2.0880941000310287,-0.4779117175412171
2022-04-02,0.134114262227702,-2.453528340680685,-0.36543424064965624
2022-04-03,-0.1822055137844613,-2.037635550320521,0.4158927903601639
2022-04-04,-0.1222740315638446,-2.130547478638902,-0.0929119283183808
2022-04-05,0.0365091179754372,-2.2328167151994105,-0.10226923656050868
2022-04-06,0.1601886792452825,-1.7960638280321914,0.43675288716721905
2022-04-07,-0.0249840051183621,-2.34462202664008,-0.5485581986078887
2022-04-08,0.0899462778204147,-1.9717355601604505,0.37288646647962964
2022-04-09,0.4331288343558278,-1.3429679876488887,0.6287675725115618
2022-04-10,0.1034509803921569,-1.1946604051172496,0.14830758253163911
2022-04-11,0.1247574242869741,-1.1728158653274507,0.021844539789798834
2022-04-12,0.4248358208955221,-1.2859951285941504,-0.11317926326669969
2022-04-13,-0.1145406670567588,-2.0142102912140394,-0.728215162619889
2022-04-14,0.2467669172932333,-1.9934310554731145,0.020779235740924884
2022-04-15,0.2322322670375526,-1.593632615414294,0.3997984400588206
2022-04-16,0.5021931871208574,-1.710512174041182,-0.11687955862688804
2022-04-17,0.074167987321712,-1.9191554021573007,-0.2086432281161188
2022-04-18,0.3674609374999995,-2.062949384258389,-0.14379398210108807
2022-04-19,0.3644365053588825,-1.9341762883619795,0.12877309589640928
2022-04-20,0.2542846898529936,-1.9829489958590616,-0.04877270749708207
2022-04-21,0.3859420289855066,-1.804425668559712,0.1785233272993496
2022-04-22,0.6833880978459299,-1.0563457486412569,0.7480799199184551
2022-04-23,0.1186536485097635,-1.3835860644169184,-0.3272403157756616
2022-04-24,0.2968771215207056,-1.174135639364568,0.20945042505235034
2022-04-25,0.4393092105263154,-1.3412014662442673,-0.16706582687969918
2022-04-26,0.2592753174357384,-1.4088948302797462,-0.06769336403547888
2022-04-27,0.3041741204531906,-1.1132562545081257,0.29563857577162045
2022-04-28,0.016961789375582,-1.9875933867707056,-0.8743371322625799
2022-04-29,0.5015331664580734,-1.213377611599876,0.7742157751708296
2022-04-30,0.7124832214765096,-1.0666668502559646,0.14671076134391137
2022-05-01,0.912241715399611,-0.5067350161144422,0.5599318341415225
2022-05-02,0.9144380639868726,-0.9892371841874338,-0.4825021680729916
2022-05-03,0.7175785043703456,-1.0728808548585584,-0.08364367067112466
2022-05-04,0.4635301168714407,-1.377421271848688,-0.30454041699012957
2022-05-05,0.6750997340425543,-0.9213332198029635,0.45608805204572456
2022-05-06,0.7206039635105399,-0.8930720290646001,0.028261190738363307
2022-05-07,0.7240282685512373,-0.8983925018108117,-0.005320472746211502
2022-05-08,0.4838341574743252,-1.0821869022874266,-0.183794400476615
2022-05-09,-0.0047424623115583,-1.3667885737467864,-0.2846016714593598
2022-05-10,0.3084419615145875,-1.066566764036212,0.30022180971057444
2022-05-11,0.5472744970798191,-1.24885531502285,-0.1822885509866381
2022-05-12,0.4679370840895331,-1.5763396574752753,-0.3274843424524252
2022-05-13,0.0978791400348635,-2.28485776322022,-0.7085181057449448
2022-05-14,-0.0599552572706934,-2.282986234908827,0.0018715283113932557
2022-05-15,-0.1751111111111111,-2.05958743002887,0.2233988048799569
2022-05-16,-0.2895526247737259,-2.555997849013431,-0.4964104189845613
2022-05-17,-0.0689505637467477,-2.4912839382721894,0.06471391074124178
2022-05-18,0.1152317880794699,-1.7433903030179714,0.747893635254218
2022-05-19,0.0196656050955418,-1.9055861305024984,-0.162195827484527
2022-05-20,0.1422388059701491,-1.712019924032044,0.19356620647045442
2022-05-21,0.2719830628087512,-1.2128815460843434,0.49913837794770055
2022-05-22,0.273025516403403,-0.8991516226030537,0.3137299234812897
2022-05-23,0.0901517405534064,-1.9052590530172315,-1.0061074304141777
2022-05-24,0.0600623052959501,-1.9115916942609843,-0.006332641243752768
2022-05-25,-0.030370154473914,-1.823743720899522,0.08784797336146233
2022-05-26,0.1215713112510264,-1.604508005462992,0.21923571543652987
2022-05-27,0.1855472901168968,-1.3246647051428024,0.27984330032018967
2022-05-28,0.0029334500875657,-1.2494633508936928,0.07520135424910968
2022-05-29,0.1031483015741509,-0.9432246656016188,0.306238685292074
2022-05-30,0.4528576041330316,-1.572699666317479,-0.6294750007158603
2022-05-31,0.4491491775382865,-1.6589815723871786,-0.08628190606969954
2022-06-01,0.2707440100882721,-1.355712256342158,0.3032693160450206
2022-06-02,0.4362883435582822,-1.1188527176960523,0.23685953864610565
2022-06-03,0.7320935582822093,-0.829465548946875,0.28938716874917736
2022-06-04,0.7580621025065463,-0.7469709144539942,0.08249463449288075
2022-06-05,-0.0157091561938963,-1.8373647229112324,-1.0903938084572382
2022-06-06,-0.5151117798796216,-2.9721944574383374,-1.134829734527105
2022-06-07,-0.1522187004754357,-1.9559237091153885,1.016270748322949
2022-06-08,0.2991726990692864,-1.0963329134095867,0.8595907957058018
2022-06-09,-0.2760204081632656,-1.5113197704090988,-0.4149868569995121
2022-06-10,-0.1195341614906835,-1.8177625464260192,-0.3064427760169204
2022-06-11,-0.0068482178614333,-1.858956685966184,-0.04119413954016471
2022-06-12,0.377989778534922,-1.2894306594377802,0.5695260265284037
2022-06-13,-0.0089655172413792,-1.7188149948142577,-0.42938433537647747
2022-06-14,0.0139889646218761,-1.866724825011928,-0.14790983019767023
2022-06-15,0.0728523489932881,-2.0975268810018166,-0.23080205598988868
2022-06-16,0.292866201648699,-1.4444755309578847,0.6530513500439319
2022-06-17,0.1408669656203287,-1.5068291011526973,-0.06235357019481258
2022-06-18,0.0970639032815198,-0.6966538980489801,0.8101752031037172
2022-06-19,-0.1917899408284023,-0.6299922707116458,0.06666162733733438
2022-06-20,-0.1099068322981363,-1.5503582390874069,-0.9203659683757611
2022-06-21,-0.1064528161133903,-1.8237711511738055,-0.2734129120863986
2022-06-22,0.3142504626773587,-1.3609590771083768,0.4628120740654287
2022-06-23,0.1786624203821651,-1.9289648173185625,-0.5680057402101857
2022-06-24,0.0872485509717011,-1.849385022288027,0.07957979503053547
2022-06-25,0.4889316650625598,-0.906785229501322,0.942599792786705
2022-06-26,0.3792307692307692,-1.3850952073234852,-0.4783099778221632
2022-06-27,0.0805312601230966,-1.7253843314816468,-0.3402891241581616
2022-06-28,0.2246966218432273,-1.7713005702771345,-0.045916238795487674
2022-06-29,0.3445051194539245,-1.5799704819793288,0.19133008829780573
2022-06-30,0.1838206627680311,-1.6340288838447712,-0.05405840186544242
2022-07-01,0.1856523086458015,-1.7038383871778648,-0.06980950333309366
2022-07-02,0.2999597747385348,-1.1510489360888134,0.5527894510890514
2022-07-03,0.1773818745158785,-1.1562061268298816,-0.0051571907410681295
2022-07-04,-0.546148092744951,-2.175517105678632,-1.0193109788487507
2022-07-05,0.0382333108563719,-1.828401312927044,0.3471157927515882
2022-07-06,-0.3275446091982895,-3.2413656772982424,-1.4129643643711984
2022-07-07,-0.3584460431654677,-3.390014337795321,-0.14864866049707848
2022-07-08,0.0585591329295504,-2.367432545760737,1.0225817920345839
2022-07-09,0.212263099219621,-1.386047162067964,0.9813853836927731
2022-07-10,0.3414414414414418,-1.5072702259361042,-0.12122306386814019
2022-07-11,0.1968680089485463,-1.5064961659599168,0.0007740599761874023
2022-07-12,0.2190755432907901,-1.1679393837917842,0.33855678216813256
2022-07-13,0.6810800157666541,-1.032062056538086,0.13587732725369817
2022-07-14,0.3170593498359677,-1.3264692907575455,-0.29440723421945947
2022-07-15,0.1587245970567617,-1.84069894747047,-0.5142296567129245
2022-07-16,-0.2282462493533375,-1.006704064328744,0.8339948831417261
2022-07-17,0.6664921465968586,-0.3822421002528041,0.6244619640759399
2022-07-18,0.3808050689526652,-1.4081167689671945,-1.0258746687143905
2022-07-19,0.3391126279863481,-1.4835346065560229,-0.07541783758882836
2022-07-20,0.0186472819216185,-1.9987244966024025,-0.5151898900463796
2022-07-21,-0.1817030705919597,-2.146965398546318,-0.14824090194391548
2022-07-22,-0.0905909797822706,-2.329438161719094,-0.18247276317277583
2022-07-23,-0.4383309759547384,-2.087119421832849,0.24231873988624475
2022-07-24,-0.1769728854714687,-2.445418418308876,-0.35829899647602703
2022-07-25,-0.3006901084456126,-2.6960461295935865,-0.2506277112847104
2022-07-26,-0.3965335094090468,-2.942280240651281,-0.24623411105769444
2022-07-27,-0.287734399016293,-2.85555711182034,0.08672312883094069
2022-07-28,0.0223700495049512,-2.920216481641941,-0.0646593698216007
2022-07-29,0.2969696969696971,-2.113629952062986,0.8065865295789547
2022-07-30,0.3111767602166419,-1.5819866715311963,0.5316432805317899
2022-07-31,0.238891043039938,-2.2775288344803486,-0.6955421629491523
2022-08-01,0.0546106557377047,-2.5285051503991336,-0.250976315918785
2022-08-02,0.4177636499626034,-2.4000225475936983,0.12848260280543533
2022-08-03,-0.2121027287319426,-2.084373449250863,0.3156490983428353
2022-08-04,0.4078351281099152,-1.847969773370026,0.236403675880837
2022-08-05,0.2322015334063531,-1.9084801358426515,-0.060510362472625534
2022-08-06,-0.4554047259929609,-2.1140545875679444,-0.20557445172529287
2022-08-07,-0.5714005492349942,-2.363721972848447,-0.2496673852805027
2022-08-08,0.0476544175136823,-2.6975971657596043,-0.3338751929111572
2022-08-09,-0.2963901689708138,-2.1567791984603546,0.5408179672992497
2022-08-10,-0.2079877112135172,-2.290774720082525,-0.13399552162217043
2022-08-11,0.2934939005317481,-2.1751454624370905,0.11562925764543452
2022-08-12,0.2132997843278213,-2.1089542561947687,0.06619120624232178
2022-08-13,0.3046606334841631,-1.866462251652823,0.24249200454194564
2022-08-14,-0.082040019521718,-2.147240345116985,-0.2807780934641617
2022-08-15,-0.0707391803906545,-2.425825889610968,-0.2785855444939833
2022-08-16,0.5772280966767372,-1.863277362383355,0.5625485272276132
2022-08-17,0.5600702987697724,-1.4262971297540952,0.4369802326292598
2022-08-18,0.2952694842962395,-1.7482854741355474,-0.3219883443814522
2022-08-19,0.6567426223384388,-1.3237462107463671,0.42453926338918024
2022-08-20,-0.0781757600999581,-1.975442331636892,-0.651696120890525
2022-08-21,0.2835355987055021,-1.8142822354364363,0.1611600962004558
2022-08-22,0.0253912363067287,-1.6139906119894003,0.200291623447036
2022-08-23,0.4322160883280763,-1.333170153782974,0.2808204582064262
2022-08-24,0.7029325513196476,-1.3211837077348083,0.011986446048165789
2022-08-25,0.3115565299091765,-1.507812998032488,-0.1866292902976796
2022-08-26,0.9861455108359122,-1.3062210138416674,0.20159198419082047
2022-08-27,0.5062282229965166,-1.0633962829116956,0.2428247309299718
2022-08-28,0.804597701149425,-1.241037344044072,-0.17764106113237643
2022-08-29,0.7850074404761906,-1.4005836165837935,-0.15954627253972142
2022-08-30,0.7230796335447499,-1.3971464973959258,0.00343711918786771
2022-08-31,0.8713391304347828,-1.1907634834880991,0.20638301390782665
2022-09-01,0.73926722421346,-1.6069481136154522,-0.4161846301273531
2022-09-02,0.2724568965517244,-1.4749937764440444,0.1319543371714078
2022-09-03,0.475382870107771,-1.546530488240052,-0.07153671179600751
2022-09-04,0.6336221837088382,-1.1695582279378969,0.376972260302155
2022-09-05,0.4975698222705834,-1.9816887182190623,-0.8121304902811655
2022-09-06,0.5750279121697066,-2.5573180975905045,-0.5756293793714422
2022-09-07,-0.3198113207547169,-2.124451229237699,0.4328668683528054
2022-09-08,0.3406074904158074,-1.9540318696168353,0.17041935962086385
2022-09-09,0.553360824742269,-1.6532071378933966,0.3008247317234387
2022-09-10,0.7185891748003544,-0.870114839415328,0.7830922984780686
2022-09-11,0.0931854199683046,-1.6241586934254373,-0.7540438540101093
2022-09-12,-0.1006128702757921,-2.206880558246204,-0.5827218648207666
2022-09-13,0.3889763779527556,-1.868281815726452,0.33859874251975186
2022-09-14,0.6971905846621115,-1.287338312523118,0.5809435032033341
2022-09-15,1.2862897265336275,-0.8038174461409294,0.4835208663821885
2022-09-16,1.0151708428246038,-0.8310094428815287,-0.027191996740599245
2022-09-17,0.8402047463936708,-1.2000053879522892,-0.3689959450707605
2022-09-18,0.6659617730784869,-1.5173380348311956,-0.3173326468789064
2022-09-19,0.1103746397694524,-2.331130463706454,-0.8137924288752585
2022-09-20,-0.0609261939218524,-2.279935520998751,0.051194942707703195
2022-09-21,0.3745508982035924,-1.6023777211820485,0.6775577998167024
2022-09-22,0.3934304484433016,-1.6729529750654315,-0.07057525388338304
2022-09-23,0.2547416843595191,-1.56976856528953,0.1031844097759016
2022-09-24,-0.3920946851272885,-1.532817400020125,0.036951165269405006
2022-09-25,0.5074304690743047,-1.2608356915473986,0.2719817084727263
2022-09-26,0.1568573397656788,-1.7569031254794485,-0.4960674339320499
2022-09-27,0.4988299531981279,-1.6468280320127848,0.11007509346666366
2022-09-28,0.1114500234631627,-1.6042810991362615,0.042546932876523336
2022-09-29,0.3311011904761906,-1.096779981038038,0.5075011180982234
2022-09-30,0.8425310372446922,-0.4483805543339171,0.648399426704121
2022-10-01,0.5791194420226687,-0.3638327984565985,0.08454775587731861
2022-10-02,0.6997101449275356,-0.5524944529477711,-0.18866165449117261
2022-10-03,0.9835820895522394,-1.2050999684958683,-0.6526055155480972
2022-10-04,0.8607238095238087,-1.0572866034877328,0.14781336500813547
2022-10-05,0.8242296918767497,-1.019566002740112,0.037720600747620736
2022-10-06,0.9752898310698876,-0.9389410020358024,0.08062500070430967
2022-10-07,0.7597154623736418,-1.6512435362848887,-0.7123025342490863
2022-10-08,0.7770687936191422,-1.5213518528853154,0.12989168339957335
2022-10-09,0.7140290846877684,-1.1578621611392708,0.3634896917460446
2022-10-10,0.481702668360863,-1.4368236762076931,-0.27896151506842237
2022-10-11,0.4709041468388851,-1.8077380277851165,-0.37091435157742336
2022-10-12,0.7926373198285946,-1.271372928513384,0.5363650992717326
2022-10-13,0.662942679810149,-1.1605820212249915,0.11079090728839236
2022-10-14,0.8660897209466615,-1.3111067389784443,-0.15052471775345277
2022-10-15,1.0342393686979412,-1.1146445829194949,0.19646215605894946
2022-10-16,0.5662636947487728,-1.6388808587974943,-0.5242362758779995
2022-10-17,0.4861829652996851,-2.06965675791978,-0.43077589912228564
2022-10-18,0.4772160000000011,-2.128292108207716,-0.058635350287936205
2022-10-19,0.602361111111112,-1.6777146785148775,0.45057742969283865
2022-10-20,-0.1281037277147487,-2.1931628521208664,-0.5154481736059888
2022-10-21,0.5616562282533053,-1.5999343111120303,0.593228541008836
2022-10-22,0.4060889929742397,-1.936639626974932,-0.33670531586290164
2022-10-23,0.480950360627917,-1.5175809547353336,0.41905867223959836
2022-10-24,0.37507530120482,-2.0593895461105576,-0.541808591375224
2022-10-25,0.5056923076923077,-2.293473356839087,-0.23408381072852924
2022-10-26,0.5564006791171476,-1.496530291492719,0.7969430653463678
2022-10-27,0.2544090056285175,-1.3861256661649324,0.11040462532778661
2022-10-28,0.668893203883494,-1.331672235307638,0.05445343085729437
2022-10-29,0.3991703269887743,-1.188403493146868,0.1432687421607699
2022-10-30,0.816403089371092,-1.0494891915253408,0.1389143016215273
2022-10-31,0.9208146358301714,-1.3946483839332913,-0.34515919240795045
2022-11-01,0.6390518280433924,-1.475793494136452,-0.08114511020316084
2022-11-02,0.3787302725968438,-1.620805386514816,-0.14501189237836387
2022-11-03,0.696274165202109,-1.6057569447062168,0.015048441808599211
2022-11-04,0.8491437674233373,-1.4169105587215702,0.18884638598464654
2022-11-05,0.2219455970493315,-1.6892614929660033,-0.272350934244433
2022-11-06,0.0375256884504726,-1.823115077514744,-0.13385358454874074
2022-11-07,0.7606138107416868,-1.6451576495499445,0.17795742796479952
2022-11-08,0.3619898950641273,-2.03458440085745,-0.3894267513075056
2022-11-09,0.5099508134695413,-1.744159383157182,0.2904250177002681
2022-11-10,0.461184960121534,-1.525732144126781,0.21842723903040095
2022-11-11,0.3790123456790134,-1.784448240790146,-0.25871609666336504
2022-11-12,0.514116985376828,-1.194448373544306,0.58999986724584
2022-11-13,0.5645937358147985,-1.4543980051142813,-0.2599496315699752
2022-11-14,0.7625450180072018,-1.0527950154477717,0.40160298966650965
2022-11-15,0.3408006158583532,-1.5766490438124023,-0.5238540283646307
2022-11-16,0.4425470332850932,-1.261871424083998,0.31477761972840423
2022-11-17,0.7720158102766795,-1.1693756721109227,0.09249575197307536
2022-11-18,0.8213009619789264,-1.1186399581772708,0.05073571393365195
2022-11-19,0.7506211180124213,-0.4230526510333664,0.6955873071439044
2022-11-20,0.2980922803904173,-0.915415828580499,-0.49236317754713255
2022-11-21,0.5084240225715441,-0.774606884875861,0.14080894370463792
2022-11-22,0.723488168273443,-1.1286993374293102,-0.3540924525534491
2022-11-23,0.7512382578992329,-0.8983754081897863,0.23032392923952383
2022-11-24,0.532022699635185,-0.5739941269341852,0.3243812812556012
2022-11-25,0.4490954985275567,-1.0294543296058627,-0.4554602026716775
2022-11-26,0.5582640332640327,-0.481700595659642,0.5477537339462206
2022-11-27,0.5567057623661404,-0.8849848376012103,-0.40328424194156826
2022-11-28,0.6670647149460704,-0.9778571812181388,-0.09287234361692853
2022-11-29,0.1833515881708643,-1.7836732708606848,-0.805816089642546
2022-11-30,0.3177330173775666,-1.8585995238895383,-0.07492625302885347
2022-12-01,0.1809349593495932,-2.008313006455108,-0.1497134825655695
2022-12-02,0.408406893652795,-1.9231250471490011,0.08518795930610668
2022-12-03,0.5109125117591722,-1.2596505126181132,0.6634745345308879
2022-12-04,0.5656488549618294,-1.57128377574034,-0.3116332631222267
2022-12-05,0.3540409295872362,-1.7303662569786844,-0.15908248123834445
2022-12-06,0.4450665622552868,-1.0669481539665573,0.6634181030121271
2022-12-07,0.5757228086278101,-1.108068585411326,-0.041120431444768624
2022-12-08,0.676077669902913,-0.9361488250798876,0.1719197603314383
2022-12-09,0.576863753213368,-1.183807616699306,-0.24765879161941828
2022-12-10,0.4305166846071047,-1.3512154142531816,-0.1674077975538757
2022-12-11,1.0741843159702364,-0.8206664718945151,0.5305489423586665
2022-12-12,0.092608525615956,-2.213325327057757,-1.392658855163242
2022-12-13,0.6917924181082072,-1.4480486708426543,0.7652766562151028
2022-12-14,0.588884615384615,-1.247493983743181,0.20055468709947322
2022-12-15,0.8477434679334913,-1.1765100659120455,0.07098391783113556
2022-12-16,0.5727688787185352,-0.8135410388613487,0.3629690270506969
2022-12-17,0.4625589931830094,-0.3139278342820421,0.4996132045793066
2022-12-18,0.8369645690111062,-1.0362730055880782,-0.7223451713060361
2022-12-19,0.4125721352019778,-1.5450601638807273,-0.5087871582926491
2022-12-20,0.3908530651962369,-2.0302224256879664,-0.4851622618072391
2022-12-21,0.3705551387846954,-1.7329946472192412,0.29722777846872517
2022-12-22,0.5215578947368404,-1.9726691829159737,-0.23967453569673247
2022-12-23,0.4987353629976596,-1.4254206175776911,0.5472485653382826
2022-12-24,0.2273299748110833,-1.2381621027819338,0.18725851479575728
2022-12-25,0.5558124174372526,-0.369045861796581,0.8691162409853528
2022-12-26,-0.2724296381390004,-1.8434374276981829,-1.4743915659016018
2022-12-27,0.2277539341917018,-1.5093453618268642,0.3340920658713187
2022-12-28,0.0552666372851475,-1.5926385216877352,-0.08329315986087105
2022-12-29,0.4578947368421053,-1.1794905774651503,0.41314794422258494
2022-12-30,0.2944721689059504,-1.4600430817398895,-0.2805525042747392
2022-12-31,0.6075257173795348,-0.8608187705851296,0.5992243111547599
2023-01-01,0.6782527881040884,-0.7962417458823335,0.06457702470279603
2023-01-02,0.392106470858192,-0.3250789813286791,0.47116276455365447
2023-01-03,-0.1075602778912952,-1.2412896339986523,-0.9162106526699733
2023-01-04,0.136472148541114,-1.4969619344174367,-0.2556723004187844
2023-01-05,0.155169455169455,-1.7571543804003058,-0.26019244598286906
2023-01-06,0.7498831229546512,-0.8394616504151394,0.9176927299851664
2023-01-07,0.7475143903715333,-1.0953426001158473,-0.25588094970070785
2023-01-08,0.0287041132242368,-1.929606230334068,-0.8342636302182207
2023-01-09,-0.246330821102737,-2.050588575743625,-0.1209823454095571
2023-01-10,-0.1024481327800828,-2.129462288872427,-0.07887371312880198
2023-01-11,0.3704562178072113,-0.8795746918876067,1.2498875969848204
2023-01-12,0.2464679911699778,-1.5393439352080436,-0.6597692433204368
2023-01-13,0.435552193645991,-0.63322687567169,0.9061170595363536
2023-01-14,0.539030612244898,-0.8304305233321516,-0.1972036476604616
2023-01-15,0.3610220874837593,-0.7975450128038303,0.03288551052832134
2023-01-16,-0.1634219393485588,-1.6991223333816716,-0.9015773205778413
2023-01-17,0.0779260388867709,-1.6967636442203489,0.002358689161322758
2023-01-18,0.2531374682626043,-1.4296035945178074,0.2671600497025415
2023-01-19,0.5480884557721137,-1.5200345729665614,-0.09043097844875403
2023-01-20,0.1784412563008923,-1.5223963524183437,-0.0023617794517822865
2023-01-21,-0.4957861350249203,-1.9435701553183624,-0.4211738029000187
2023-01-22,0.3465148063781323,-1.801394800221898,0.1421753550964644
2023-01-23,0.3297836938435938,-1.7536649446786003,0.04772985554329767
2023-01-24,0.5700171086398633,-1.2529583067013217,0.5007066379772787
2023-01-25,0.348593805624778,-1.648385160121549,-0.3954268534202272
2023-01-26,-0.243175655317867,-2.173686811316592,-0.5253016511950432
2023-01-27,0.5246788370520616,-1.214042379596025,0.9596444317205672
2023-01-28,0.6698446031079365,-1.0395920817964757,0.17445029779954924
2023-01-29,0.3270219198790637,-1.7253903053866184,-0.6857982235901428
2023-01-30,0.6579573277369715,-1.4707189545119297,0.25467135087468873
2023-01-31,0.3021585160202359,-1.4717150378635129,-0.000996083351583188
2023-02-01,0.4986757105943159,-1.252329699106494,0.21938533875701882
2023-02-02,0.3405284704131004,-1.8199223212309088,-0.5675926221244147
2023-02-03,0.3431801604668126,-1.8717005990083209,-0.05177827777741206
2023-02-04,-0.1075169738118334,-2.2446012339805,-0.3729006349721793
2023-02-05,0.1584415584415584,-2.276353738518295,-0.03175250453779466
2023-02-06,0.0601631784320679,-1.9264772222268127,0.3498765162914821
2023-02-07,0.326039076376555,-2.2115071875289307,-0.285029965302118
2023-02-08,-0.5685185185185186,-3.051223169155832,-0.8397159816269011
2023-02-09,0.3413639479095272,-1.63435507754009,1.416868091615742
2023-02-10,0.4195853387634209,-1.1166302219365405,0.5177248556035494
2023-02-11,0.0118451025056948,-1.9228681015965972,-0.8062378796600567
2023-02-12,0.0940219601464017,-1.7496650792573651,0.17320302233923202
2023-02-13,0.4567036110117972,-1.3207875865765304,0.42887749268083475
2023-02-14,0.231547814656589,-1.5742724442064724,-0.253484857629942
2023-02-15,0.0158057271195956,-1.6383771755702203,-0.06410473136374795
2023-02-16,0.2674695459579171,-1.3997386655930308,0.2386385099771895
2023-02-17,0.1751221100618691,-1.7530170170551955,-0.3532783514621647
2023-02-18,0.0932700603968937,-1.87020894556074,-0.1171919285055445
2023-02-19,0.1363791339924988,-1.40208846564081,0.4681204799199301
2023-02-20,0.3007584951456315,-1.3507360565147457,0.0513524091260642
2023-02-21,0.1137094129222691,-1.3447518980164317,0.005984158498314018
2023-02-22,0.5155015197568392,-0.5342420031768593,0.8105098948395724
2023-02-23,0.3522969374167771,-0.5526308588958518,-0.018388855718992514
2023-02-24,0.0512804299715458,-1.432898288836443,-0.8802674299405912
2023-02-25,0.1191962905718702,-0.878856600207555,0.554041688628888
2023-02-26,0.0491257285595334,-1.5486674143581909,-0.6698108141506359
2023-02-27,-0.2869652139144338,-1.4161895303710443,0.13247788398714655
2023-02-28,0.0347095871238632,-1.682790522875122,-0.26660099250407776
2023-03-01,0.5649560922063644,-0.4212036320569704,1.2615868908181516
2023-03-02,0.6541087613293066,-0.0399610581572933,0.38124257389967714
2023-03-03,0.4851135978297731,-0.7116750192246899,-0.6717139610673966
2023-03-04,0.8753554502369664,-0.700702944486486,0.01097207473820394
2023-03-05,0.4567829457364322,-0.7774970518973136,-0.0767941074108276
2023-03-06,0.0324564086876715,-1.3140155270414244,-0.5365184751441109
2023-03-07,0.1118425405226596,-1.0543570155326396,0.25965851150878483
2023-03-08,0.6498030388294888,-0.1225187341416413,0.9318382813909983
2023-03-09,0.3469251741896413,-1.8476878870973945,-1.7251691529557531
2023-03-10,0.4659957945328926,-2.14236731027809,-0.2946794231806955
2023-03-11,0.1585454545454541,-1.4311298835317867,0.7112374267463033
2023-03-12,-0.0233916083916086,-1.987287844961377,-0.5561579614295902
2023-03-13,0.109350237717908,-1.524194386443346,0.46309345851803085
2023-03-14,0.4768709578072047,-1.09952074510786,0.42467364133548613
2023-03-15,0.5627871362940275,-0.8200995281119268,0.27942121699593314
2023-03-16,0.4994082840236676,-1.0912295682142257,-0.2711300401022989
2023-03-17,-0.1138257575757576,-1.705168593797505,-0.6139390255832793
2023-03-18,-0.0990440949737896,-1.5290472218031426,0.1761213719943624
2023-03-19,-0.6663465090506104,-2.317541890915187,-0.7884946691120442
2023-03-20,-0.0707808564231739,-1.179473827297166,1.1380680636180207
2023-03-21,0.2113333333333336,-1.0526393709847304,0.12683445631243573
2023-03-22,0.3162818955042528,-0.8628455465615692,0.18979382442316117
2023-03-23,0.6819991345737778,-1.211907497981498,-0.3490619514199289
2023-03-24,0.5076329141848654,-1.300273974109234,-0.08836647612773585
2023-03-25,0.1440797940797941,-1.5027824043124414,-0.2025084302032074
2023-03-26,0.4186472648881694,-1.2197595539550392,0.28302285035740216
2023-03-27,0.2915974893703174,-1.5813198444166598,-0.36156029046162064
2023-03-28,0.4120459290187888,-1.6376070987042202,-0.05628725428756032
2023-03-29,0.6268236498592265,-0.6938117788841848,0.9437953198200354
2023-03-30,0.4870555426446666,-1.4169425145240313,-0.7231307356398465
2023-03-31,0.3848435374149662,-1.524192424125414,-0.10724990960138259
2023-04-01,-0.0040270848182464,-1.1980596053242107,0.32613281880120315
2023-04-02,0.0627278645833333,-1.6046773926406492,-0.4066177873164385
2023-04-03,0.0588894301022892,-1.8996681473732708,-0.2949907547326216
2023-04-04,-0.1393258426966291,-2.290951188611092,-0.391283041237821
2023-04-05,0.3153863331844581,-1.8869531329331977,0.40399805567789415
2023-04-06,0.2975816504612314,-1.6029349003203328,0.28401823261286485
2023-04-07,-0.1054388799138397,-1.5218179204946778,0.08111697982565502
2023-04-08,-0.3374246186590985,-2.0592210894510248,-0.537403168956347
2023-04-09,0.0034940148819151,-1.1543898178455765,0.9048312716054483
2023-04-10,0.057520964360587,-1.4341941944506091,-0.27980437660503266
2023-04-11,0.092801919488136,-1.6620081136538425,-0.22781391920323335
2023-04-12,0.3371864240039341,-1.629295882012077,0.0327122316417654
2023-04-13,0.0048927982407915,-2.0065142231902504,-0.3772183411781733
2023-04-14,0.3597796143250691,-1.3710246632890464,0.635489559901204
2023-04-15,0.0277756286266926,-1.6954892014348113,-0.3244645381457649
2023-04-16,-0.1259038038352717,-1.7970729067402749,-0.10158370530546357
2023-04-17,-0.3151351351351352,-2.1251085873575386,-0.32803568061726374
2023-04-18,-0.0371858058156729,-2.007360472043296,0.11774811531424278
2023-04-19,0.3905288253142607,-1.756265561520317,0.2510949105229787
2023-04-20,0.381489453293156,-1.9434255202805732,-0.18715995876025615
2023-04-21,0.3722943722943722,-0.8155934247723726,1.1278320955082006
2023-04-22,0.6799684044233798,-0.8215437552284421,-0.005950330456069519
2023-04-23,0.6704628949301974,-1.4867924270070514,-0.6652486717786092
2023-04-24,0.5329117191533268,-1.391523298596442,0.0952691284106093
2023-04-25,1.0388874712937024,-0.9272758371085378,0.4642474614879043
2023-04-26,0.8201587301587285,-1.17672147970607,-0.24944564259753232
2023-04-27,0.7502962625341839,-1.1169316389739503,0.05978984073211979
2023-04-28,0.7862520458265138,-0.774242298989739,0.34268933998421136
2023-04-29,1.092768959435627,-0.322096961599337,0.45214533739040197
2023-04-30,0.8931003584229384,-0.9261668788663532,-0.6040699172670162
2023-05-01,1.021940726577438,-0.4292130537365541,0.4969538251297991
2023-05-02,0.9427111886369308,-0.7991167084384357,-0.36990365470188163
2023-05-03,0.9445615608880906,-0.6932752453307539,0.10584146310768183
2023-05-04,0.8435434731661589,-1.2045021119331605,-0.5112268666024066
2023-05-05,0.3057599999999984,-1.5922885565892813,-0.3877864446561208
2023-05-06,0.277314667515113,-0.7945159031084666,0.7977726534808146
2023-05-07,0.514821482148214,-0.5950862628792744,0.1994296402291923
2023-05-08,0.5864451988360814,-0.8167582812635334,-0.2216720183842591
2023-05-09,0.5910181048671521,-0.4274532161959321,0.3893050650676014
2023-05-10,0.8190476190476184,-0.282476602525108,0.1449766136708241
2023-05-11,0.7229406350667299,-0.6999422039277272,-0.41746560140261924
2023-05-12,0.6534230406043453,-0.6963410832441155,0.003601120683611736
2023-05-13,0.7279689922480604,-0.417603663205988,0.27873742003812746
2023-05-14,0.5280111265646736,-0.746259672012612,-0.328656008806624
2023-05-15,0.6548575788402841,-0.955359656628094,-0.20909998461548196
2023-05-16,0.3157206260219565,-1.5296087027323235,-0.5742490461042296
2023-05-17,-0.1184281282316443,-1.6268568717619716,-0.09724816902964806
2023-05-18,0.2137771184869278,-1.5856798870562323,0.04117698470573927
2023-05-19,0.1842572062084257,-1.634084940632986,-0.04840505357675373
2023-05-20,0.269184619580038,-1.1354420367295088,0.4986429039034772
2023-05-21,0.5298867699642413,-0.9289897113131448,0.20645232541636405
2023-05-22,0.5291488883898467,-0.5691341835323028,0.35985552778084196
2023-05-23,0.8632492863939106,-0.4978768630680024,0.07125732046430044
2023-05-24,0.9205190235320004,-0.4958613707841123,0.0020154922838900857
2023-05-25,0.8681714546283602,-0.5711427876730358,-0.07528141688892354
2023-05-26,0.7278841179513725,-0.2931006853634143,0.2780421023096215
2023-05-27,0.8178980891719748,0.159148304973113,0.4522489903365273
2023-05-28,0.8174481168332051,-0.4779218178634807,-0.6370701228365937
2023-05-29,1.2739257592800894,0.0784679026255546,0.5563897204890353
2023-05-30,0.9058949880668272,-0.6268022502282998,-0.7052701528538544
2023-05-31,0.8046113620156878,-0.8154932713399462,-0.18869102111164637
2023-06-01,0.8170310701956262,-0.4838215279753725,0.3316717433645737
2023-06-02,0.6843719332679096,-0.6936403885060852,-0.20981886053071275
2023-06-03,0.4789957567185295,-0.8306790269683669,-0.1370386384622817
2023-06-04,0.6364311163895491,-0.7119096131226353,0.11876941384573159
2023-06-05,0.4671828056390101,-1.311713171114281,-0.5998035579916458
2023-06-06,0.2473800088066927,-1.6354807811735288,-0.3237676100592477
2023-06-07,0.844836272040305,-0.9397171310876664,0.6957636500858624
2023-06-08,0.8918319471102584,-0.8360068410831466,0.10371029000451981
2023-06-09,0.7683588621444188,-0.7254464580987212,0.11056038298442539
2023-06-10,0.0262829600226821,-1.9604709144711816,-1.2350244563724604
2023-06-11,0.70828457037265,-1.1680219788915749,0.7924489355796067
2023-06-12,0.5984608714502482,-0.7997206643351163,0.36830131455645854
2023-06-13,0.752404679376085,-0.531821177832611,0.2678994865025054
2023-06-14,0.8447786485913987,-1.2839830050679393,-0.7521618272353283
2023-06-15,0.7106606248509423,-1.7510443921935344,-0.4670613871255951
2023-06-16,0.4497789783889987,-1.4250894467166837,0.32595494547685067
2023-06-17,0.5710825358851654,-1.739718820464378,-0.3146293737476944
2023-06-18,0.7610887720383549,-0.7387009163730661,1.001017904091312
2023-06-19,0.5005473998507086,-0.8470861913967968,-0.10838527502373063
2023-06-20,0.6954143389199252,-1.1290492871755955,-0.28196309577879874
2023-06-21,1.0386004514672678,-0.617408074805455,0.5116412123701405
2023-06-22,0.7010044096031358,-0.8335161123438257,-0.2161080375383707
2023-06-23,0.70033622863547,-1.3367007134075397,-0.503184601063714
2023-06-24,0.964686359110522,-0.773563697040454,0.5631370163670857
2023-06-25,-1.4461377323906774,-3.828566354641112,-3.055002657600658
2023-06-26,0.5069112627986357,-1.6916383232768908,2.136928031364221
2023-06-27,0.6139994727128932,-0.809119008243023,0.8825193150338678
2023-06-28,1.0265795206971633,0.0562074882258669,0.8653264964688898
2023-06-29,1.1405169822663022,-0.0601231177463879,-0.11633060597225481
2023-06-30,1.0251304586651966,-0.7175708215002442,-0.6574477037538563
2023-07-01,0.7653918970087084,-1.246875107634327,-0.5293042861340828
2023-07-02,0.4152476529621227,-0.9088702086184702,0.33800489901585673
2023-07-03,0.4628765264586162,-1.2500593677415253,-0.34118915912305503
2023-07-04,0.8959382615759545,-0.8287109469339675,0.42134842080755774
2023-07-05,0.7250525762355404,-1.1493264129146954,-0.3206154659807279
2023-07-06,0.5603873706553474,-1.4595380283424528,-0.31021161542775744
2023-07-07,0.864374999999999,-1.1958750745456794,0.2636629537967734
2023-07-08,0.4068211488250647,-1.2106378835712122,-0.01476280902553273
2023-07-09,0.357252931323283,-1.3842106370654266,-0.17357275349421442
2023-07-10,0.93265306122449,-1.345398038168848,0.03881259889657862
2023-07-11,0.3127479949345706,-1.9206690047340835,-0.5752709665652356
2023-07-12,0.6261771747805275,-1.4641387205930798,0.4565302841410037
2023-07-13,0.5694021855581763,-1.6490369001763518,-0.18489817958327204
2023-07-14,0.3403071017274482,-1.8031968308986184,-0.15415993072226652
2023-07-15,0.7538619075482726,-1.5495380817385689,0.2536587491600495
2023-07-16,0.4950529024878462,-1.3102146604623572,0.23932342127621165
2023-07-17,0.4744027303754263,-1.9781369325053824,-0.6679222720430251
2023-07-18,0.5898703792606812,-1.7537584761277176,0.22437845637766474
2023-07-19,0.5672973604298048,-1.2785268758394914,0.4752316002882262
2023-07-20,0.7389753892516318,-1.2321580451246292,0.0463688307148622
2023-07-21,0.6655038759689907,-1.4626762732701415,-0.23051822814551226
2023-07-22,0.0699255422466818,-2.0366606358007133,-0.5739843625305718
2023-07-23,0.2988899460830952,-1.8498931203940137,0.18676751540669967
2023-07-24,0.064557967178401,-1.9067318265039608,-0.056838706109947124
2023-07-25,-0.0915970398663164,-2.715649300226354,-0.8089174737223932
2023-07-26,0.2266076421248834,-2.1995618265903767,0.5160874736359773
2023-07-27,0.5084517963298013,-1.798715060542563,0.40084676604781366
2023-07-28,0.6153880968544936,-1.2436955653622126,0.5550194951803504
2023-07-29,0.8269800386348997,-1.1219525068922749,0.12174305846993771
2023-07-30,0.6830875975715526,-1.5747963366888222,-0.45284382979654736
2023-07-31,0.6536656181950167,-1.369757933402021,0.20503840328680134
2023-08-01,0.8613389910419595,-1.2212941761526348,0.1484637572493861
2023-08-02,0.5661998485995458,-1.6322308918434103,-0.4109367156907755
2023-08-03,0.7770547301109643,-1.3840985744387784,0.24813231740463193
2023-08-04,0.7054743083003955,-1.0945718343503148,0.2895267400884636
2023-08-05,0.6741200828157351,-1.2149597179905656,-0.12038788364025077
2023-08-06,0.7317576745449614,-1.4430156505975886,-0.22805593260702306
2023-08-07,0.7986022610483037,-1.589220343166802,-0.1462046925692133
2023-08-08,0.6190648294556124,-1.663231741117004,-0.07401139795020195
2023-08-09,0.6479671280276817,-1.74984411559066,-0.08661237447365622
2023-08-10,0.8178401630065657,-1.3904053759949226,0.35943873959573747
2023-08-11,0.4703748782862709,-1.6245978320476264,-0.23419245605270378
2023-08-12,0.5097547533755862,-1.5349269011967512,0.08967093085087519
2023-08-13,0.4593801426220511,-1.67856396463054,-0.14363706343378868
2023-08-14,0.3713418903150517,-2.203764877348677,-0.525200912718137
2023-08-15,0.2944584382871541,-2.0618418787776376,0.1419229985710393
2023-08-16,0.6860695371862758,-1.3963997201407683,0.6654421586368693
2023-08-17,0.6646978021978003,-1.8287745907511108,-0.4323748706103425
2023-08-18,0.7452711223203025,-1.3625485238912456,0.46622606685986523
2023-08-19,0.8193167305236261,-0.794522796924827,0.5680257269664186
2023-08-20,0.7334698436336567,-0.999058294556598,-0.20453549763177103
2023-08-21,0.8923513513513531,-0.8049614125454048,0.19409688201119324
2023-08-22,0.4028283796740187,-1.2257605281159505,-0.4207991155705457
2023-08-23,0.5822858472998125,-0.8325086208855895,0.39325190723036096
2023-08-24,0.569280078895463,-1.4599531832143071,-0.6274445623287176
2023-08-25,0.3749482401656321,-1.1944429989974692,0.2655101842168379
2023-08-26,0.2637710054115631,-1.4741700814989755,-0.27972708250150635
2023-08-27,0.6753417167851272,-1.12079187387457,0.35337820762440564
2023-08-28,0.6896469465648859,-1.2323861975368944,-0.11159432366232447
2023-08-29,0.8716760061130939,-1.6434173195627753,-0.4110311220258809
2023-08-30,0.752777777777778,-1.2561433683187326,0.3872739512440426
2023-08-31,0.6817017871432393,-1.577163012971402,-0.3210196446526694
2023-09-01,1.1554054054054057,1.387402997735414,2.9645660107068164
2023-09-02,0.6557284768211914,-0.77159529329571,-2.158998291031124
2023-09-03,0.5160191082802543,-1.149104397045306,-0.3775091037495961
2023-09-04,0.7982293868921784,-0.963981752729752,0.18512264431555414
2023-09-05,0.4842903305990546,-1.369335890187563,-0.405354137457811
2023-09-06,0.6779075546719692,-0.8366785903761854,0.5326572998113775
2023-09-07,1.0693769332744152,0.0001846772888725,0.8368632676650579
2023-09-08,0.7412761020881666,-0.4906205611809194,-0.4908052384697919
2023-09-09,0.86519146264909,-0.591707878725303,-0.10108731754438355
2023-09-10,0.8460112359550571,-0.871287268746747,-0.27957939002144405
2023-09-11,0.5913024085637809,-0.7258222041526246,0.14546506459412245
2023-09-12,0.7670152307342597,-0.5672303858317387,0.15859181832088587
2023-09-13,0.790313322171726,-0.7464586282260136,-0.17922824239427493
2023-09-14,0.6224550898203598,-1.156234034626448,-0.4097754064004343
2023-09-15,0.9484200522689477,-0.284079881650942,0.8721541529755059
2023-09-16,1.2371750704666442,-0.4621763042291045,-0.1780964225781625
2023-09-17,0.6155585555180558,-1.4738797612666854,-1.011703457037581
2023-09-18,0.3388292433537831,-1.1324851086116996,0.3413946526549858
2023-09-19,0.4955040556199294,-1.1507501854538134,-0.01826507684211376
2023-09-20,0.582259198500117,-1.2408666955543035,-0.09011651010049015
2023-09-21,0.7203231093420716,-0.638343635221909,0.6025230603323946
2023-09-22,0.2206905305915194,-1.3434787859943054,-0.7051351507723964
2023-09-23,0.2348346235045745,-1.281670996827048,0.061807789167257265
2023-09-24,0.5556289402581787,-1.1061422202328473,0.17552877659420085
2023-09-25,0.4098080037011349,-1.280102904487696,-0.17396068425484867
2023-09-26,0.8070231082917989,-1.152914150912142,0.12718875357555381
2023-09-27,0.6889603429796356,-0.8308527377859933,0.3220614131261488
2023-09-28,0.704114313870412,-0.766965663642263,0.0638870741437303
2023-09-29,0.733502538071068,-1.3750675471245797,-0.6081018834823166
2023-09-30,0.6170138888888878,-1.0522102980698895,0.32285724905469015
2023-10-01,0.781422390481341,-0.3278121828357644,0.7243981152341251
2023-10-02,0.674534334167362,-0.4705487964101103,-0.14273661357434592
2023-10-03,0.7087705352411232,-1.188726896613576,-0.7181781002034657
2023-10-04,0.5788229618909775,-1.5206599218219763,-0.3319330252084003
2023-10-05,0.4913709846735241,-1.2655017718673087,0.25515814995466757
2023-10-06,0.5330125634856995,-0.9289666723447446,0.3365350995225641
2023-10-07,0.2125358851674643,-1.9860494235698365,-1.0570827512250918
2023-10-08,0.5009217960154598,-1.3548827979635427,0.6311666256062938
2023-10-09,0.4757115749525615,-1.50906593751855,-0.1541831395550073
2023-10-10,0.4908762886597948,-1.3646199403195651,0.14444599719898488
2023-10-11,0.4830405405405395,-1.4094603886832358,-0.044840448363670626
2023-10-12,0.2979283887468036,-1.5004799425332025,-0.09101955384996674
2023-10-13,0.9398710055702112,-0.4441112504918791,1.0563686920413233
2023-10-14,1.2238545454545453,-0.4219077722142104,0.02220347827766872
2023-10-15,0.735176204332366,-0.6021370707556694,-0.18022929854145897
2023-10-16,0.5063207795628136,-0.8078957985101146,-0.20575872775444526
2023-10-17,0.350638617580767,-1.3903265541113026,-0.582430755601188
2023-10-18,0.7454870207192194,-0.7817184034406434,0.6086081506706592
2023-10-19,0.6187660668380466,-1.3168831322103358,-0.5351647287696925
2023-10-20,0.2808359814226352,-1.5198163069586978,-0.20293317474836203
2023-10-21,0.2936267071320182,-1.293555934763445,0.22626037219525275
2023-10-22,0.269518561484919,-1.265276592275116,0.028279342488329196
2023-10-23,0.1008178975222513,-1.2421519264409513,0.023124665834164615
2023-10-24,0.3652536640360774,-1.3366566398082973,-0.094504713367346
2023-10-25,0.6343670446655864,-1.1090045955398746,0.22765204426842267
2023-10-26,0.9870637051501105,0.029901011910817,1.1389056074506916
2023-10-27,1.1624398460057743,0.184004288031695,0.15410327612087799
2023-10-28,0.935421233949265,0.213481242547836,0.02947695451614099
2023-10-29,0.968654124457304,-0.3179147400902462,-0.5313959826380822
2023-10-30,0.5168108227988459,-1.0815479308230251,-0.7636331907327789
2023-10-31,0.5925783619818036,-1.2530885428545109,-0.17154061203148574
2023-11-01,0.3046676096181038,-1.5199731076752423,-0.2668845648207314
2023-11-02,0.629065083739665,-1.5246570357321192,-0.004683928056876896
2023-11-03,0.7643528183716077,-0.8095640516983433,0.7150929840337759
2023-11-04,0.8339301972685887,-0.4052916231680546,0.4042724285302887
2023-11-05,0.6538898353208416,-0.8398514835227923,-0.43455986035473765
2023-11-06,0.5472519273812477,-0.8815513825930484,-0.041699899070256174
2023-11-07,0.016036570298987,-2.071410851372595,-1.1898594687795465
2023-11-08,0.7760330578512388,-0.9708238694444216,1.1005869819281733
2023-11-09,0.95060355029586,-1.1908945036554912,-0.22007063421106965
2023-11-10,0.7358234295415951,-0.8787934766164875,0.31210102703900366
2023-11-11,0.7480586080586089,-0.0109475641135999,0.8678459125028877
2023-11-12,0.2890050590219224,-0.8801578287607453,-0.8692102646471455
2023-11-13,0.6677638737758445,-0.5739136467291048,0.3062441820316405
2023-11-14,0.5764132121480805,-1.1985713329580432,-0.6246576862289384
2023-11-15,0.5889446140427392,-1.6856592105882526,-0.48708787763020944
2023-11-16,0.4378899315242195,-0.9762367619612314,0.7094224486270212
2023-11-17,0.5874307862679972,-0.6089186840002682,0.3673180779609633
2023-11-18,0.606151695211467,-0.4160665800380178,0.1928521039622504
2023-11-19,0.217999999999999,-0.8413936217686532,-0.4253270417306354
2023-11-20,0.4665560559374253,-0.7677780845835513,0.07361553718510183
2023-11-21,0.5763820277581732,-1.0352589066646931,-0.26748082208114177
2023-11-22,0.8631617289946576,-0.957033724515826,0.07822518214886709
2023-11-23,0.9661443616748006,-0.5612630065473954,0.39577071796843066
2023-11-24,1.1069521178637198,-0.4289580083282504,0.132304998219145
2023-11-25,0.6845525689009853,-0.5668759072065823,-0.13791789887833195
2023-11-26,0.4761752136752134,-0.7896053340090674,-0.2227294268024851
2023-11-27,0.8844396082698611,-0.7183382695774666,0.0712670644316008
2023-11-28,0.792845218220843,-1.1153374238520215,-0.3969991542745549
2023-11-29,0.674747237244298,-0.9679755782310236,0.14736184562099786
2023-11-30,0.5929454545454548,-1.2146524072842633,-0.24667682905323962
2023-12-01,0.746831275720165,-0.8172083331705206,0.3974440741137427
2023-12-02,0.7378251599147124,-1.206278662411114,-0.38907032924059337
2023-12-03,0.6234817813765181,-0.9010617997658804,0.3052168626452335
2023-12-04,0.2791678302150236,-1.9050941576333371,-1.0040323578674566
2023-12-05,-0.1832115264147015,-3.6260666386400953,-1.7209724810067581
2023-12-06,-0.1952496954933011,-2.7869411611371646,0.8391254775029307
2023-12-07,0.4398130841121495,-1.9825844803586643,0.8043566807785003
2023-12-08,0.5070468948035498,-1.5167702658919962,0.46581421446666815
2023-12-09,0.4436699857752498,-1.753700717501005,-0.23693045160900894
2023-12-10,0.4797287390029329,-1.7272091529725984,0.02649156452840673
2023-12-11,0.3098488427019373,-1.6086467290316655,0.11856242394093286
2023-12-12,0.2658212262989425,-1.6769996694735487,-0.06835294044188323
2023-12-13,0.3995717344753748,-1.7119800139464234,-0.03498034447287468
2023-12-14,0.7561989997367717,-0.867741156954195,0.8442388569922284
2023-12-15,0.9155771567436212,-0.9410400231949662,-0.0732988662407712
2023-12-16,1.007135095979717,-0.771465377677564,0.1695746455174022
2023-12-17,0.7943745373797193,-0.0194181738461088,0.7520472038314552
2023-12-18,0.3280652418447702,-1.1584236898069813,-1.1390055159608725
2023-12-19,0.6723420260782333,-1.1633428008802744,-0.004919111073293125
2023-12-20,0.4342135150482683,-1.0583878460703893,0.10495495480988515
2023-12-21,1.090070521861782,-0.0207488598695412,1.0376389862008482
2023-12-22,1.084403669724769,-0.6116326637437921,-0.5908838038742509
2023-12-23,0.8672307057366903,-1.1859821300351563,-0.5743494662913642
2023-12-24,0.7536293436293448,-0.3670802280281883,0.818901902006968
2023-12-25,0.3018575851393181,-0.661217492559409,-0.2941372645312207
2023-12-26,-0.2802756809977031,-1.9712528244788785,-1.3100353319194695
2023-12-27,0.5431372549019606,-0.2626052448929462,1.7086475795859324
2023-12-28,0.0848964988499863,-2.1967604404372643,-1.9341551955443181
2023-12-29,0.2023427552839316,-1.9842512471194185,0.2125091933178458
2023-12-30,0.5038436268068349,-1.6188973949696397,0.3653538521497788
2023-12-31,0.1983576076851554,-1.597801855388111,0.021095539581528655
2024-01-01,0.8020301015050773,-0.5089448239569271,1.0888570314311838
2024-01-02,0.6055438385055735,-1.3095867778972596,-0.8006419539403326
2024-01-03,0.3016905444126071,-1.6159449907396102,-0.30635821284235054
2024-01-04,0.1666269368295588,-2.0544642827930844,-0.4385192920534742
2024-01-05,0.2243323442136503,-1.8035917655116864,0.2508725172813979
2024-01-06,0.4063573255389116,-1.9343379334956223,-0.1307461679839359
2024-01-07,0.7271389459274463,-1.034509322147961,0.8998286113476612
2024-01-08,0.3048805548420238,-1.643378773042125,-0.6088694508941639
2024-01-09,0.5619910764082543,-1.6311288122480705,0.012249960794054493
2024-01-10,0.4857471852610036,-1.5534184341340933,0.07771037811397719
2024-01-11,0.3522467816371143,-1.9316299917739597,-0.37821155763986636
2024-01-12,0.6443688586545719,-0.3479021948087985,1.583727796965161
2024-01-13,1.0002345058626452,0.0536670814503107,0.4015692762591092
2024-01-14,0.7994023160254009,-0.4666146639713187,-0.5202817454216294
2024-01-15,0.4644632614039872,-0.8396997095317209,-0.37308504556040223
2024-01-16,0.2345721015440978,-1.725904999956156,-0.8862052904244351
2024-01-17,0.3430104903635025,-2.35379844597413,-0.6278934460179739
2024-01-18,0.4533884297520671,-2.112130851903927,0.24166759407020288
2024-01-19,0.4690708081073977,-2.135538330631804,-0.023407478727877074
2024-01-20,0.1425059952038367,-2.1361624646593653,-0.0006241340275612295
2024-01-21,0.382765893341369,-2.496771927134971,-0.36060946247560555
2024-01-22,0.6406379668049784,-1.8601086854983515,0.6366632416366194
2024-01-23,0.5306303949777654,-1.582725155383337,0.2773835301150145
2024-01-24,0.553094462540718,-1.8474593389653944,-0.26473418358205736
2024-01-25,0.3324246453900698,-1.9066085548942056,-0.05914921592881117
2024-01-26,0.1662547528517108,-1.9737739442828488,-0.06716538938864325
2024-01-27,0.1239326893113112,-1.8469350578662744,0.12683888641657437
2024-01-28,-0.091772575250836,-2.0727252904282567,-0.22579023256198227
2024-01-29,0.3398026315789473,-1.6746113312851565,0.3981139591431002
2024-01-30,0.1700207230025322,-2.489465736112792,-0.8148544048276356
2024-01-31,0.096226851851853,-2.6431645304856226,-0.15369879437283052
2024-02-01,0.3052965584574083,-1.8971623467466607,0.7460021837389619
2024-02-02,-0.0321276595744679,-2.5426185975159186,-0.6454562507692578
2024-02-03,0.0349413298565838,-2.0421722215253744,0.5004463759905442
2024-02-04,0.1366343738787223,-1.7717801331820284,0.27039208834334594
2024-02-05,-0.1384934567507181,-2.397664690331641,-0.6258845571496126
2024-02-06,-0.0485825126827813,-2.3964923567835217,0.0011723335481192976
2024-02-07,0.4127711579590598,-2.085956213189222,0.3105361435942995
2024-02-08,0.3002530222097274,-2.2788448917910924,-0.1928886786018702
2024-02-09,0.3701885565669696,-2.0146679645443704,0.26417692724672204
2024-02-10,0.3021548284118115,-2.0378903942573805,-0.02322242971301014
2024-02-11,0.540195341848235,-1.654249927237818,0.38364046701956256
2024-02-12,0.1918431597023468,-2.036643451935131,-0.3823935246973129
2024-02-13,0.3891584306678653,-2.1863535702561125,-0.1497101183209817
2024-02-14,0.6979925880172942,-1.5239488527996203,0.6624047174564922
2024-02-15,0.9188597842835132,-1.5227866869185598,0.0011621658810605506
2024-02-16,0.3928750784682986,-1.5624574792952106,-0.03967079237665083
2024-02-17,0.1185880585805486,-2.1169175416558534,-0.5544600623606428
2024-02-18,0.0621518504387638,-1.628535624283836,0.4883819173720174
2024-02-19,-0.0703442437923251,-2.34865347393689,-0.7201178496530538
2024-02-20,0.2405963979923233,-2.1931508095232246,0.15550266441366523
2024-02-21,0.3170605187319882,-2.0707728659999205,0.12237794352330411
2024-02-22,0.1496672877295718,-1.6157085028312617,0.45506436316865884
2024-02-23,0.4376288659793801,-1.5714131432013467,0.04429535962991493
2024-02-24,0.4443324061196105,-1.8826663791273623,-0.3112532359260156
2024-02-25,0.3669539153240915,-2.0588051938744827,-0.17613881474712034
2024-02-26,0.3199673431303944,-2.002860627316807,0.05594456655767566
2024-02-27,0.2697343193645572,-1.9387845217088708,0.0640761056079362
2024-02-28,0.6356366675954298,-1.3126086436376792,0.6261758780711917
2024-02-29,0.8803377563329317,-0.8226481038680131,0.489960539769666
2024-03-01,0.413798219584569,-1.3942584128030633,-0.5716103089350502
2024-03-02,0.5472384373596778,-1.0190254467478026,0.3752329660552607
2024-03-03,-1.136363636363636,-1.0610942932133471,-0.04206884646554454
2024-03-04,0.2597789115646256,-1.2691535453285665,-0.20805925211521936
2024-03-05,0.7193730407523515,-1.4119120972653685,-0.14275855193680198
2024-03-06,0.5575412635173586,-1.4869317752673403,-0.07501967800197185
2024-03-07,0.0128692525044964,-1.8699965588202148,-0.38306478355287443
2024-03-08,-0.0048025134649913,-1.7157818615450544,0.15421469727516035
2024-03-09,-0.104001176816711,-2.335304476474294,-0.6195226149292397
2024-03-10,0.0473118279569889,-2.0487369186712185,0.2865675578030755
2024-03-11,0.451241587375262,-1.2461602204809488,0.8025766981902698
2024-03-12,0.2823857043397535,-1.746430530914886,-0.5002703104339372
2024-03-13,0.5462882096069878,-2.118287752902935,-0.37185722198804916
2024-03-14,0.2296853625171002,-2.2879279465554725,-0.16964019365253735
2024-03-15,0.7584243369734803,-1.4938124695848338,0.7941154769706387
2024-03-16,0.107179675994109,-1.8319372502141624,-0.3381247806293286
2024-03-17,-0.0781448923916328,-2.711699390961847,-0.8797621407476848
2024-03-18,-0.1632434840721762,-3.1273012414665464,-0.4156018505046992
2024-03-19,-0.1044467425025851,-2.8748212149213543,0.2524800265451921
2024-03-20,0.3223484848484847,-2.175517898129823,0.6993033167915312
2024-03-21,0.4869186712485686,-1.7840128844539531,0.39150501367587
2024-03-22,0.3883827428295986,-1.8666842852362635,-0.08267140078231039
2024-03-23,0.3004545454545449,-1.7608341792576054,0.10585010597865807
2024-03-24,0.2739919354838716,-2.016645887795068,-0.2558117085374627
2024-03-25,0.5111236589497465,-1.812164046834728,0.20448184096034017
2024-03-26,0.581427641570839,-1.3818252361105914,0.4303388107241366
2024-03-27,0.2550380653828926,-1.2340686107399734,0.14775662537061796
2024-03-28,0.0925854700854698,-1.771065183307253,-0.5369965725672796
2024-03-29,0.5568741291221543,-0.6020636100439954,1.1690015732632575
2024-03-30,0.5900375939849649,-0.5317141797721395,0.07034943027185592
2024-03-31,0.8566716641679156,-0.9659528003874782,-0.4342386206153387
2024-04-01,0.0980719794344472,-1.6425497738536865,-0.6765969734662083
2024-04-02,0.2432171110459996,-1.5092426876557594,0.13330708619792708
2024-04-03,0.4563710777626186,-1.6671674233943308,-0.15792473573857135
2024-04-04,0.7022294725394249,-1.5627543324873328,0.10441309090699802
2024-04-05,0.6895473251028817,-1.4796387368144013,0.08311559567293147
2024-04-06,-0.0380281690140845,-1.3260520046173754,0.1535867321970259
2024-04-07,0.2861629048086352,-0.965892491394074,0.3601595132233014
2024-04-08,0.389129365469749,-1.48984056700718,-0.523948075613106
2024-04-09,0.1873081140350874,-1.1767443538096802,0.3130962131974997
2024-04-10,0.8372607506835698,0.1402040870481787,1.316948440857859
2024-04-11,0.593439419318817,-0.7538934600862357,-0.8940975471344144
2024-04-12,0.4990348525469162,-1.6528067703288176,-0.8989133102425819
2024-04-13,0.0459955914768551,-1.90940021416073,-0.2565934438319124
2024-04-14,0.2383460859329017,-1.9466488308525025,-0.037248616691772485
2024-04-15,0.1940660991487224,-2.3566443870838616,-0.4099955562313591
2024-04-16,0.1403455284552844,-1.9403736211855256,0.416270765898336
2024-04-17,0.5396616541353396,-2.0968386058634145,-0.15646498467788894
2024-04-18,0.5821930646672893,-2.260552012354317,-0.16371340649090227
2024-04-19,0.3988862988863002,-2.067651862285408,0.1929001500689087
2024-04-20,0.3943689320388341,-1.587343386129991,0.48030847615541705
2024-04-21,0.8290291262135919,-0.9777662122501464,0.6095771738798447
2024-04-22,0.3670777749811217,-2.2966855268458373,-1.318919314595691
2024-04-23,0.2215909090909095,-2.2519381184527814,0.04474740839305591
2024-04-24,0.70958296362023,-1.2090957660050965,1.0428423524476849
2024-04-25,0.520297462817148,-0.9406806409360324,0.26841512506906406
2024-04-26,0.9061639908256872,-0.7307558317844868,0.20992480915154565
2024-04-27,0.463002309468821,-1.096823158078603,-0.3660673262941162
2024-04-28,0.556142668428007,-1.25300701003688,-0.156183851958277
2024-04-29,0.5898271465004264,-1.119550753276502,0.13345625676037787
2024-04-30,0.2652942801878975,-1.7718186100263609,-0.6522678567498588
2024-05-01,0.7222723174030635,-0.643864183858889,1.1279544261674719
2024-05-02,-0.0083509513742072,-2.215591083263589,-1.5717268994046998
2024-05-03,0.0267847557702629,-1.9962274966768376,0.21936358658675115
2024-05-04,-1.3451612903225805,-2.7921921852367038,-0.7959646885598661
2024-05-05,0.3753802281368824,-1.204304295571181,1.5878878896655229
2024-05-06,0.3306485600561924,-1.2724775028304387,-0.0681732072592578
2024-05-07,0.4390516039051592,-1.685305692394332,-0.4128281895638932
2024-05-08,0.6527212389380538,-1.4563791282578946,0.2289265641364373
2024-05-09,0.7557666214382625,-1.4011529341978504,0.055226194060044254
2024-05-10,0.7833220031724448,-0.8456337232068382,0.5555192109910122
2024-05-11,0.7380936995153474,-0.7336664932832468,0.11196722992359132
2024-05-12,0.4478978007761972,-0.6811215779675462,0.0525449153157006
2024-05-13,0.5531496951907856,-0.7595714007771422,-0.078449822809596
2024-05-14,0.2182514358647096,-1.3369151261303645,-0.5773437253532222
2024-05-15,0.5903376513060101,-1.2490979674490494,0.08781715868131501
2024-05-16,0.909119047619048,-0.6316733167839471,0.6174246506651023
2024-05-17,0.8256606765327698,-0.9571112449628408,-0.3254379281788937
2024-05-18,0.7919336600075408,-0.3714729615778845,0.5856382833849563
2024-05-19,0.5397665694039187,-0.5404761488851556,-0.1690031873072711
2024-05-20,0.3587425149700589,-1.653424957661253,-1.1129488087760975
2024-05-21,0.0663378856853818,-2.07548855463473,-0.4220635969734772
2024-05-22,0.4776203966005652,-1.0479342865145027,1.0275542681202274
2024-05-23,0.5291965389369583,-1.2721222443312417,-0.22418795781673895
2024-05-24,0.6501891551071873,-1.333007638934277,-0.060885394603035436
2024-05-25,0.639633614422798,-0.9925672761444324,0.3404403627898447
2024-05-26,0.487178754997144,-1.1775840591034403,-0.18501678295900792
2024-05-27,0.7185627340823986,-1.082192518802529,0.09539154030091135
2024-05-28,0.8030246189917924,-0.9174059893301658,0.16478652947236316
2024-05-29,0.7413664596273307,-0.5953623579534683,0.32204363137669756
2024-05-30,0.6951500535905667,-0.9901581013447815,-0.3947957433913133
2024-05-31,0.5524980174464703,-1.392491522282724,-0.40233342093794255
2024-06-01,0.8011567164179103,-0.8743256632029341,0.51816585907979
2024-06-02,0.727732854147948,-1.3078793555080117,-0.43355369230507756
2024-06-03,0.7202110389610368,-1.2043614088856889,0.10351794662232283
2024-06-04,0.3958333333333333,-3.08789095151609,-1.8835295426304013
2024-06-05,0.8217428571428574,-1.3799039817796332,1.707986969736457
2024-06-06,0.7073195355880879,-1.2832716483706104,0.09663233340902289
2024-06-07,0.8342630571506698,-1.249285386732131,0.0339862616384794
2024-06-08,0.7692506459948315,-0.7181956876634105,0.5310896990687205
2024-06-09,0.4293800539083554,-1.401844552520474,-0.6836488648570634
2024-06-10,0.5566304347826073,-1.3303656224935745,0.07147893002689942
2024-06-11,0.0877502634351947,-1.3891608808116065,-0.058795258318032007
2024-06-12,0.6194309507286626,-0.8761280911664193,0.5130327896451872
2024-06-13,0.2895337301587301,-1.0655151045724214,-0.18938701340600206
2024-06-14,0.6409371492704827,-0.9523638756584868,0.11315122891393459
2024-06-15,0.6679665738161557,-0.6058503558525484,0.34651351980593836
2024-06-16,0.9142217961009904,0.0856004928576943,0.6914508487102428
2024-06-17,0.397788125727589,-0.7447068197974712,-0.8303073126551656
2024-06-18,0.3672068636796941,-1.444384282812966,-0.6996774630154948
2024-06-19,0.4522401433691761,-1.687622227021213,-0.24323794420824685
2024-06-20,0.6324489254444144,-1.1648717893012102,0.5227504377200027
2024-06-21,0.5111273792093696,-1.3661496509146362,-0.2012778616134261
2024-06-22,0.653355830521186,-1.0973360076947536,0.26881364321988266
2024-06-23,0.2127209838585698,-1.5895275831536182,-0.4921915754588646
2024-06-24,0.3582139201637673,-1.8662459811429528,-0.2767183979893346
2024-06-25,0.7183514341409112,-1.2428499830715802,0.6233959980713726
2024-06-26,0.919663418954828,-0.8332899441610315,0.4095600389105487
2024-06-27,0.6565859792518086,-1.307446993116248,-0.4741570489552165
2024-06-28,0.6206152870282263,-1.331703859730864,-0.024256866614615902
2024-06-29,0.5098862642169718,-1.2316969895264014,0.10000687020446253
2024-06-30,-0.203827751196172,-2.9650389180078096,-1.7333419284814082
2024-07-01,-0.2879335053023789,-3.016257394453069,-0.05121847644525923
2024-07-02,0.6974588507074782,-1.9761368816106968,1.040120512842372
2024-07-03,0.3286319954776713,-2.3023197703394924,-0.32618288872879564
2024-07-04,0.5947784810126588,-1.5265975520366262,0.7757222183028663
2024-07-05,0.5030809098761874,-0.8331734209430256,0.6934241310936006
2024-07-06,0.2405488983378432,-1.365174553558135,-0.5320011326151094
2024-07-07,0.6415845486795418,-0.9472666432155072,0.41790791034262775
2024-07-08,0.8064364640883978,-1.1712607101635917,-0.22399406694808444
2024-07-09,0.4477434005109277,-1.3211773147736472,-0.14991660461005551
2024-07-10,0.6681642778390301,-1.2110585934206772,0.11011872135296996
2024-07-11,0.6577795358649785,-1.564516285175764,-0.3534576917550867
2024-07-12,0.7994079655543603,-0.814946163462341,0.749570121713423
2024-07-13,1.06319677635997,-1.0619016733213904,-0.24695550985904946
2024-07-14,0.7327369623144262,-0.6348527545797551,0.4270489187416353
2024-07-15,0.611560527825589,-0.8349431885323243,-0.2000904339525692
2024-07-16,0.7692824509540435,-0.9761710575726784,-0.14122786904035411
2024-07-17,0.6261636311072567,-1.2064397078439453,-0.23026865027126686
2024-07-18,0.5897964873153044,-1.4524852416647231,-0.24604553382077787
2024-07-19,0.7371658522563951,-1.3377170914457006,0.11476815021902254
2024-07-20,0.7651300236406622,-0.8874309419186796,0.45028614952702106
2024-07-21,0.7787112851548591,-0.8798855230139236,0.007545418904755907
2024-07-22,0.4466173651054511,-1.7288217074221548,-0.8489361844082312
2024-07-23,0.5898412698412696,-1.991681952195904,-0.26286024477374914
2024-07-24,0.4699203774697729,-1.432233024210678,0.5594489279852259
2024-07-25,0.7977117951511847,-1.901831672399931,-0.4695986481892529
2024-07-26,0.4628763519438761,-1.6233239319791488,0.2785077404207821
2024-07-27,0.4347286271727565,-1.8997468868704024,-0.27642295489125357
2024-07-28,0.1148184494602549,-2.3797799795986467,-0.48003309272824435
2024-07-29,0.2043587594300088,-1.9971463410832735,0.38263363851537324
2024-07-30,0.5651456844420025,-1.902625745794472,0.09452059528880152
2024-07-31,0.2106282722513098,-2.0774795090987808,-0.1748537633043088
2024-08-01,-1.2273180242634318,-4.271349127215781,-2.193869618117
2024-08-02,-1.4624308118081213,-4.7246971288579,-0.4533480016421194
2024-08-03,-0.9554525103933496,-4.482536700266294,0.24216042859160591
2024-08-04,-0.5579357351509242,-4.317893947281704,0.16464275298458997
2024-08-05,-0.4178974358974356,-3.645678195189634,0.6722157520920704
2024-08-06,-0.2164445561981391,-3.2190184621871407,0.42665973300249327
2024-08-07,-0.2545152354570635,-2.9432538894059967,0.27576457278114397
2024-08-08,0.0389324960753532,-2.593663783632878,0.3495901057731188
2024-08-09,0.1547401484865788,-2.069939122989635,0.5237246606432429
2024-08-10,-0.0375086266390614,-2.1810003025582505,-0.11106117956861539
2024-08-11,0.3600809716599198,-1.720812772918183,0.4601875296400675
2024-08-12,0.2251984710379302,-1.873352708490077,-0.15253993557189394
2024-08-13,0.9016115107913651,-1.0191405503387625,0.8542121581513145
2024-08-14,1.1172108467072486,-1.4327635603890363,-0.4136230100502738
2024-08-15,1.1626737967914418,-1.0021660859883623,0.430597474400674
2024-08-16,0.5389992985737678,-0.788135459475123,0.21403062651323934
2024-08-17,0.1687154471544723,-1.7277850956438865,-0.9396496361687635
2024-08-18,0.0941442801086629,-1.8115067466719967,-0.08372165102811024
2024-08-19,0.5983891919979214,-1.459986404282606,0.35152034238939067
2024-08-20,0.645584118096206,-1.1455421248696347,0.3144442794129714
2024-08-21,0.6764438839848663,-1.1622485079299327,-0.016706383060298036
2024-08-22,0.5040268456375844,-0.9900348021249836,0.1722137058049491
2024-08-23,0.6325485436893195,-0.9091587570331152,0.08087604509186841
2024-08-24,0.6311986863711014,-0.7290531476387502,0.18010560939436504
2024-08-25,0.0604172966434835,-2.153399172990589,-1.4243460253518387
2024-08-26,0.0341559723593286,-1.832436245573388,0.3209629274172008
2024-08-27,0.3511764705882337,-1.382665652664982,0.44977059290840593
2024-08-28,0.3357045143638852,-1.8336588981038056,-0.45099324543882346
2024-08-29,0.5434145129224651,-1.7277285500506017,0.1059303480532039
2024-08-30,0.5816429170159273,-1.2956166631991577,0.43211188685144397
2024-08-31,0.4933779499823889,-1.2907635026192024,0.004853160579955329
2024-09-01,0.3947224126113778,-1.077546831205098,0.2132166714141044
2024-09-02,0.1973906167633101,-2.2956218196350164,-1.2180749884299185
2024-09-03,0.5061740398638788,-1.6471295187952604,0.6484923008397561
2024-09-04,0.6320608718080992,-1.582884393926178,0.06424512486908229
2024-09-05,0.2258645884072091,-1.8838241584922988,-0.3009397645661207
2024-09-06,0.6447492163009396,-1.236541354932579,0.6472828035597198
2024-09-07,0.9364710848459266,-0.923106183185644,0.313435171746935
2024-09-08,0.5498812351543954,-1.3272133313994512,-0.4041071482138072
2024-09-09,0.3113202811244976,-2.017168902625897,-0.6899555712264458
2024-09-10,0.3599697885196379,-2.7639461110273222,-0.7467772084014253
2024-09-11,0.6774821109123415,-2.5944519122434127,0.1694941987839096
2024-09-12,0.6657471815783135,-1.6645792311680534,0.9298726810753593
2024-09-13,0.682969885773623,-1.3081656951377718,0.3564135360302816
2024-09-14,0.681071190951432,-1.5441445060134096,-0.23597881087563777
2024-09-15,1.2780624999999997,-0.7578757764398236,0.786268729573586
2024-09-16,0.9219902912621364,-1.0158955577283828,-0.2580197812885592
2024-09-17,0.989753113393054,-1.2561801271846895,-0.24028456945630672
2024-09-18,1.0992942321732782,-1.150269513118739,0.10591061406595048
2024-09-19,1.1338392221958684,-0.8387372206149127,0.3115322925038263
2024-09-20,1.0428706998813753,-1.2031966281359494,-0.36445940752103667
2024-09-21,0.8481922924116018,-0.7945566626182707,0.40863996551767867
2024-09-22,0.6571541501976284,-0.961887188266052,-0.16733052564778128
2024-09-23,0.4796943231441046,-1.3037710946040857,-0.34188390633803367
2024-09-24,0.8038589015151514,-1.5558800020848944,-0.2521089074808087
2024-09-25,0.7934062769939538,-1.1108058050809564,0.445074197003938
2024-09-26,0.6798210735586486,-1.1498706610989324,-0.039064856017976046
2024-09-27,1.0249851632047466,-0.5599062412594992,0.5899644198394333
2024-09-28,1.2085545722713853,-0.4747962199928501,0.08511002126664907
2024-09-29,0.684277937880242,-0.8836195886668702,-0.4088233686740201
2024-09-30,0.2290868094701247,-1.121169199272576,-0.2375496106057059
2024-10-01,0.6713297463489617,-0.5129379490468386,0.6082312502257374
2024-10-02,0.6228597176329228,-0.451422119748732,0.06151582929810667
2024-10-03,0.2415523690773068,-1.62123143486263,-1.169809315113898
2024-10-04,0.5476615301432806,-1.2409810748308598,0.38025036003177015
2024-10-05,0.5293128654970746,-0.9187097047336464,0.3222713700972134
2024-10-06,0.7283507006827173,-0.699908585455871,0.21880111927777546
2024-10-07,0.8138150609080828,-0.6628270829918806,0.037081502463990335
2024-10-08,0.5326019617965935,-1.4150135916009317,-0.752186508609051
2024-10-09,0.8756400506970847,-0.9511520362170672,0.4638615553838644
2024-10-10,0.8680204223717786,-1.1366893147892567,-0.1855372785721895
2024-10-11,0.8066447908121398,-0.8771995158575595,0.2594897989316972
2024-10-12,0.6926417803302217,-1.02620332763352,-0.14900381177596056
2024-10-13,0.6714195183776942,-0.9442371117783676,0.08196621585515251
2024-10-14,0.7677553444180512,-0.6200762088024254,0.32416090297594213
2024-10-15,0.821182412358883,-0.6877677257165297,-0.06769151691410424
2024-10-16,0.9264736567553468,-1.2906256555792632,-0.6028579298627336
2024-10-17,1.3313516136859953,-0.7410455791664966,0.5495800764127666
2024-10-18,0.880337721808815,-1.2538548745895624,-0.5128092954230657
2024-10-19,0.919095291064146,-0.6010818291148345,0.6527730454747278
2024-10-20,0.1438756281407035,-1.7845617593573997,-1.1834799302425651
2024-10-21,0.3508940139932623,-1.869218221671112,-0.08465646231371227
2024-10-22,0.7189470720720725,-1.2946455795998246,0.5745726420712873
2024-10-23,1.0523124647490127,-1.4832897178282751,-0.1886441382284505
2024-10-24,1.23228736581338,-1.0239974442912922,0.4592922735369829
2024-10-25,1.156885563868109,-0.5912951167414078,0.43270232754988447
2024-10-26,1.046019582801193,-1.014340189760871,-0.42304507301946326
2024-10-27,0.6483218762636455,-1.1382498279638706,-0.1239096382029996
2024-10-28,0.5611026033690671,-1.3954726273249014,-0.25722279936103076
2024-10-29,0.8521006350757203,-1.0694236217498616,0.3260490055750398
2024-10-30,0.5564197205378317,-1.2139873745419871,-0.14456375279212552
2024-10-31,0.9942712496669328,-0.6673637545735754,0.5466236199684117
2024-11-01,0.5498348996697994,-2.0157871629073028,-1.3484234083337272
2024-11-02,0.6967178770949713,-1.9888884537011704,0.026898709206132354
2024-11-03,0.5566528066528065,-1.9586173072530095,0.03027114644816087
2024-11-04,0.4556770665808929,-1.6801669222296525,0.27845038502335706
2024-11-05,0.9196957776029356,-1.6480164819336511,0.03215044029600134
2024-11-06,0.9858994708994686,-1.0832211913445102,0.5647952905891409
2024-11-07,0.9499287072243348,-1.0940752356121677,-0.010854044267657459
2024-11-08,0.4804305283757333,-1.150770546724755,-0.05669531111258741
2024-11-09,0.8605579232855477,-0.669574167359344,0.48119637936541104
2024-11-10,0.7825681969394529,-0.8771388983761685,-0.2075647310168245
2024-11-11,0.669040247678019,-1.1478438435793308,-0.27070494520316224
2024-11-12,0.9611328124999998,-0.8903518052243528,0.257492038354978
2024-11-13,1.1334393063583814,-0.4472518507704654,0.44309995445388733
2024-11-14,0.8306805399325062,-0.6994383163052186,-0.25218646553475316
2024-11-15,0.8100824931255732,-0.1830678754745031,0.5163704408307155
2024-11-16,1.0575250836120396,0.293861606085295,0.4769294815597981
2024-11-17,1.1073241061130354,1.0356361181962983,0.7417745121110033
2024-11-18,0.886340562990308,0.1601105298336777,-0.8755255883626206
2024-11-19,0.9176020408163252,-0.3358640351052172,-0.4959745649388949
2024-11-20,0.7610943775100395,-0.7178545187973157,-0.3819904836920985
2024-11-21,0.6493160905247461,-1.0687684764270766,-0.35091395762976096
2024-11-22,0.6505198613703007,-0.5903471947905367,0.47842128163653996
2024-11-23,0.9296551724137936,-0.3097250383098944,0.28062215648064226
2024-11-24,0.6208729320661737,-0.6594973188571841,-0.3497722805472897
2024-11-25,0.5738685344827595,-1.3026061239556856,-0.6431088050985015
2024-11-26,0.677055103884372,-0.8943380004708323,0.4082681234848533
2024-11-27,0.69178614097969,-0.7091074738242731,0.18523052664655926
2024-11-28,0.6159959503923064,-1.1566927954413049,-0.4475853216170318
2024-11-29,0.7438894277400576,-1.570749604690714,-0.414056809249409
2024-11-30,0.8775198938992055,-0.8874882481265851,0.6832613565641288
2024-12-01,1.086709084482152,-0.4796276276387052,0.4078606204878799
2024-12-02,0.7550885540576258,-1.2255663590548465,-0.7459387314161412
2024-12-03,0.9877285979326784,-1.016103565582851,0.20946279347199548
2024-12-04,0.846728971962617,-1.13497688060321,-0.11887331502035892
2024-12-05,0.8646633416458841,-1.1036266306544618,0.03135024994874813
2024-12-06,0.9435858585858594,-0.7207907852250632,0.3828358454293985
2024-12-07,0.7878975950349106,-0.5766830039264605,0.1441077812986027
2024-12-08,0.8902658326817826,-0.4674759891156244,0.10920701481083617
2024-12-09,0.7584679665738181,-0.9256276887786752,-0.4581516996630508
2024-12-10,0.4939282428702863,-1.6683738189407715,-0.7427461301620963
2024-12-11,0.7268046709129493,-0.8745041226351966,0.7938696963055749
2024-12-12,0.9629748396645302,-0.787892764418314,0.0866113582168826
2024-12-13,0.7345274390243904,-1.1354276418622722,-0.34753487744395817
2024-12-14,1.2853953840332977,-0.1479728920685851,0.9874547497936871
2024-12-15,0.9609157509157538,-0.3357670750486055,-0.18779418298002037
2024-12-16,0.7890266021765416,-1.1072805108323938,-0.7715134357837883
2024-12-17,0.908076083567196,-0.1431118064954173,0.9641687043369764
2024-12-18,0.7687992722862336,-0.803388747931885,-0.6602769414364676
2024-12-19,0.3482476252866039,-1.9891984198754995,-1.1858096719436144
2024-12-20,0.649260523321956,-2.1694362530182456,-0.1802378331427461
2024-12-21,0.9418036072144288,-1.8782936081859745,0.29114264483227115
2024-12-22,0.6176064908722102,-2.1745278449918937,-0.2962342368059192
2024-12-23,0.6640797436810262,-1.8997269516086863,0.27480089338320735
2024-12-24,1.0106995884773662,-1.123920861934974,0.7758060896737122
2024-12-25,0.5837921847246895,-0.3823111021158252,0.7416097598191489
2024-12-26,0.0941478439425051,-2.056418674705802,-1.674107572589977
2024-12-27,0.4005173463177103,-1.828612857346553,0.2278058173592492
2024-12-28,0.7964598249801133,-1.7991691529223317,0.029443704424221284
2024-12-29,0.7058151980021402,-1.13051996691521,0.6686491860071218
2024-12-30,0.6856715524977566,-0.7773581965028824,0.35316177041232755
2024-12-31,0.5434154630416324,-1.413553312725067,-0.6361951162221846
2025-01-01,1.1890364317330613,0.5302205720764976,1.9437738848015647
2025-01-02,1.105343999999998,0.3263237538990482,-0.20389681817744942
2025-01-03,0.8653104173974066,-0.0518931813985174,-0.3782169352975656
2025-01-04,0.7792751981879957,-0.4177653694627568,-0.3658721880642394
2025-01-05,0.4205474582296481,-1.1700932845747554,-0.7523279151119986
2025-01-06,0.1028892455858746,-1.7315849655481836,-0.5614916809734283
2025-01-07,0.1686269220393847,-1.9536681906532665,-0.22208322510508283
2025-01-08,0.4996901408450698,-1.7743761703660133,0.17929202028725322
2025-01-09,0.4576146353052981,-1.3371561769405211,0.4372199934254921
2025-01-10,0.532803135085293,-0.6074069014106079,0.7297492755299132
2025-01-11,0.7589373680506688,-0.4113171750492038,0.19608972636140415
2025-01-12,0.3249999999999994,-1.5642189545959206,-1.152901779546717
2025-01-13,-0.2472986493246619,-2.098336079700608,-0.5341171251046875
2025-01-14,0.1386761487964988,-1.9319064429683064,0.1664296367323017
2025-01-15,0.2803655107778816,-1.3875412599275236,0.5443651830407827
2025-01-16,0.2851199591628378,-1.0282807194012773,0.35926054052624634
2025-01-17,0.6524798753570495,-1.3747315813337573,-0.34645086193248
2025-01-18,0.6235693848354781,-1.815864865773636,-0.44113328443987876
2025-01-19,0.6149800266311574,-1.511630529981573,0.30423433579206294
2025-01-20,0.5745959051724138,-1.9514296325954912,-0.4397991026139181
2025-01-21,1.0482476336658957,-1.1151957138876258,0.8362339187078653
2025-01-22,0.6375792507204594,-1.4234127811625203,-0.3082170672748945
2025-01-23,0.614104013566988,-1.265440291300194,0.15797248986232626
2025-01-24,0.6730522945570963,-0.8050335677167848,0.4604067235834093
2025-01-25,0.936774861878453,-0.6358881246275576,0.1691454430892272
2025-01-26,0.3617607825700315,-0.8180075150868741,-0.18211939045931647
2025-01-27,0.188539007092198,-2.2250260513193028,-1.4070185362324286
2025-01-28,0.741174801362088,-1.537569680754872,0.6874563705644308
2025-01-29,0.7168256721595841,-1.2051597137981005,0.3324099669567715
2025-01-30,0.6712702216896337,-1.2943481316959375,-0.08918841789783705
2025-01-31,0.6915175817396689,-1.2478075242840203,0.046540607411917234
2025-02-01,0.9688402421984158,-1.3031958160233688,-0.05538829173934845
2025-02-02,0.8340482573726558,-1.201945552356565,0.10125026366680379
2025-02-03,0.5862134688691228,-1.4980723924906427,-0.29612684013407775
2025-02-04,0.5967964174991384,-1.6125891404719204,-0.11451674798127764
2025-02-05,0.5116139157729545,-1.5793658039537617,0.033223336518158675
2025-02-06,0.6982814178302903,-1.3893102489658742,0.1900555549878875
2025-02-07,0.7486373837768513,-1.5272747406091414,-0.13796449164326718
2025-02-08,0.3230175438596484,-1.4655463147243062,0.06172842588483518
2025-02-09,0.5221056721056712,-1.3894638810248292,0.07608243369947698
2025-02-10,0.4306221461187209,-1.6137965201841196,-0.22433263915929036
2025-02-11,0.6720171673819741,-1.202052053247082,0.4117444669370376
2025-02-12,1.0036699941280092,-0.472434363624209,0.729617689622873
2025-02-13,0.7118394455674281,-1.1405561145476573,-0.6681217509234483
2025-02-14,0.9539297918608262,-0.6022395780345184,0.5383165365131388
2025-02-15,0.7721731820092476,-1.3866054701632482,-0.7843658921287298
2025-02-16,0.5039154267815193,-0.9829204186164776,0.4036850515467706
2025-02-17,0.1271011119731059,-1.9581743750025264,-0.9752539563860488
2025-02-18,0.2531258384759862,-1.8902109995447127,0.06796337545781372
2025-02-19,0.6423969820081264,-1.0647131067826368,0.825497892762076
2025-02-20,0.9337625979843232,-0.7165780926327378,0.348135014149899
2025-02-21,1.0329419657832948,-0.9124544857039216,-0.19587639307118387
2025-02-22,0.7693827160493819,-0.8207957022990638,0.09165878340485778
2025-02-23,0.5813397129186608,-1.1415837301798215,-0.32078802788075766
2025-02-24,0.723723723723724,-1.0992178371936732,0.042365892986148346
2025-02-25,0.5858366472927516,-1.4042139219243452,-0.3049960847306721
2025-02-26,0.6748562037797882,-1.0763196833664743,0.3278942385578709
2025-02-27,0.7847467608951717,-1.2576600916027445,-0.18134040823627018
2025-02-28,0.5437307152875168,-0.759037369321354,0.4986227222813905
2025-03-01,0.263810224347186,-0.9136812534089632,-0.1546438840876092
2025-03-02,0.5698285297336735,-0.7990762322079851,0.11460502120097815
2025-03-03,0.6683187834412841,-1.2078241539828367,-0.40874792177485164
2025-03-04,0.6850702731370997,-0.8300208384635624,0.37780331551927426
2025-03-05,0.3279710920770888,-1.1799369655542882,-0.3499161270907257
2025-03-06,0.259437547504433,-1.3347871924226284,-0.15485022686834027
2025-03-07,0.2574724698479285,-1.3991205007440732,-0.0643333083214448
2025-03-08,0.4509002250562647,-0.6713990480805676,0.7277214526635056
2025-03-09,0.7225225225225231,-0.9476266704005248,-0.27622762231995723
2025-03-10,0.3000481116189553,-1.5269298014104338,-0.5793031310099089
2025-03-11,0.5118328155888178,-1.7508894311352714,-0.22395962972483763
2025-03-12,0.5507303370786524,-1.6873805033302527,0.06350892780501871
2025-03-13,0.737938760268858,-1.5279278892514654,0.1594526140787873
2025-03-14,0.6969978746014878,-1.4915721730191744,0.03635571623229095
2025-03-15,0.5209712075633863,-0.8744738135634043,0.6170983594557702
2025-03-16,0.3415222562011559,-1.4550895690353316,-0.5806157554719273
2025-03-17,0.3081954887218053,-2.048203645701838,-0.5931140766665066
2025-03-18,0.3227295041728026,-1.988119859597232,0.060083786104606185
2025-03-19,0.0874808771035187,-2.7347931566708787,-0.7466732970736467
2025-03-20,0.332109354060574,-2.5485325491107016,0.18626060756017715
2025-03-21,0.4039764771772618,-2.167490726385904,0.3810418227247978
2025-03-22,0.3350388866148176,-1.7095517054270932,0.45793902095881056
2025-03-23,0.0954714430550868,-2.688323936728164,-0.9787722313010707
2025-03-24,0.2671320107763909,-2.1168444261923502,0.5714795105358137
2025-03-25,0.5948366701791381,-1.2246991653852437,0.8921452608071065
2025-03-26,0.2830313488639637,-2.0447628476856954,-0.8200636823004517
2025-03-27,0.3151459293394783,-1.4049029526161327,0.6398598950695626
2025-03-28,0.3471083297367288,-1.6198783716331406,-0.2149754190170079
2025-03-29,0.068195908245506,-1.9142575491496576,-0.294379177516517
2025-03-30,0.4369386958219433,-1.4136237796009046,0.500633769548753
2025-03-31,0.660599700149926,-0.9212220478816192,0.49240173171928536
2025-04-01,0.5282181357006978,-2.03151354072169,-1.1102914928400707
2025-04-02,0.4022991850989523,-2.322139230376624,-0.29062568965493396
2025-04-03,0.4918461096755666,-1.4152815054078025,0.9068577249688214
2025-04-04,0.2238393977415306,-1.4606792591766076,-0.04539775376880506
2025-04-05,0.0906657018813311,-2.0259972784480964,-0.5653180192714888
2025-04-06,0.3228880866426004,-1.572787713509983,0.4532095649381134
2025-04-07,0.1368848425196855,-2.0332336715701658,-0.46044595806018274
2025-04-08,0.3476662777129521,-1.797572578636663,0.2356610929335028
2025-04-09,0.423843930635837,-1.7984002622714683,-0.0008276836348053429
2025-04-10,0.6618318224445136,-0.8745380297111893,0.923862232560279
2025-04-11,0.6835388739946386,-0.6885164717312418,0.18602155797994757
2025-04-12,0.549705882352943,-1.0186977597663271,-0.3301812880350854
2025-04-13,0.7007809288943696,-1.8043718778827675,-0.7856741181164404
2025-04-14,0.511315165876776,-1.6506246435748413,0.15374723430792625
2025-04-15,0.297187582913241,-1.9263226638393929,-0.2756980202645516
2025-04-16,0.4410401509027216,-1.7439708517101258,0.1823518121292671
2025-04-17,0.5678304239401504,-1.4680411231074444,0.2759297286026814
2025-04-18,0.5102848575712153,-1.2385479187737944,0.22949320433364995
2025-04-19,-0.0571485943775102,-2.1664407347552337,-0.9278928159814392
2025-04-20,0.2919720767888314,-2.2116343486809087,-0.045193613925675
2025-04-21,0.3108200810726549,-1.9647588126157824,0.24687553606512624
2025-04-22,0.2649173955296397,-1.7929505882714107,0.1718082243443717
2025-04-23,0.5278229448961157,-1.3318900558124365,0.46106053245897427
2025-04-24,0.4336580086580088,-1.1810368484273204,0.1508532073851161
2025-04-25,0.4058651882112643,-0.9981434806535362,0.18289336777378418
2025-04-26,0.1300825206301576,-1.6086323332436423,-0.6104888525901061
2025-04-27,0.1355479190530739,-1.6735976359935556,-0.0649653027499133
2025-04-28,0.607305244013338,-1.1167314908916004,0.5568661451019552
2025-04-29,0.3957849229937845,-1.1797897747409194,-0.063058283849319
2025-04-30,0.3667489711934158,-1.1916695039845293,-0.011879729243609916
2025-05-01,0.8508045977011492,-0.6267531648596288,0.5649163391249005
2025-05-02,0.5291992775436485,-1.3653806716507972,-0.7386275067911684
2025-05-03,0.6270735524256668,-1.1363942212817804,0.22898645036901688
2025-05-04,0.6685210312075986,-1.68576337072637,-0.5493691494445896
2025-05-05,0.4306319485078998,-2.0942317612031323,-0.4084683904767623
2025-05-06,0.5246808510638308,-1.6963400566737914,0.39789170452934086
2025-05-07,0.6652687869406145,-1.5493624063332383,0.1469776503405531
2025-05-08,0.7279000271665302,-1.072747377977204,0.4766150283560342
2025-05-09,0.6403523259014585,-0.9700123161403572,0.10273506183684689
2025-05-10,0.453373999237515,-0.7731927113196752,0.19681960482068206
2025-05-11,0.6085128561501048,-1.1408041033349867,-0.36761139201531157
2025-05-12,0.3981588637559167,-1.4638264199320412,-0.3230223165970545
2025-05-13,0.0238962472406181,-1.682683067738477,-0.21885664780643577
2025-05-14,0.3970366379310349,-1.036794106738042,0.645888961000435
2025-05-15,0.2520515124288706,-1.770681659412266,-0.7338875526742241
2025-05-16,0.378016623674406,-1.253554501454102,0.517127157958164
2025-05-17,0.6285335354300873,-0.9293414548786946,0.3242130465754075
2025-05-18,0.3589531680440771,-1.2786877573698503,-0.3493463024911557
2025-05-19,0.2753822629969422,-1.3039855386535182,-0.025297781283667886
2025-05-20,0.0438867814414942,-1.4339213071829244,-0.12993576852940625
2025-05-21,0.4868527918781704,-1.13546615391719,0.29845515326573446
2025-05-22,0.3827327690447407,-0.8285433686385439,0.306922785278646
2025-05-23,0.431333705357143,-1.4922990510692744,-0.6637556824307305
2025-05-24,0.310705151625867,-0.9872865052834524,0.505012545785822
2025-05-25,0.7418817651956716,-0.8483556221120216,0.13893088317143076
2025-05-26,0.2807780906066035,-1.7577942199030638,-0.9094385977910422
2025-05-27,0.1718321917808219,-1.8805213430655876,-0.12272712316252377
2025-05-28,0.5348221670802321,-1.376711839940672,0.5038095031249157
2025-05-29,0.4361383108935129,-1.0940452344469451,0.2826666054937268
2025-05-30,0.5289488167308743,-1.311554376234956,-0.21750914178801084
2025-05-31,0.8267129228100593,-1.504228082291662,-0.19267370605670608
2025-06-01,0.6280563613758802,-1.547640392465917,-0.04341231017425495
2025-06-02,0.3467723004694828,-1.5845468616527474,-0.03690646918683038
2025-06-03,0.1165578480020899,-1.811666089413844,-0.22711922776109672
2025-06-04,0.348356560610044,-1.993879638088192,-0.1822135486743479
2025-06-05,0.2685531496062982,-1.3759341883379737,0.6179454497502184
2025-06-06,0.6713844252163164,0.5240116046929898,1.8999457930309633
2025-06-07,0.8046417305092374,0.19000492402768,-0.3340066806653098
2025-06-08,1.1087272727272748,-0.0119308843458449,-0.2019358083735249
2025-06-09,0.5137803752691477,-0.8248371556412574,-0.8129062712954125
2025-06-10,0.5007273706896551,-0.657738113532161,0.16709904210909632
2025-06-11,0.4247750642673526,-1.0307624808829423,-0.37302436735078126
2025-06-12,0.6660694597574423,-0.9398241158090644,0.09093836507387787
2025-06-13,0.7170289855072458,-0.8182931976639715,0.12153091814509298
2025-06-14,3.4,2.29430379746835,3.1125969951323214
2025-06-15,8.0,-9.72222222222221,-12.016526019690561
2025-06-16,-3.2045454545454546,-5.7871385328137,3.9350836894085104
2025-06-17,-1.6631578947368426,-4.968681441707781,0.8184570911059197
2025-06-18,2.26,1.33333333333334,6.302014775041121
2025-06-19,-5.533333333333333,-8.623658175038706,-9.956991508372045
2025-06-20,-3.0,0.4577374168167956,9.081395591855502
2025-06-22,0.1999999999999997,-0.4570855020692574,-0.914822918886053
2025-06-23,-5.458823529411766,-3.65045551897228,-3.1933700169030224
2025-06-24,2.2,1.950725292684124,5.601180811656404
2025-06-25,-0.6391304347826083,-0.2960478663738505,-2.2467731590579745
2025-06-26,2.0619047619047617,-2.097752430348093,-1.8017045639742424
2025-06-27,0.1538461538461537,3.246199905516189,5.343952335864282
2025-06-28,-0.4200000000000008,-2.071020229248099,-5.317220134764288
2025-06-29,1.813636363636364,-0.7972622132413859,1.2737580160067132
2025-06-30,2.618518518518519,1.1212431536195822,1.918505366860968
2025-07-01,0.575,-1.2649112916622252,-2.3861544452818073
2025-07-02,0.4009157918248828,-1.248372958133383,0.016538333528842264
2025-07-03,0.6109609609609614,-1.1893590716555715,0.05901388647781136
2025-07-04,0.7284843719284486,-1.301405433601839,-0.11204636194626749
2025-07-05,0.930823156942559,-0.8025438023877354,0.49886163121410365
2025-07-06,0.5289345711759487,-1.3166266077234563,-0.5140828053357209
2025-07-07,0.5110633307271302,-1.1304873579434336,0.18613924978002272
2025-07-08,0.5829083390764983,-1.1934759203160008,-0.06298856237256723
2025-07-09,0.5717116357504217,-1.0471873542647532,0.14628856605124763
2025-07-10,0.2236504341260849,-1.3738581907933118,-0.32667083652855866
2025-07-11,0.1641704442429732,-1.4221285426797845,-0.04827035188647266
2025-07-12,0.4922518787250584,-1.0703174921595742,0.35181105052021033
2025-07-13,0.8338822560724589,-0.749223823833035,0.3210936683265392
2025-07-14,1.0419214732453088,-0.5736535406387531,0.17557028319428192
2025-07-15,0.936851211072665,-0.8990162292935105,-0.3253626886547575
2025-07-16,0.7513034410844612,-1.1461120147200696,-0.24709578542655908
2025-07-17,0.5434567901234576,-1.1334634606690854,0.012648554050984195
2025-07-18,0.6758107507774341,-1.0323682640869445,0.10109519658214094
2025-07-19,0.609307105108632,-1.3032197562054204,-0.2708514921184759
2025-07-20,0.5760722347629802,-0.7071418754720796,0.5960778807333408
2025-07-21,0.5869434931506856,-0.8724367884789338,-0.16529491300685417
2025-07-22,0.7812279929577483,-1.1620697813555971,-0.28963299287666333
2025-07-23,0.6000725689404942,-0.9815922227005036,0.18047755865509352
2025-07-24,0.6888532675708992,-0.9840872348903308,-0.0024950121898271727
2025-07-25,0.7834319526627224,-0.9382370313663038,0.04585020352402702
2025-07-26,0.3783694454645616,-1.6913904559440192,-0.7531534245777154
2025-07-27,0.2421560402684559,-1.5713307574886934,0.12005969845532571
2025-07-28,0.4726187008447418,-0.8966989447312089,0.6746318127574845
2025-07-29,0.4754084264832325,-1.2795849642118118,-0.38288601948060286
2025-07-30,0.4492584745762712,-1.5805159939052855,-0.30093102969347374
2025-07-31,0.6020963789817587,-1.1954442727397503,0.38507172116553523
2025-08-01,0.5999999999999992,-1.261144253841717,-0.06569998110196673
2025-08-02,0.473994929373416,-1.5306027715486397,-0.26945851770692264
2025-08-03,0.2442995529061099,-1.9561731887400056,-0.4255704171913659
2025-08-04,0.3426382211538474,-1.3692767035053464,0.5868964852346592
2025-08-05,0.5159376571141282,-1.4844252792812804,-0.11514857577593407
2025-08-06,0.4371518654755652,-1.4786398168286572,0.005785462452623236
2025-08-07,0.537496606027694,-1.5743948746712966,-0.09575505784263938
2025-08-08,0.3709202782236509,-1.3558727995634614,0.21852207510783517
2025-08-09,0.6575337186897892,-1.2701461477598517,0.08572665180360972
2025-08-10,0.7382386580251628,-1.168332672303796,0.10181347545605579
2025-08-11,-0.4234036144578318,-2.6735204650826567,-1.5051877927788608
2025-08-12,-0.0683679354094578,-2.380807238889756,0.29271322619290085
2025-08-13,0.4202435723951294,-1.6612045423962598,0.7196026964934961
2025-08-14,0.8917617866004967,-1.18423498821603,0.4769695541802299
2025-08-15,0.540125298329354,-1.5891918336706643,-0.4049568454546344
2025-08-16,0.2491208380097275,-1.8259678952838063,-0.23677606161314202
2025-08-17,0.4145427286356834,-1.1578596302871207,0.6681082649966856
2025-08-18,0.6323784926038954,-0.9058068912811807,0.25205273900593994
2025-08-19,0.0235971575594217,-1.9835732678980933,-1.0777663766169125
2025-08-20,-0.0168062685760606,-2.0572237555821657,-0.07365048768407245
2025-08-21,0.0186297376093285,-1.6852627478390332,0.37196100774313257
2025-08-22,0.2337218543046352,-1.2870948631982126,0.39816788464082054
2025-08-23,0.0323011734028679,-1.7886313774069007,-0.5015365142086881
2025-08-24,-0.0720973782771541,-1.717582636747629,0.07104874065927169
2025-08-25,0.7499294117647068,-1.1684215013993924,0.5491611353482366
2025-08-26,0.827092666823865,-1.1917389881270886,-0.02331748672769618
2025-08-27,0.5078934624697323,-1.3826227850255233,-0.1908837968984347
2025-08-28,0.6855457967377666,-0.6851253700483934,0.6974974149771299
2025-08-29,0.4246984649122798,-1.0454675912260307,-0.36034222117763737
2025-08-30,0.8143167028199564,-1.0718157790766278,-0.026348187850597116
2025-08-31,0.9919366197183092,-1.1523984510357077,-0.08058267195907987
2025-09-01,0.3665300896286813,-2.1747461403126085,-1.0223476892769008
2025-09-02,0.6702987267384918,-1.2695427583479175,0.905203381964691
2025-09-03,0.372722796651894,-0.8309939636193532,0.43854879472856434
2025-09-04,0.5839114391143932,-1.5715113138007113,-0.7405173501813581
2025-09-05,0.6228930507639243,-1.6124907249274356,-0.04097941112672432
2025-09-06,0.0700659868026395,-1.78861817172792,-0.1761274468004843
2025-09-07,0.0174191482548833,-2.6246896951480334,-0.8360715234201135
2025-09-08,0.0895429706905116,-2.212176623310163,0.41251307183787045
2025-09-09,0.454772788383974,-2.059346275664771,0.15283034764539183
2025-09-10,0.5020276226858642,-1.7013477102020227,0.35799856546274844
2025-09-11,-0.0017223105458399,-2.2596131136259685,-0.5582654034239458
2025-09-12,0.3967152153703125,-1.5354814169492723,0.7241316966766962
2025-09-13,0.4757589696412143,-1.3420594064219504,0.19342201052732189
2025-09-14,0.2750195771339079,-2.084466861483763,-0.7424074550618125
2025-09-15,0.3117452688495038,-1.4766692579241665,0.6077976035595964
2025-09-16,0.1495116898490682,-1.7007750529308636,-0.22410579500669714
2025-09-17,0.487430340557276,-1.5251389665864146,0.17563608634444905
2025-09-18,0.80336669699727,-1.1640982541304323,0.36104071245598224
2025-09-19,0.3144927536231882,-1.1951486923840762,-0.03105043825364384
2025-09-20,0.2908187599364067,-1.2881028603586588,-0.09295416797458267
2025-09-21,0.4643682310469318,-1.1341679835612004,0.15393487679745843
2025-09-22,0.155911718339464,-1.8714650686587389,-0.7372970850975384
2025-09-23,0.33883068604258,-1.887942466833858,-0.016477398175119173
2025-09-24,0.5112344342176491,-1.3219631374459129,0.5659793293879452
2025-09-25,0.4236303431667669,-1.4838713933517504,-0.16190825590583757
2025-09-26,0.861900584795323,-0.2668274122644487,1.2170439810873017
2025-09-27,0.8430973451327427,-0.4163995313874011,-0.14957211912295237
2025-09-28,0.3157499010684604,-1.7756152626466912,-1.35921573125929
2025-09-29,0.4492003762935081,-1.9597507988450549,-0.18413553619836365
2025-09-30,0.505907429963459,-1.6313085758084294,0.3284422230366255
2025-10-01,0.5279118889559432,-1.3807082292293684,0.25060034657906094
2025-10-02,0.4146355353075155,-1.1590707928685575,0.2216374363608109
2025-10-03,0.2751289398280792,-1.7301551815350087,-0.5710843886664512
2025-10-04,0.3419591207096031,-2.1550714749787674,-0.4249162934437587
2025-10-05,0.4407309845242016,-1.7870763654229054,0.367995109555862
2025-10-06,0.4569659442724471,-1.3644981627401378,0.4225782026827676
2025-10-07,0.6330732794650332,-1.3041447831694082,0.060353379570729615
2025-10-08,0.4198702983138779,-1.86116497075859,-0.5570201875891818
2025-10-09,0.6319468373123303,-1.241692415760269,0.6194725549983211
2025-10-10,0.6543191361727652,-1.0776435341601815,0.16404888160008735
2025-10-11,0.378111914731632,-1.5165951611780712,-0.4389516270178897
2025-10-12,0.3010801828001658,-2.278141267091168,-0.7615461059130968
2025-10-13,0.7049850448654037,-1.024399986437578,1.2537412806535901
2025-10-14,0.843131695022053,-1.0722135722834578,-0.04781358584587991
2025-10-15,0.8542765787370101,-0.4771385747375585,0.5950749975458993
2025-10-16,0.4918101054969455,-1.275981601054175,-0.7988430263166164
2025-10-17,0.4972938144329899,-1.1870222394865169,0.08895936156765805
2025-10-18,0.48448912597456,-1.307770607038403,-0.12074836755188612
2025-10-19,0.4237996688741738,-1.8217696464486004,-0.5139990394101974
2025-10-20,-0.5026778682068791,-2.793877079532507,-0.9721074330839066
2025-10-21,-0.2822626788036413,-2.7028544823048937,0.0910225972276133
2025-10-22,0.2973676513600471,-2.0180354266172205,0.6848190556876732
2025-10-23,0.3064756789018198,-1.7102323044926706,0.30780312212454985
2025-10-24,0.3805656678801452,-1.2680782253228775,0.4421540791697931
2025-10-25,0.7083453757225447,-0.5921330618948619,0.6759451634280156
2025-10-26,0.3001642036124793,-1.0763226633918046,-0.4841896014969427
2025-10-27,0.2336434108527125,-1.4487653933682596,-0.372442729976455
2025-10-28,0.7662458471760798,-0.3668614391295347,1.081903954238725
2025-10-29,0.574712643678159,-1.2195724437289186,-0.8527110045993839
2025-10-30,0.736332767402376,-0.5881336232323516,0.631438820496567
2025-10-31,0.0310244470314321,-1.2717649735189351,-0.6836313502865835
2025-11-01,-0.1283631946553294,-2.1037164562399404,-0.8319514827210053
2025-11-02,-0.7628828828828826,-3.3419298843903125,-1.238213428150372
2025-11-03,-0.2018961708394695,-2.775550729803382,0.5663791545869303
2025-11-04,-0.4146461107217938,-2.7795274572294053,-0.003976727426023174
2025-11-05,-0.1826983741810236,-2.8201154993022914,-0.04058804207288613
2025-11-06,-0.169688667496887,-2.3284242502293693,0.49169124907292217
2025-11-07,0.3174015483002354,-1.916602521895005,0.41182172833436437
2025-11-08,0.2350083752093797,-2.3391396903030355,-0.4225371684080306
2025-11-09,-0.2908474576271181,-2.885680177541655,-0.5465404872386195
2025-11-10,0.0629453015427766,-2.127396782196413,0.7582833953452419
2025-11-11,-0.1452278589853826,-2.280022067107718,-0.15262528491130478
2025-11-12,0.4164399763453581,-1.8697524059698567,0.4102696611378611
2025-11-13,0.4029806259314459,-1.5696652013281314,0.30008720464172534
2025-11-14,0.2123495883470548,-1.5905731068622035,-0.02090790553407218
2025-11-15,-0.0754797441364605,-1.939720792495313,-0.3491476856331095
2025-11-16,0.3494756554307119,-1.3791891229424615,0.5605316695528515
2025-11-17,-0.5959703075291629,-2.5147522757365057,-1.1355631527940442
2025-11-18,-0.6203760282021142,-2.8820929097274166,-0.3673406339909109
2025-11-19,-0.6285955435516535,-3.0823414414656414,-0.20024853173822477
2025-11-20,-0.5990117746005047,-3.741299272120425,-0.6589578306547836
2025-11-21,-1.1896096549123194,-3.9469567988452585,-0.2056575267248335
2025-11-22,-1.567999999999997,-4.201227279673212,-0.25427048082795345
2025-11-23,-1.0844910330891644,-3.352499464440541,0.8487278152326709
2025-11-24,-0.9813307069380616,-3.310763691631644,0.041735772808896954
2025-11-25,-0.4876324274527871,-2.727558175068244,0.5832055165634
2025-11-26,-0.3993894542090665,-3.0053579390036687,-0.2777997639354246
2025-11-27,0.1130434782608696,-0.1625083042457578,2.842849634757911
2025-11-28,-0.2012178619756427,-1.8830764091235936,-1.7205681048778358
2025-11-29,0.1902772902772901,-1.8707548826961529,0.012321526427440777
2025-11-30,-0.3880830574781826,-2.325499385538758,-0.45474450284260515
2025-12-01,0.0327586206896549,-1.9178119561536529,0.40768742938510516
2025-12-02,0.2365868757738335,-2.120697638244212,-0.20288568209055913
2025-12-03,0.3981774580335736,-1.8822833371090255,0.23841430113518647
2025-12-04,0.5344134639537792,-1.5820702425194886,0.30021309458953693
2025-12-05,0.5795729764181003,-0.6514924932471333,0.9305777492723553
2025-12-06,0.4802499132245747,-1.3696819489770302,-0.7181894557298969
2025-12-07,0.4608851674641154,-1.3164455170453384,0.05323643193169181
2025-12-08,0.0273806237924372,-1.8741986893479443,-0.5577531723026059
2025-12-09,0.1483208504469673,-1.8434760564960944,0.03072263285184995
2025-12-10,0.264416860615464,-1.4549899336735743,0.38848612282252004
2025-12-11,0.3540864626065009,-1.9302364638857252,-0.4752465302121509
2025-12-12,0.7317540006275478,-1.300655472570322,0.6295809913154031
2025-12-13,0.6491103202846975,0.3380458437473983,1.6387013163177204
2025-12-14,0.5891138101664418,-1.3868398352214055,-1.7248856789688038
2025-12-15,0.0484056305659293,-2.053029194182286,-0.6661893589608803
2025-12-16,0.1380213903743323,-1.7558362224883233,0.2971929716939625
2025-12-17,0.1497565429093121,-2.1703602746663644,-0.4145240521780411
2025-12-18,0.4122726038555536,-1.7653572744044936,0.40500300026187075
2025-12-19,0.6302212101496402,-0.8672316613595025,0.8981256130449912
2025-12-20,1.23155172413793,-0.0473061618547077,0.8199254995047948
2025-12-21,0.546989528795811,-1.0503104856169712,-1.0030043237622634
2025-12-22,0.144044943820225,-1.705112388510185,-0.6548019028932139
2025-12-23,0.6012269938650292,-1.5391665679502171,0.16594582055996798
2025-12-24,0.0818445896877269,-1.5986771684294072,-0.0595106004791901
2025-12-25,0.2485309548793281,-1.1351296445919306,0.46354752383747666
2025-12-26,-1.118407337919532,-3.2758473944881743,-2.1407177498962437
2025-12-27,-0.3257711155952725,-2.259170740489348,1.0166766539988261
2025-12-28,-0.1172572178477691,-2.376684402025436,-0.11751366153608789
2025-12-29,-0.1904355503237198,-2.8505916971432255,-0.4739072951177894
2025-12-30,-0.0821230982019362,-2.958100356096111,-0.10750865895288575
2025-12-31,-0.318365353305112,-2.4927345075816523,0.46536584851445895
2026-01-01,0.0822212270488134,-1.1894254109664055,1.3033090966152467
2026-01-02,0.1877052043311209,-1.670663719683943,-0.48123830871753737
2026-01-03,-0.2291056088933805,-1.504816393203275,0.1658473264806679
2026-01-04,-1.2258470894874032,-3.853472169744173,-2.348655776540898
2026-01-05,-0.5471271788250492,-3.033578699677693,0.81989347006648
2026-01-06,-0.1665113182423433,-2.623576835780329,0.41000186389736415
2026-01-07,0.0343401654081265,-1.869453135694072,0.7541237000862568
2026-01-08,-0.2358559882439377,-2.485049966023157,-0.6155968303290851
2026-01-09,-0.0688094457199081,-2.0813876030801888,0.4036623629429683
2026-01-10,0.3579640193067135,-2.0160059330934934,0.06538166998669537
2026-01-11,0.1341075794621026,-2.0836686489408724,-0.06766271584737904
2026-01-12,0.0906865861411312,-2.4374811815153823,-0.35381253257450984
2026-01-13,-0.0634897782896634,-2.2219243857122093,0.215556795803173
2026-01-14,0.1597985050373741,-1.8719783375154344,0.3499460481967749
2026-01-15,0.4866543665436669,-1.3563548866194988,0.5156234508959356
2026-01-16,0.4956796277833166,-1.5793849566397753,-0.22303007002027653
2026-01-17,0.4810208126858264,-1.763673489203056,-0.18428853256328082
2026-01-18,-0.1335243553008595,-2.7553128582649844,-0.9916393690619283
2026-01-19,-0.2963052695336156,-2.4454660611418086,0.30984679712317575
2026-01-20,-0.1919564640297314,-2.320283012393816,0.12518304874799258
2026-01-21,-0.276178582578833,-2.5538682406576685,-0.23358522826385242
2026-01-22,-0.1163270637408569,-2.3424022038279206,0.21146603682974785
2026-01-23,0.2942701664532645,-1.8101254811516656,0.532276722676255
2026-01-24,0.5529025191675788,-1.0765518419849998,0.7335736391666658
2026-01-25,0.0120805369127516,-1.6046636110836807,-0.528111769098681
2026-01-26,-0.0429788403407528,-1.5567199232630216,0.047943687820659164
2026-01-27,0.3831467473524967,-1.6700610226553494,-0.11334109939232784
2026-01-28,0.4515151515151517,-1.5914676366599447,0.07859338599540466
2026-01-29,0.0793459552495697,-2.8014160111899638,-1.209948374530019
2026-01-30,0.2336151028458725,-2.01574306173933,0.7856729494506336
2026-01-31,-0.0667201926936971,-2.2056337903755034,-0.1898907286361733
2026-02-01,-0.0004523026315788,-1.7023792888970195,0.5032545014784839
2026-02-02,0.0336379211878925,-2.129260710756796,-0.4268814218597765
2026-02-03,0.2806725329981141,-1.6408592055880282,0.4884015051687678
2026-02-04,-0.2432432432432431,-2.489950908493578,-0.8490917029055498
2026-02-05,-0.7525132815692694,-3.515311728439851,-1.0253608199462731
2026-02-06,-0.4319074857000755,-3.596316581949156,-0.08100485350930464
2026-02-07,-0.2272997032640951,-2.3210668352158255,1.2752497467333304
2026-02-08,-0.2829843801927542,-2.8327578057901808,-0.5116909705743553
2026-02-09,-0.3296996374935266,-2.659713595490657,0.173044210299524
2026-02-10,0.2339691856199559,-1.7712819472452843,0.8884316482453725
2026-02-11,0.4684597701149438,-1.9003860270737256,-0.1291040798284413
2026-02-12,0.3004329004329007,-2.368332224588723,-0.4679461975149972
2026-02-13,0.4038502673796793,-1.6565289003858916,0.7118033242028312
2026-02-14,-0.1798621190130624,-2.460491285709793,-0.8039623853239013
2026-02-15,-0.1427686590275633,-1.9060274827430757,0.5544638029667173
2026-02-16,-0.0291387313047963,-2.241462106724911,-0.3354346239818353
2026-02-17,0.3611124724332276,-1.872407844871416,0.3690542618534949
2026-02-18,0.5180847995385056,-1.5168377494414216,0.3555700954299945
2026-02-19,0.2587398940618907,-1.820093675907396,-0.30325592646597443
2026-02-20,0.0891074130105902,-1.6865046825228087,0.1335889933845873
2026-02-21,0.0061828952239908,-1.7148581926538224,-0.028353510131013726
2026-02-22,0.2516806722689077,-0.5316818144143974,1.1831763782394251
2026-02-23,0.1291098115659518,-2.018857743824843,-1.4871759294104456
2026-02-24,-0.1453129346314325,-2.52763059647254,-0.5087728526476969
2026-02-25,0.2621864776444916,-2.2211033593789,0.30652723709364027
2026-02-26,0.1023028989433753,-2.018673313452666,0.2024300459262336
2026-02-27,0.2052937915742783,-2.1916843433391207,-0.17301102988645445
2026-02-28,0.1049371633752243,-2.165445417084052,0.02623892625506885
2026-03-01,0.0294913419913421,-2.1928608895629047,-0.027415472478852898
2026-03-02,0.4797768479776847,-1.3784283150766456,0.814432574486259
2026-03-03,0.33751952514839,-1.479817543910779,-0.10138922883413337
2026-03-04,0.1288428324697755,-1.1337998918000027,0.3460176521107763
2026-03-05,0.3476517754868284,-1.5116191352926618,-0.37781924349265905
2026-03-06,-0.2165883734586022,-2.303165963110004,-0.7915468278173423
2026-03-07,-0.345245398773006,-1.9604164149502583,0.3427495481597458
2026-03-08,-0.7891511387163576,-2.766868074784102,-0.8064516598338438
2026-03-09,-0.2872108136210024,-1.893523306887958,0.8733447678961441
2026-03-10,0.1558223599277044,-1.5601626369945607,0.3333606698933973
2026-03-11,0.0811750599520381,-1.5505925962809723,0.009570040713588357
2026-03-12,0.0081316553727013,-1.844275065556016,-0.2936824692750437
2026-03-13,0.1413300835654594,-1.8371784891887752,0.007096576367240814
2026-03-14,0.0714215445154942,-1.6418402821413702,0.195338207047405
2026-03-15,-0.1025525525525525,-1.9199881864844688,-0.27814790434309855
2026-03-16,-0.2061591103507274,-2.454133864517131,-0.5341456780326621
2026-03-17,-0.2541940018744143,-2.7165984768766447,-0.2624646123595138
2026-03-18,0.529536290322581,-1.7800424711451888,0.9365560057314559
2026-03-19,1.0665094339622627,-0.5533953832735026,1.2266470878716862
2026-03-20,1.3125965737319432,0.796965004433627,1.3503603877071295
2026-03-21,0.4034300791556735,-0.687266575813556,-1.484231580247183
2026-03-22,0.4187822497420024,-1.1491195764840498,-0.46185300067049384
2026-03-23,0.5319115815691158,-1.3832315304331173,-0.23411195394906748
2026-03-24,0.4942873144777377,-1.4373697316156404,-0.054138201182523105
2026-03-25,0.5216691505216098,-1.095604302227262,0.3417654293883785
2026-03-26,0.340901666122182,-1.4605373016369452,-0.36493299940968327
2026-03-27,0.5479918032786877,-0.8889581947108052,0.57157910692614
2026-03-28,0.8841276595744662,-0.6246249227296907,0.26433327198111445
2026-03-29,0.8547277936962748,0.0049595511461163,0.6295844738758071
2026-03-30,0.2738782051282062,-1.1675182553322927,-1.172477806478409
2026-03-31,-0.0559613059250299,-2.312880930999148,-1.1453626756668551
2026-04-01,0.1873580620741862,-2.3304471229663326,-0.017566191967184785
2026-04-02,0.317671232876712,-1.3324837028227807,0.9979634201435519
2026-04-03,0.12047172664046,-2.0552074815731887,-0.7227237787504079
2026-04-04,-0.1815634884771802,-2.2868824769084246,-0.23167499533523594
2026-04-05,-0.4745057232049952,-2.2923795397654345,-0.0054970628570099045
2026-04-06,-0.8787993039443154,-3.1277890220161124,-0.8354094822506779
2026-04-07,-0.4624208069356449,-2.222134598889788,0.9056544231263244
2026-04-08,-0.1160621761658033,-1.9844729949653572,0.2376616039244308
2026-04-09,-0.3430229266911971,-2.6280000439102187,-0.6435270489448615
2026-04-10,-0.5987391841779967,-2.668183298806196,-0.040183254895977516
2026-04-11,-0.3775993237531691,-2.4001945577271817,0.2679887410790145
2026-04-12,-0.7668001456133963,-2.938292305499928,-0.5380977477727464
2026-04-13,-0.723791445203746,-3.5126617703597787,-0.5743694648598505
2026-04-14,-0.0539012958367801,-2.5238243959698163,0.9888373743899623
2026-04-15,0.2480949197860963,-2.0444306524934794,0.4793937434763369
