date,external_debt_usd,foreign_reserves_usd,inflation_pct
2021-01-01,96254706293.5,41727503547.2316,16.9528457221608
2021-01-02,96254706293.5,41727503547.2316,16.9528457221608
2021-01-03,96254706293.5,41727503547.2316,16.9528457221608
2021-01-04,96254706293.5,41727503547.2316,16.9528457221608
2021-01-05,96254706293.5,41727503547.2316,16.9528457221608
2021-01-06,96254706293.5,41727503547.2316,16.9528457221608
2021-01-07,96254706293.5,41727503547.2316,16.9528457221608
2021-01-08,96254706293.5,41727503547.2316,16.9528457221608
2021-01-09,96254706293.5,41727503547.2316,16.9528457221608
2021-01-10,96254706293.5,41727503547.2316,16.9528457221608
2021-01-11,96254706293.5,41727503547.2316,16.9528457221608
2021-01-12,96254706293.5,41727503547.2316,16.9528457221608
2021-01-13,96254706293.5,41727503547.2316,16.9528457221608
2021-01-14,96254706293.5,41727503547.2316,16.9528457221608
2021-01-15,96254706293.5,41727503547.2316,16.9528457221608
2021-01-16,96254706293.5,41727503547.2316,16.9528457221608
2021-01-17,96254706293.5,41727503547.2316,16.9528457221608
2021-01-18,96254706293.5,41727503547.2316,16.9528457221608
2021-01-19,96254706293.5,41727503547.2316,16.9528457221608
2021-01-20,96254706293.5,41727503547.2316,16.9528457221608
2021-01-21,96254706293.5,41727503547.2316,16.9528457221608
2021-01-22,96254706293.5,41727503547.2316,16.9528457221608
2021-01-23,96254706293.5,41727503547.2316,16.9528457221608
2021-01-24,96254706293.5,41727503547.2316,16.9528457221608
2021-01-25,96254706293.5,41727503547.2316,16.9528457221608
2021-01-26,96254706293.5,41727503547.2316,16.9528457221608
2021-01-27,96254706293.5,41727503547.2316,16.9528457221608
2021-01-28,96254706293.5,41727503547.2316,16.9528457221608
2021-01-29,96254706293.5,41727503547.2316,16.9528457221608
2021-01-30,96254706293.5,41727503547.2316,16.9528457221608
2021-01-31,96254706293.5,41727503547.2316,16.9528457221608
2021-02-01,96254706293.5,41727503547.2316,16.9528457221608
2021-02-02,96254706293.5,41727503547.2316,16.9528457221608
2021-02-03,96254706293.5,41727503547.2316,16.9528457221608
2021-02-04,96254706293.5,41727503547.2316,16.9528457221608
2021-02-05,96254706293.5,41727503547.2316,16.9528457221608
2021-02-06,96254706293.5,41727503547.2316,16.9528457221608
2021-02-07,96254706293.5,41727503547.2316,16.9528457221608
2021-02-08,96254706293.5,41727503547.2316,16.9528457221608
2021-02-09,96254706293.5,41727503547.2316,16.9528457221608
2021-02-10,96254706293.5,41727503547.2316,16.9528457221608
2021-02-11,96254706293.5,41727503547.2316,16.9528457221608
2021-02-12,96254706293.5,41727503547.2316,16.9528457221608
2021-02-13,96254706293.5,41727503547.2316,16.9528457221608
2021-02-14,96254706293.5,41727503547.2316,16.9528457221608
2021-02-15,96254706293.5,41727503547.2316,16.9528457221608
2021-02-16,96254706293.5,41727503547.2316,16.9528457221608
2021-02-17,96254706293.5,41727503547.2316,16.9528457221608
2021-02-18,96254706293.5,41727503547.2316,16.9528457221608
2021-02-19,96254706293.5,41727503547.2316,16.9528457221608
2021-02-20,96254706293.5,41727503547.2316,16.9528457221608
2021-02-21,96254706293.5,41727503547.2316,16.9528457221608
2021-02-22,96254706293.5,41727503547.2316,16.9528457221608
2021-02-23,96254706293.5,41727503547.2316,16.9528457221608
2021-02-24,96254706293.5,41727503547.2316,16.9528457221608
2021-02-25,96254706293.5,41727503547.2316,16.9528457221608
2021-02-26,96254706293.5,41727503547.2316,16.9528457221608
2021-02-27,96254706293.5,41727503547.2316,16.9528457221608
2021-02-28,96254706293.5,41727503547.2316,16.9528457221608
2021-03-01,96254706293.5,41727503547.2316,16.9528457221608
2021-03-02,96254706293.5,41727503547.2316,16.9528457221608
2021-03-03,96254706293.5,41727503547.2316,16.9528457221608
2021-03-04,96254706293.5,41727503547.2316,16.9528457221608
2021-03-05,96254706293.5,41727503547.2316,16.9528457221608
2021-03-06,96254706293.5,41727503547.2316,16.9528457221608
2021-03-07,96254706293.5,41727503547.2316,16.9528457221608
2021-03-08,96254706293.5,41727503547.2316,16.9528457221608
2021-03-09,96254706293.5,41727503547.2316,16.9528457221608
2021-03-10,96254706293.5,41727503547.2316,16.9528457221608
2021-03-11,96254706293.5,41727503547.2316,16.9528457221608
2021-03-12,96254706293.5,41727503547.2316,16.9528457221608
2021-03-13,96254706293.5,41727503547.2316,16.9528457221608
2021-03-14,96254706293.5,41727503547.2316,16.9528457221608
2021-03-15,96254706293.5,41727503547.2316,16.9528457221608
2021-03-16,96254706293.5,41727503547.2316,16.9528457221608
2021-03-17,96254706293.5,41727503547.2316,16.9528457221608
2021-03-18,96254706293.5,41727503547.2316,16.9528457221608
2021-03-19,96254706293.5,41727503547.2316,16.9528457221608
2021-03-20,96254706293.5,41727503547.2316,16.9528457221608
2021-03-21,96254706293.5,41727503547.2316,16.9528457221608
2021-03-22,96254706293.5,41727503547.2316,16.9528457221608
2021-03-23,96254706293.5,41727503547.2316,16.9528457221608
2021-03-24,96254706293.5,41727503547.2316,16.9528457221608
2021-03-25,96254706293.5,41727503547.2316,16.9528457221608
2021-03-26,96254706293.5,41727503547.2316,16.9528457221608
2021-03-27,96254706293.5,41727503547.2316,16.9528457221608
2021-03-28,96254706293.5,41727503547.2316,16.9528457221608
2021-03-29,96254706293.5,41727503547.2316,16.9528457221608
2021-03-30,96254706293.5,41727503547.2316,16.9528457221608
2021-03-31,96254706293.5,41727503547.2316,16.9528457221608
2021-04-01,96254706293.5,41727503547.2316,16.9528457221608
2021-04-02,96254706293.5,41727503547.2316,16.9528457221608
2021-04-03,96254706293.5,41727503547.2316,16.9528457221608
2021-04-04,96254706293.5,41727503547.2316,16.9528457221608
2021-04-05,96254706293.5,41727503547.2316,16.9528457221608
2021-04-06,96254706293.5,41727503547.2316,16.9528457221608
2021-04-07,96254706293.5,41727503547.2316,16.9528457221608
2021-04-08,96254706293.5,41727503547.2316,16.9528457221608
2021-04-09,96254706293.5,41727503547.2316,16.9528457221608
2021-04-10,96254706293.5,41727503547.2316,16.9528457221608
2021-04-11,96254706293.5,41727503547.2316,16.9528457221608
2021-04-12,96254706293.5,41727503547.2316,16.9528457221608
2021-04-13,96254706293.5,41727503547.2316,16.9528457221608
2021-04-14,96254706293.5,41727503547.2316,16.9528457221608
2021-04-15,96254706293.5,41727503547.2316,16.9528457221608
2021-04-16,96254706293.5,41727503547.2316,16.9528457221608
2021-04-17,96254706293.5,41727503547.2316,16.9528457221608
2021-04-18,96254706293.5,41727503547.2316,16.9528457221608
2021-04-19,96254706293.5,41727503547.2316,16.9528457221608
2021-04-20,96254706293.5,41727503547.2316,16.9528457221608
2021-04-21,96254706293.5,41727503547.2316,16.9528457221608
2021-04-22,96254706293.5,41727503547.2316,16.9528457221608
2021-04-23,96254706293.5,41727503547.2316,16.9528457221608
2021-04-24,96254706293.5,41727503547.2316,16.9528457221608
2021-04-25,96254706293.5,41727503547.2316,16.9528457221608
2021-04-26,96254706293.5,41727503547.2316,16.9528457221608
2021-04-27,96254706293.5,41727503547.2316,16.9528457221608
2021-04-28,96254706293.5,41727503547.2316,16.9528457221608
2021-04-29,96254706293.5,41727503547.2316,16.9528457221608
2021-04-30,96254706293.5,41727503547.2316,16.9528457221608
2021-05-01,96254706293.5,41727503547.2316,16.9528457221608
2021-05-02,96254706293.5,41727503547.2316,16.9528457221608
2021-05-03,96254706293.5,41727503547.2316,16.9528457221608
2021-05-04,96254706293.5,41727503547.2316,16.9528457221608
2021-05-05,96254706293.5,41727503547.2316,16.9528457221608
2021-05-06,96254706293.5,41727503547.2316,16.9528457221608
2021-05-07,96254706293.5,41727503547.2316,16.9528457221608
2021-05-08,96254706293.5,41727503547.2316,16.9528457221608
2021-05-09,96254706293.5,41727503547.2316,16.9528457221608
2021-05-10,96254706293.5,41727503547.2316,16.9528457221608
2021-05-11,96254706293.5,41727503547.2316,16.9528457221608
2021-05-12,96254706293.5,41727503547.2316,16.9528457221608
2021-05-13,96254706293.5,41727503547.2316,16.9528457221608
2021-05-14,96254706293.5,41727503547.2316,16.9528457221608
2021-05-15,96254706293.5,41727503547.2316,16.9528457221608
2021-05-16,96254706293.5,41727503547.2316,16.9528457221608
2021-05-17,96254706293.5,41727503547.2316,16.9528457221608
2021-05-18,96254706293.5,41727503547.2316,16.9528457221608
2021-05-19,96254706293.5,41727503547.2316,16.9528457221608
2021-05-20,96254706293.5,41727503547.2316,16.9528457221608
2021-05-21,96254706293.5,41727503547.2316,16.9528457221608
2021-05-22,96254706293.5,41727503547.2316,16.9528457221608
2021-05-23,96254706293.5,41727503547.2316,16.9528457221608
2021-05-24,96254706293.5,41727503547.2316,16.9528457221608
2021-05-25,96254706293.5,41727503547.2316,16.9528457221608
2021-05-26,96254706293.5,41727503547.2316,16.9528457221608
2021-05-27,96254706293.5,41727503547.2316,16.9528457221608
2021-05-28,96254706293.5,41727503547.2316,16.9528457221608
2021-05-29,96254706293.5,41727503547.2316,16.9528457221608
2021-05-30,96254706293.5,41727503547.2316,16.9528457221608
2021-05-31,96254706293.5,41727503547.2316,16.9528457221608
2021-06-01,96254706293.5,41727503547.2316,16.9528457221608
2021-06-02,96254706293.5,41727503547.2316,16.9528457221608
2021-06-03,96254706293.5,41727503547.2316,16.9528457221608
2021-06-04,96254706293.5,41727503547.2316,16.9528457221608
2021-06-05,96254706293.5,41727503547.2316,16.9528457221608
2021-06-06,96254706293.5,41727503547.2316,16.9528457221608
2021-06-07,96254706293.5,41727503547.2316,16.9528457221608
2021-06-08,96254706293.5,41727503547.2316,16.9528457221608
2021-06-09,96254706293.5,41727503547.2316,16.9528457221608
2021-06-10,96254706293.5,41727503547.2316,16.9528457221608
2021-06-11,96254706293.5,41727503547.2316,16.9528457221608
2021-06-12,96254706293.5,41727503547.2316,16.9528457221608
2021-06-13,96254706293.5,41727503547.2316,16.9528457221608
2021-06-14,96254706293.5,41727503547.2316,16.9528457221608
2021-06-15,96254706293.5,41727503547.2316,16.9528457221608
2021-06-16,96254706293.5,41727503547.2316,16.9528457221608
2021-06-17,96254706293.5,41727503547.2316,16.9528457221608
2021-06-18,96254706293.5,41727503547.2316,16.9528457221608
2021-06-19,96254706293.5,41727503547.2316,16.9528457221608
2021-06-20,96254706293.5,41727503547.2316,16.9528457221608
2021-06-21,96254706293.5,41727503547.2316,16.9528457221608
2021-06-22,96254706293.5,41727503547.2316,16.9528457221608
2021-06-23,96254706293.5,41727503547.2316,16.9528457221608
2021-06-24,96254706293.5,41727503547.2316,16.9528457221608
2021-06-25,96254706293.5,41727503547.2316,16.9528457221608
2021-06-26,96254706293.5,41727503547.2316,16.9528457221608
2021-06-27,96254706293.5,41727503547.2316,16.9528457221608
2021-06-28,96254706293.5,41727503547.2316,16.9528457221608
2021-06-29,96254706293.5,41727503547.2316,16.9528457221608
2021-06-30,96254706293.5,41727503547.2316,16.9528457221608
2021-07-01,96254706293.5,41727503547.2316,16.9528457221608
2021-07-02,96254706293.5,41727503547.2316,16.9528457221608
2021-07-03,96254706293.5,41727503547.2316,16.9528457221608
2021-07-04,96254706293.5,41727503547.2316,16.9528457221608
2021-07-05,96254706293.5,41727503547.2316,16.9528457221608
2021-07-06,96254706293.5,41727503547.2316,16.9528457221608
2021-07-07,96254706293.5,41727503547.2316,16.9528457221608
2021-07-08,96254706293.5,41727503547.2316,16.9528457221608
2021-07-09,96254706293.5,41727503547.2316,16.9528457221608
2021-07-10,96254706293.5,41727503547.2316,16.9528457221608
2021-07-11,96254706293.5,41727503547.2316,16.9528457221608
2021-07-12,96254706293.5,41727503547.2316,16.9528457221608
2021-07-13,96254706293.5,41727503547.2316,16.9528457221608
2021-07-14,96254706293.5,41727503547.2316,16.9528457221608
2021-07-15,96254706293.5,41727503547.2316,16.9528457221608
2021-07-16,96254706293.5,41727503547.2316,16.9528457221608
2021-07-17,96254706293.5,41727503547.2316,16.9528457221608
2021-07-18,96254706293.5,41727503547.2316,16.9528457221608
2021-07-19,96254706293.5,41727503547.2316,16.9528457221608
2021-07-20,96254706293.5,41727503547.2316,16.9528457221608
2021-07-21,96254706293.5,41727503547.2316,16.9528457221608
2021-07-22,96254706293.5,41727503547.2316,16.9528457221608
2021-07-23,96254706293.5,41727503547.2316,16.9528457221608
2021-07-24,96254706293.5,41727503547.2316,16.9528457221608
2021-07-25,96254706293.5,41727503547.2316,16.9528457221608
2021-07-26,96254706293.5,41727503547.2316,16.9528457221608
2021-07-27,96254706293.5,41727503547.2316,16.9528457221608
2021-07-28,96254706293.5,41727503547.2316,16.9528457221608
2021-07-29,96254706293.5,41727503547.2316,16.9528457221608
2021-07-30,96254706293.5,41727503547.2316,16.9528457221608
2021-07-31,96254706293.5,41727503547.2316,16.9528457221608
2021-08-01,96254706293.5,41727503547.2316,16.9528457221608
2021-08-02,96254706293.5,41727503547.2316,16.9528457221608
2021-08-03,96254706293.5,41727503547.2316,16.9528457221608
2021-08-04,96254706293.5,41727503547.2316,16.9528457221608
2021-08-05,96254706293.5,41727503547.2316,16.9528457221608
2021-08-06,96254706293.5,41727503547.2316,16.9528457221608
2021-08-07,96254706293.5,41727503547.2316,16.9528457221608
2021-08-08,96254706293.5,41727503547.2316,16.9528457221608
2021-08-09,96254706293.5,41727503547.2316,16.9528457221608
2021-08-10,96254706293.5,41727503547.2316,16.9528457221608
2021-08-11,96254706293.5,41727503547.2316,16.9528457221608
2021-08-12,96254706293.5,41727503547.2316,16.9528457221608
2021-08-13,96254706293.5,41727503547.2316,16.9528457221608
2021-08-14,96254706293.5,41727503547.2316,16.9528457221608
2021-08-15,96254706293.5,41727503547.2316,16.9528457221608
2021-08-16,96254706293.5,41727503547.2316,16.9528457221608
2021-08-17,96254706293.5,41727503547.2316,16.9528457221608
2021-08-18,96254706293.5,41727503547.2316,16.9528457221608
2021-08-19,96254706293.5,41727503547.2316,16.9528457221608
2021-08-20,96254706293.5,41727503547.2316,16.9528457221608
2021-08-21,96254706293.5,41727503547.2316,16.9528457221608
2021-08-22,96254706293.5,41727503547.2316,16.9528457221608
2021-08-23,96254706293.5,41727503547.2316,16.9528457221608
2021-08-24,96254706293.5,41727503547.2316,16.9528457221608
2021-08-25,96254706293.5,41727503547.2316,16.9528457221608
2021-08-26,96254706293.5,41727503547.2316,16.9528457221608
2021-08-27,96254706293.5,41727503547.2316,16.9528457221608
2021-08-28,96254706293.5,41727503547.2316,16.9528457221608
2021-08-29,96254706293.5,41727503547.2316,16.9528457221608
2021-08-30,96254706293.5,41727503547.2316,16.9528457221608
2021-08-31,96254706293.5,41727503547.2316,16.9528457221608
2021-09-01,96254706293.5,41727503547.2316,16.9528457221608
2021-09-02,96254706293.5,41727503547.2316,16.9528457221608
2021-09-03,96254706293.5,41727503547.2316,16.9528457221608
2021-09-04,96254706293.5,41727503547.2316,16.9528457221608
2021-09-05,96254706293.5,41727503547.2316,16.9528457221608
2021-09-06,96254706293.5,41727503547.2316,16.9528457221608
2021-09-07,96254706293.5,41727503547.2316,16.9528457221608
2021-09-08,96254706293.5,41727503547.2316,16.9528457221608
2021-09-09,96254706293.5,41727503547.2316,16.9528457221608
2021-09-10,96254706293.5,41727503547.2316,16.9528457221608
2021-09-11,96254706293.5,41727503547.2316,16.9528457221608
2021-09-12,96254706293.5,41727503547.2316,16.9528457221608
2021-09-13,96254706293.5,41727503547.2316,16.9528457221608
2021-09-14,96254706293.5,41727503547.2316,16.9528457221608
2021-09-15,96254706293.5,41727503547.2316,16.9528457221608
2021-09-16,96254706293.5,41727503547.2316,16.9528457221608
2021-09-17,96254706293.5,41727503547.2316,16.9528457221608
2021-09-18,96254706293.5,41727503547.2316,16.9528457221608
2021-09-19,96254706293.5,41727503547.2316,16.9528457221608
2021-09-20,96254706293.5,41727503547.2316,16.9528457221608
2021-09-21,96254706293.5,41727503547.2316,16.9528457221608
2021-09-22,96254706293.5,41727503547.2316,16.9528457221608
2021-09-23,96254706293.5,41727503547.2316,16.9528457221608
2021-09-24,96254706293.5,41727503547.2316,16.9528457221608
2021-09-25,96254706293.5,41727503547.2316,16.9528457221608
2021-09-26,96254706293.5,41727503547.2316,16.9528457221608
2021-09-27,96254706293.5,41727503547.2316,16.9528457221608
2021-09-28,96254706293.5,41727503547.2316,16.9528457221608
2021-09-29,96254706293.5,41727503547.2316,16.9528457221608
2021-09-30,96254706293.5,41727503547.2316,16.9528457221608
2021-10-01,96254706293.5,41727503547.2316,16.9528457221608
2021-10-02,96254706293.5,41727503547.2316,16.9528457221608
2021-10-03,96254706293.5,41727503547.2316,16.9528457221608
2021-10-04,96254706293.5,41727503547.2316,16.9528457221608
2021-10-05,96254706293.5,41727503547.2316,16.9528457221608
2021-10-06,96254706293.5,41727503547.2316,16.9528457221608
2021-10-07,96254706293.5,41727503547.2316,16.9528457221608
2021-10-08,96254706293.5,41727503547.2316,16.9528457221608
2021-10-09,96254706293.5,41727503547.2316,16.9528457221608
2021-10-10,96254706293.5,41727503547.2316,16.9528457221608
2021-10-11,96254706293.5,41727503547.2316,16.9528457221608
2021-10-12,96254706293.5,41727503547.2316,16.9528457221608
2021-10-13,96254706293.5,41727503547.2316,16.9528457221608
2021-10-14,96254706293.5,41727503547.2316,16.9528457221608
2021-10-15,96254706293.5,41727503547.2316,16.9528457221608
2021-10-16,96254706293.5,41727503547.2316,16.9528457221608
2021-10-17,96254706293.5,41727503547.2316,16.9528457221608
2021-10-18,96254706293.5,41727503547.2316,16.9528457221608
2021-10-19,96254706293.5,41727503547.2316,16.9528457221608
2021-10-20,96254706293.5,41727503547.2316,16.9528457221608
2021-10-21,96254706293.5,41727503547.2316,16.9528457221608
2021-10-22,96254706293.5,41727503547.2316,16.9528457221608
2021-10-23,96254706293.5,41727503547.2316,16.9528457221608
2021-10-24,96254706293.5,41727503547.2316,16.9528457221608
2021-10-25,96254706293.5,41727503547.2316,16.9528457221608
2021-10-26,96254706293.5,41727503547.2316,16.9528457221608
2021-10-27,96254706293.5,41727503547.2316,16.9528457221608
2021-10-28,96254706293.5,41727503547.2316,16.9528457221608
2021-10-29,96254706293.5,41727503547.2316,16.9528457221608
2021-10-30,96254706293.5,41727503547.2316,16.9528457221608
2021-10-31,96254706293.5,41727503547.2316,16.9528457221608
2021-11-01,96254706293.5,41727503547.2316,16.9528457221608
2021-11-02,96254706293.5,41727503547.2316,16.9528457221608
2021-11-03,96254706293.5,41727503547.2316,16.9528457221608
2021-11-04,96254706293.5,41727503547.2316,16.9528457221608
2021-11-05,96254706293.5,41727503547.2316,16.9528457221608
2021-11-06,96254706293.5,41727503547.2316,16.9528457221608
2021-11-07,96254706293.5,41727503547.2316,16.9528457221608
2021-11-08,96254706293.5,41727503547.2316,16.9528457221608
2021-11-09,96254706293.5,41727503547.2316,16.9528457221608
2021-11-10,96254706293.5,41727503547.2316,16.9528457221608
2021-11-11,96254706293.5,41727503547.2316,16.9528457221608
2021-11-12,96254706293.5,41727503547.2316,16.9528457221608
2021-11-13,96254706293.5,41727503547.2316,16.9528457221608
2021-11-14,96254706293.5,41727503547.2316,16.9528457221608
2021-11-15,96254706293.5,41727503547.2316,16.9528457221608
2021-11-16,96254706293.5,41727503547.2316,16.9528457221608
2021-11-17,96254706293.5,41727503547.2316,16.9528457221608
2021-11-18,96254706293.5,41727503547.2316,16.9528457221608
2021-11-19,96254706293.5,41727503547.2316,16.9528457221608
2021-11-20,96254706293.5,41727503547.2316,16.9528457221608
2021-11-21,96254706293.5,41727503547.2316,16.9528457221608
2021-11-22,96254706293.5,41727503547.2316,16.9528457221608
2021-11-23,96254706293.5,41727503547.2316,16.9528457221608
2021-11-24,96254706293.5,41727503547.2316,16.9528457221608
2021-11-25,96254706293.5,41727503547.2316,16.9528457221608
2021-11-26,96254706293.5,41727503547.2316,16.9528457221608
2021-11-27,96254706293.5,41727503547.2316,16.9528457221608
2021-11-28,96254706293.5,41727503547.2316,16.9528457221608
2021-11-29,96254706293.5,41727503547.2316,16.9528457221608
2021-11-30,96254706293.5,41727503547.2316,16.9528457221608
2021-12-01,96254706293.5,41727503547.2316,16.9528457221608
2021-12-02,96254706293.5,41727503547.2316,16.9528457221608
2021-12-03,96254706293.5,41727503547.2316,16.9528457221608
2021-12-04,96254706293.5,41727503547.2316,16.9528457221608
2021-12-05,96254706293.5,41727503547.2316,16.9528457221608
2021-12-06,96254706293.5,41727503547.2316,16.9528457221608
2021-12-07,96254706293.5,41727503547.2316,16.9528457221608
2021-12-08,96254706293.5,41727503547.2316,16.9528457221608
2021-12-09,96254706293.5,41727503547.2316,16.9528457221608
2021-12-10,96254706293.5,41727503547.2316,16.9528457221608
2021-12-11,96254706293.5,41727503547.2316,16.9528457221608
2021-12-12,96254706293.5,41727503547.2316,16.9528457221608
2021-12-13,96254706293.5,41727503547.2316,16.9528457221608
2021-12-14,96254706293.5,41727503547.2316,16.9528457221608
2021-12-15,96254706293.5,41727503547.2316,16.9528457221608
2021-12-16,96254706293.5,41727503547.2316,16.9528457221608
2021-12-17,96254706293.5,41727503547.2316,16.9528457221608
2021-12-18,96254706293.5,41727503547.2316,16.9528457221608
2021-12-19,96254706293.5,41727503547.2316,16.9528457221608
2021-12-20,96254706293.5,41727503547.2316,16.9528457221608
2021-12-21,96254706293.5,41727503547.2316,16.9528457221608
2021-12-22,96254706293.5,41727503547.2316,16.9528457221608
2021-12-23,96254706293.5,41727503547.2316,16.9528457221608
2021-12-24,96254706293.5,41727503547.2316,16.9528457221608
2021-12-25,96254706293.5,41727503547.2316,16.9528457221608
2021-12-26,96254706293.5,41727503547.2316,16.9528457221608
2021-12-27,96254706293.5,41727503547.2316,16.9528457221608
2021-12-28,96254706293.5,41727503547.2316,16.9528457221608
2021-12-29,96254706293.5,41727503547.2316,16.9528457221608
2021-12-30,96254706293.5,41727503547.2316,16.9528457221608
2021-12-31,96254706293.5,41727503547.2316,16.9528457221608
2022-01-01,103064224482.6,36809762970.197,18.8471877843274
2022-01-02,103064224482.6,36809762970.197,18.8471877843274
2022-01-03,103064224482.6,36809762970.197,18.8471877843274
2022-01-04,103064224482.6,36809762970.197,18.8471877843274
2022-01-05,103064224482.6,36809762970.197,18.8471877843274
2022-01-06,103064224482.6,36809762970.197,18.8471877843274
2022-01-07,103064224482.6,36809762970.197,18.8471877843274
2022-01-08,103064224482.6,36809762970.197,18.8471877843274
2022-01-09,103064224482.6,36809762970.197,18.8471877843274
2022-01-10,103064224482.6,36809762970.197,18.8471877843274
2022-01-11,103064224482.6,36809762970.197,18.8471877843274
2022-01-12,103064224482.6,36809762970.197,18.8471877843274
2022-01-13,103064224482.6,36809762970.197,18.8471877843274
2022-01-14,103064224482.6,36809762970.197,18.8471877843274
2022-01-15,103064224482.6,36809762970.197,18.8471877843274
2022-01-16,103064224482.6,36809762970.197,18.8471877843274
2022-01-17,103064224482.6,36809762970.197,18.8471877843274
2022-01-18,103064224482.6,36809762970.197,18.8471877843274
2022-01-19,103064224482.6,36809762970.197,18.8471877843274
2022-01-20,103064224482.6,36809762970.197,18.8471877843274
2022-01-21,103064224482.6,36809762970.197,18.8471877843274
2022-01-22,103064224482.6,36809762970.197,18.8471877843274
2022-01-23,103064224482.6,36809762970.197,18.8471877843274
2022-01-24,103064224482.6,36809762970.197,18.8471877843274
2022-01-25,103064224482.6,36809762970.197,18.8471877843274
2022-01-26,103064224482.6,36809762970.197,18.8471877843274
2022-01-27,103064224482.6,36809762970.197,18.8471877843274
2022-01-28,103064224482.6,36809762970.197,18.8471877843274
2022-01-29,103064224482.6,36809762970.197,18.8471877843274
2022-01-30,103064224482.6,36809762970.197,18.8471877843274
2022-01-31,103064224482.6,36809762970.197,18.8471877843274
2022-02-01,103064224482.6,36809762970.197,18.8471877843274
2022-02-02,103064224482.6,36809762970.197,18.8471877843274
2022-02-03,103064224482.6,36809762970.197,18.8471877843274
2022-02-04,103064224482.6,36809762970.197,18.8471877843274
2022-02-05,103064224482.6,36809762970.197,18.8471877843274
2022-02-06,103064224482.6,36809762970.197,18.8471877843274
2022-02-07,103064224482.6,36809762970.197,18.8471877843274
2022-02-08,103064224482.6,36809762970.197,18.8471877843274
2022-02-09,103064224482.6,36809762970.197,18.8471877843274
2022-02-10,103064224482.6,36809762970.197,18.8471877843274
2022-02-11,103064224482.6,36809762970.197,18.8471877843274
2022-02-12,103064224482.6,36809762970.197,18.8471877843274
2022-02-13,103064224482.6,36809762970.197,18.8471877843274
2022-02-14,103064224482.6,36809762970.197,18.8471877843274
2022-02-15,103064224482.6,36809762970.197,18.8471877843274
2022-02-16,103064224482.6,36809762970.197,18.8471877843274
2022-02-17,103064224482.6,36809762970.197,18.8471877843274
2022-02-18,103064224482.6,36809762970.197,18.8471877843274
2022-02-19,103064224482.6,36809762970.197,18.8471877843274
2022-02-20,103064224482.6,36809762970.197,18.8471877843274
2022-02-21,103064224482.6,36809762970.197,18.8471877843274
2022-02-22,103064224482.6,36809762970.197,18.8471877843274
2022-02-23,103064224482.6,36809762970.197,18.8471877843274
2022-02-24,103064224482.6,36809762970.197,18.8471877843274
2022-02-25,103064224482.6,36809762970.197,18.8471877843274
2022-02-26,103064224482.6,36809762970.197,18.8471877843274
2022-02-27,103064224482.6,36809762970.197,18.8471877843274
2022-02-28,103064224482.6,36809762970.197,18.8471877843274
2022-03-01,103064224482.6,36809762970.197,18.8471877843274
2022-03-02,103064224482.6,36809762970.197,18.8471877843274
2022-03-03,103064224482.6,36809762970.197,18.8471877843274
2022-03-04,103064224482.6,36809762970.197,18.8471877843274
2022-03-05,103064224482.6,36809762970.197,18.8471877843274
2022-03-06,103064224482.6,36809762970.197,18.8471877843274
2022-03-07,103064224482.6,36809762970.197,18.8471877843274
2022-03-08,103064224482.6,36809762970.197,18.8471877843274
2022-03-09,103064224482.6,36809762970.197,18.8471877843274
2022-03-10,103064224482.6,36809762970.197,18.8471877843274
2022-03-11,103064224482.6,36809762970.197,18.8471877843274
2022-03-12,103064224482.6,36809762970.197,18.8471877843274
2022-03-13,103064224482.6,36809762970.197,18.8471877843274
2022-03-14,103064224482.6,36809762970.197,18.8471877843274
2022-03-15,103064224482.6,36809762970.197,18.8471877843274
2022-03-16,103064224482.6,36809762970.197,18.8471877843274
2022-03-17,103064224482.6,36809762970.197,18.8471877843274
2022-03-18,103064224482.6,36809762970.197,18.8471877843274
2022-03-19,103064224482.6,36809762970.197,18.8471877843274
2022-03-20,103064224482.6,36809762970.197,18.8471877843274
2022-03-21,103064224482.6,36809762970.197,18.8471877843274
2022-03-22,103064224482.6,36809762970.197,18.8471877843274
2022-03-23,103064224482.6,36809762970.197,18.8471877843274
2022-03-24,103064224482.6,36809762970.197,18.8471877843274
2022-03-25,103064224482.6,36809762970.197,18.8471877843274
2022-03-26,103064224482.6,36809762970.197,18.8471877843274
2022-03-27,103064224482.6,36809762970.197,18.8471877843274
2022-03-28,103064224482.6,36809762970.197,18.8471877843274
2022-03-29,103064224482.6,36809762970.197,18.8471877843274
2022-03-30,103064224482.6,36809762970.197,18.8471877843274
2022-03-31,103064224482.6,36809762970.197,18.8471877843274
2022-04-01,103064224482.6,36809762970.197,18.8471877843274
2022-04-02,103064224482.6,36809762970.197,18.8471877843274
2022-04-03,103064224482.6,36809762970.197,18.8471877843274
2022-04-04,103064224482.6,36809762970.197,18.8471877843274
2022-04-05,103064224482.6,36809762970.197,18.8471877843274
2022-04-06,103064224482.6,36809762970.197,18.8471877843274
2022-04-07,103064224482.6,36809762970.197,18.8471877843274
2022-04-08,103064224482.6,36809762970.197,18.8471877843274
2022-04-09,103064224482.6,36809762970.197,18.8471877843274
2022-04-10,103064224482.6,36809762970.197,18.8471877843274
2022-04-11,103064224482.6,36809762970.197,18.8471877843274
2022-04-12,103064224482.6,36809762970.197,18.8471877843274
2022-04-13,103064224482.6,36809762970.197,18.8471877843274
2022-04-14,103064224482.6,36809762970.197,18.8471877843274
2022-04-15,103064224482.6,36809762970.197,18.8471877843274
2022-04-16,103064224482.6,36809762970.197,18.8471877843274
2022-04-17,103064224482.6,36809762970.197,18.8471877843274
2022-04-18,103064224482.6,36809762970.197,18.8471877843274
2022-04-19,103064224482.6,36809762970.197,18.8471877843274
2022-04-20,103064224482.6,36809762970.197,18.8471877843274
2022-04-21,103064224482.6,36809762970.197,18.8471877843274
2022-04-22,103064224482.6,36809762970.197,18.8471877843274
2022-04-23,103064224482.6,36809762970.197,18.8471877843274
2022-04-24,103064224482.6,36809762970.197,18.8471877843274
2022-04-25,103064224482.6,36809762970.197,18.8471877843274
2022-04-26,103064224482.6,36809762970.197,18.8471877843274
2022-04-27,103064224482.6,36809762970.197,18.8471877843274
2022-04-28,103064224482.6,36809762970.197,18.8471877843274
2022-04-29,103064224482.6,36809762970.197,18.8471877843274
2022-04-30,103064224482.6,36809762970.197,18.8471877843274
2022-05-01,103064224482.6,36809762970.197,18.8471877843274
2022-05-02,103064224482.6,36809762970.197,18.8471877843274
2022-05-03,103064224482.6,36809762970.197,18.8471877843274
2022-05-04,103064224482.6,36809762970.197,18.8471877843274
2022-05-05,103064224482.6,36809762970.197,18.8471877843274
2022-05-06,103064224482.6,36809762970.197,18.8471877843274
2022-05-07,103064224482.6,36809762970.197,18.8471877843274
2022-05-08,103064224482.6,36809762970.197,18.8471877843274
2022-05-09,103064224482.6,36809762970.197,18.8471877843274
2022-05-10,103064224482.6,36809762970.197,18.8471877843274
2022-05-11,103064224482.6,36809762970.197,18.8471877843274
2022-05-12,103064224482.6,36809762970.197,18.8471877843274
2022-05-13,103064224482.6,36809762970.197,18.8471877843274
2022-05-14,103064224482.6,36809762970.197,18.8471877843274
2022-05-15,103064224482.6,36809762970.197,18.8471877843274
2022-05-16,103064224482.6,36809762970.197,18.8471877843274
2022-05-17,103064224482.6,36809762970.197,18.8471877843274
2022-05-18,103064224482.6,36809762970.197,18.8471877843274
2022-05-19,103064224482.6,36809762970.197,18.8471877843274
2022-05-20,103064224482.6,36809762970.197,18.8471877843274
2022-05-21,103064224482.6,36809762970.197,18.8471877843274
2022-05-22,103064224482.6,36809762970.197,18.8471877843274
2022-05-23,103064224482.6,36809762970.197,18.8471877843274
2022-05-24,103064224482.6,36809762970.197,18.8471877843274
2022-05-25,103064224482.6,36809762970.197,18.8471877843274
2022-05-26,103064224482.6,36809762970.197,18.8471877843274
2022-05-27,103064224482.6,36809762970.197,18.8471877843274
2022-05-28,103064224482.6,36809762970.197,18.8471877843274
2022-05-29,103064224482.6,36809762970.197,18.8471877843274
2022-05-30,103064224482.6,36809762970.197,18.8471877843274
2022-05-31,103064224482.6,36809762970.197,18.8471877843274
2022-06-01,103064224482.6,36809762970.197,18.8471877843274
2022-06-02,103064224482.6,36809762970.197,18.8471877843274
2022-06-03,103064224482.6,36809762970.197,18.8471877843274
2022-06-04,103064224482.6,36809762970.197,18.8471877843274
2022-06-05,103064224482.6,36809762970.197,18.8471877843274
2022-06-06,103064224482.6,36809762970.197,18.8471877843274
2022-06-07,103064224482.6,36809762970.197,18.8471877843274
2022-06-08,103064224482.6,36809762970.197,18.8471877843274
2022-06-09,103064224482.6,36809762970.197,18.8471877843274
2022-06-10,103064224482.6,36809762970.197,18.8471877843274
2022-06-11,103064224482.6,36809762970.197,18.8471877843274
2022-06-12,103064224482.6,36809762970.197,18.8471877843274
2022-06-13,103064224482.6,36809762970.197,18.8471877843274
2022-06-14,103064224482.6,36809762970.197,18.8471877843274
2022-06-15,103064224482.6,36809762970.197,18.8471877843274
2022-06-16,103064224482.6,36809762970.197,18.8471877843274
2022-06-17,103064224482.6,36809762970.197,18.8471877843274
2022-06-18,103064224482.6,36809762970.197,18.8471877843274
2022-06-19,103064224482.6,36809762970.197,18.8471877843274
2022-06-20,103064224482.6,36809762970.197,18.8471877843274
2022-06-21,103064224482.6,36809762970.197,18.8471877843274
2022-06-22,103064224482.6,36809762970.197,18.8471877843274
2022-06-23,103064224482.6,36809762970.197,18.8471877843274
2022-06-24,103064224482.6,36809762970.197,18.8471877843274
2022-06-25,103064224482.6,36809762970.197,18.8471877843274
2022-06-26,103064224482.6,36809762970.197,18.8471877843274
2022-06-27,103064224482.6,36809762970.197,18.8471877843274
2022-06-28,103064224482.6,36809762970.197,18.8471877843274
2022-06-29,103064224482.6,36809762970.197,18.8471877843274
2022-06-30,103064224482.6,36809762970.197,18.8471877843274
2022-07-01,103064224482.6,36809762970.197,18.8471877843274
2022-07-02,103064224482.6,36809762970.197,18.8471877843274
2022-07-03,103064224482.6,36809762970.197,18.8471877843274
2022-07-04,103064224482.6,36809762970.197,18.8471877843274
2022-07-05,103064224482.6,36809762970.197,18.8471877843274
2022-07-06,103064224482.6,36809762970.197,18.8471877843274
2022-07-07,103064224482.6,36809762970.197,18.8471877843274
2022-07-08,103064224482.6,36809762970.197,18.8471877843274
2022-07-09,103064224482.6,36809762970.197,18.8471877843274
2022-07-10,103064224482.6,36809762970.197,18.8471877843274
2022-07-11,103064224482.6,36809762970.197,18.8471877843274
2022-07-12,103064224482.6,36809762970.197,18.8471877843274
2022-07-13,103064224482.6,36809762970.197,18.8471877843274
2022-07-14,103064224482.6,36809762970.197,18.8471877843274
2022-07-15,103064224482.6,36809762970.197,18.8471877843274
2022-07-16,103064224482.6,36809762970.197,18.8471877843274
2022-07-17,103064224482.6,36809762970.197,18.8471877843274
2022-07-18,103064224482.6,36809762970.197,18.8471877843274
2022-07-19,103064224482.6,36809762970.197,18.8471877843274
2022-07-20,103064224482.6,36809762970.197,18.8471877843274
2022-07-21,103064224482.6,36809762970.197,18.8471877843274
2022-07-22,103064224482.6,36809762970.197,18.8471877843274
2022-07-23,103064224482.6,36809762970.197,18.8471877843274
2022-07-24,103064224482.6,36809762970.197,18.8471877843274
2022-07-25,103064224482.6,36809762970.197,18.8471877843274
2022-07-26,103064224482.6,36809762970.197,18.8471877843274
2022-07-27,103064224482.6,36809762970.197,18.8471877843274
2022-07-28,103064224482.6,36809762970.197,18.8471877843274
2022-07-29,103064224482.6,36809762970.197,18.8471877843274
2022-07-30,103064224482.6,36809762970.197,18.8471877843274
2022-07-31,103064224482.6,36809762970.197,18.8471877843274
2022-08-01,103064224482.6,36809762970.197,18.8471877843274
2022-08-02,103064224482.6,36809762970.197,18.8471877843274
2022-08-03,103064224482.6,36809762970.197,18.8471877843274
2022-08-04,103064224482.6,36809762970.197,18.8471877843274
2022-08-05,103064224482.6,36809762970.197,18.8471877843274
2022-08-06,103064224482.6,36809762970.197,18.8471877843274
2022-08-07,103064224482.6,36809762970.197,18.8471877843274
2022-08-08,103064224482.6,36809762970.197,18.8471877843274
2022-08-09,103064224482.6,36809762970.197,18.8471877843274
2022-08-10,103064224482.6,36809762970.197,18.8471877843274
2022-08-11,103064224482.6,36809762970.197,18.8471877843274
2022-08-12,103064224482.6,36809762970.197,18.8471877843274
2022-08-13,103064224482.6,36809762970.197,18.8471877843274
2022-08-14,103064224482.6,36809762970.197,18.8471877843274
2022-08-15,103064224482.6,36809762970.197,18.8471877843274
2022-08-16,103064224482.6,36809762970.197,18.8471877843274
2022-08-17,103064224482.6,36809762970.197,18.8471877843274
2022-08-18,103064224482.6,36809762970.197,18.8471877843274
2022-08-19,103064224482.6,36809762970.197,18.8471877843274
2022-08-20,103064224482.6,36809762970.197,18.8471877843274
2022-08-21,103064224482.6,36809762970.197,18.8471877843274
2022-08-22,103064224482.6,36809762970.197,18.8471877843274
2022-08-23,103064224482.6,36809762970.197,18.8471877843274
2022-08-24,103064224482.6,36809762970.197,18.8471877843274
2022-08-25,103064224482.6,36809762970.197,18.8471877843274
2022-08-26,103064224482.6,36809762970.197,18.8471877843274
2022-08-27,103064224482.6,36809762970.197,18.8471877843274
2022-08-28,103064224482.6,36809762970.197,18.8471877843274
2022-08-29,103064224482.6,36809762970.197,18.8471877843274
2022-08-30,103064224482.6,36809762970.197,18.8471877843274
2022-08-31,103064224482.6,36809762970.197,18.8471877843274
2022-09-01,103064224482.6,36809762970.197,18.8471877843274
2022-09-02,103064224482.6,36809762970.197,18.8471877843274
2022-09-03,103064224482.6,36809762970.197,18.8471877843274
2022-09-04,103064224482.6,36809762970.197,18.8471877843274
2022-09-05,103064224482.6,36809762970.197,18.8471877843274
2022-09-06,103064224482.6,36809762970.197,18.8471877843274
2022-09-07,103064224482.6,36809762970.197,18.8471877843274
2022-09-08,103064224482.6,36809762970.197,18.8471877843274
2022-09-09,103064224482.6,36809762970.197,18.8471877843274
2022-09-10,103064224482.6,36809762970.197,18.8471877843274
2022-09-11,103064224482.6,36809762970.197,18.8471877843274
2022-09-12,103064224482.6,36809762970.197,18.8471877843274
2022-09-13,103064224482.6,36809762970.197,18.8471877843274
2022-09-14,103064224482.6,36809762970.197,18.8471877843274
2022-09-15,103064224482.6,36809762970.197,18.8471877843274
2022-09-16,103064224482.6,36809762970.197,18.8471877843274
2022-09-17,103064224482.6,36809762970.197,18.8471877843274
2022-09-18,103064224482.6,36809762970.197,18.8471877843274
2022-09-19,103064224482.6,36809762970.197,18.8471877843274
2022-09-20,103064224482.6,36809762970.197,18.8471877843274
2022-09-21,103064224482.6,36809762970.197,18.8471877843274
2022-09-22,103064224482.6,36809762970.197,18.8471877843274
2022-09-23,103064224482.6,36809762970.197,18.8471877843274
2022-09-24,103064224482.6,36809762970.197,18.8471877843274
2022-09-25,103064224482.6,36809762970.197,18.8471877843274
2022-09-26,103064224482.6,36809762970.197,18.8471877843274
2022-09-27,103064224482.6,36809762970.197,18.8471877843274
2022-09-28,103064224482.6,36809762970.197,18.8471877843274
2022-09-29,103064224482.6,36809762970.197,18.8471877843274
2022-09-30,103064224482.6,36809762970.197,18.8471877843274
2022-10-01,103064224482.6,36809762970.197,18.8471877843274
2022-10-02,103064224482.6,36809762970.197,18.8471877843274
2022-10-03,103064224482.6,36809762970.197,18.8471877843274
2022-10-04,103064224482.6,36809762970.197,18.8471877843274
2022-10-05,103064224482.6,36809762970.197,18.8471877843274
2022-10-06,103064224482.6,36809762970.197,18.8471877843274
2022-10-07,103064224482.6,36809762970.197,18.8471877843274
2022-10-08,103064224482.6,36809762970.197,18.8471877843274
2022-10-09,103064224482.6,36809762970.197,18.8471877843274
2022-10-10,103064224482.6,36809762970.197,18.8471877843274
2022-10-11,103064224482.6,36809762970.197,18.8471877843274
2022-10-12,103064224482.6,36809762970.197,18.8471877843274
2022-10-13,103064224482.6,36809762970.197,18.8471877843274
2022-10-14,103064224482.6,36809762970.197,18.8471877843274
2022-10-15,103064224482.6,36809762970.197,18.8471877843274
2022-10-16,103064224482.6,36809762970.197,18.8471877843274
2022-10-17,103064224482.6,36809762970.197,18.8471877843274
2022-10-18,103064224482.6,36809762970.197,18.8471877843274
2022-10-19,103064224482.6,36809762970.197,18.8471877843274
2022-10-20,103064224482.6,36809762970.197,18.8471877843274
2022-10-21,103064224482.6,36809762970.197,18.8471877843274
2022-10-22,103064224482.6,36809762970.197,18.8471877843274
2022-10-23,103064224482.6,36809762970.197,18.8471877843274
2022-10-24,103064224482.6,36809762970.197,18.8471877843274
2022-10-25,103064224482.6,36809762970.197,18.8471877843274
2022-10-26,103064224482.6,36809762970.197,18.8471877843274
2022-10-27,103064224482.6,36809762970.197,18.8471877843274
2022-10-28,103064224482.6,36809762970.197,18.8471877843274
2022-10-29,103064224482.6,36809762970.197,18.8471877843274
2022-10-30,103064224482.6,36809762970.197,18.8471877843274
2022-10-31,103064224482.6,36809762970.197,18.8471877843274
2022-11-01,103064224482.6,36809762970.197,18.8471877843274
2022-11-02,103064224482.6,36809762970.197,18.8471877843274
2022-11-03,103064224482.6,36809762970.197,18.8471877843274
2022-11-04,103064224482.6,36809762970.197,18.8471877843274
2022-11-05,103064224482.6,36809762970.197,18.8471877843274
2022-11-06,103064224482.6,36809762970.197,18.8471877843274
2022-11-07,103064224482.6,36809762970.197,18.8471877843274
2022-11-08,103064224482.6,36809762970.197,18.8471877843274
2022-11-09,103064224482.6,36809762970.197,18.8471877843274
2022-11-10,103064224482.6,36809762970.197,18.8471877843274
2022-11-11,103064224482.6,36809762970.197,18.8471877843274
2022-11-12,103064224482.6,36809762970.197,18.8471877843274
2022-11-13,103064224482.6,36809762970.197,18.8471877843274
2022-11-14,103064224482.6,36809762970.197,18.8471877843274
2022-11-15,103064224482.6,36809762970.197,18.8471877843274
2022-11-16,103064224482.6,36809762970.197,18.8471877843274
2022-11-17,103064224482.6,36809762970.197,18.8471877843274
2022-11-18,103064224482.6,36809762970.197,18.8471877843274
2022-11-19,103064224482.6,36809762970.197,18.8471877843274
2022-11-20,103064224482.6,36809762970.197,18.8471877843274
2022-11-21,103064224482.6,36809762970.197,18.8471877843274
2022-11-22,103064224482.6,36809762970.197,18.8471877843274
2022-11-23,103064224482.6,36809762970.197,18.8471877843274
2022-11-24,103064224482.6,36809762970.197,18.8471877843274
2022-11-25,103064224482.6,36809762970.197,18.8471877843274
2022-11-26,103064224482.6,36809762970.197,18.8471877843274
2022-11-27,103064224482.6,36809762970.197,18.8471877843274
2022-11-28,103064224482.6,36809762970.197,18.8471877843274
2022-11-29,103064224482.6,36809762970.197,18.8471877843274
2022-11-30,103064224482.6,36809762970.197,18.8471877843274
2022-12-01,103064224482.6,36809762970.197,18.8471877843274
2022-12-02,103064224482.6,36809762970.197,18.8471877843274
2022-12-03,103064224482.6,36809762970.197,18.8471877843274
2022-12-04,103064224482.6,36809762970.197,18.8471877843274
2022-12-05,103064224482.6,36809762970.197,18.8471877843274
2022-12-06,103064224482.6,36809762970.197,18.8471877843274
2022-12-07,103064224482.6,36809762970.197,18.8471877843274
2022-12-08,103064224482.6,36809762970.197,18.8471877843274
2022-12-09,103064224482.6,36809762970.197,18.8471877843274
2022-12-10,103064224482.6,36809762970.197,18.8471877843274
2022-12-11,103064224482.6,36809762970.197,18.8471877843274
2022-12-12,103064224482.6,36809762970.197,18.8471877843274
2022-12-13,103064224482.6,36809762970.197,18.8471877843274
2022-12-14,103064224482.6,36809762970.197,18.8471877843274
2022-12-15,103064224482.6,36809762970.197,18.8471877843274
2022-12-16,103064224482.6,36809762970.197,18.8471877843274
2022-12-17,103064224482.6,36809762970.197,18.8471877843274
2022-12-18,103064224482.6,36809762970.197,18.8471877843274
2022-12-19,103064224482.6,36809762970.197,18.8471877843274
2022-12-20,103064224482.6,36809762970.197,18.8471877843274
2022-12-21,103064224482.6,36809762970.197,18.8471877843274
2022-12-22,103064224482.6,36809762970.197,18.8471877843274
2022-12-23,103064224482.6,36809762970.197,18.8471877843274
2022-12-24,103064224482.6,36809762970.197,18.8471877843274
2022-12-25,103064224482.6,36809762970.197,18.8471877843274
2022-12-26,103064224482.6,36809762970.197,18.8471877843274
2022-12-27,103064224482.6,36809762970.197,18.8471877843274
2022-12-28,103064224482.6,36809762970.197,18.8471877843274
2022-12-29,103064224482.6,36809762970.197,18.8471877843274
2022-12-30,103064224482.6,36809762970.197,18.8471877843274
2022-12-31,103064224482.6,36809762970.197,18.8471877843274
2023-01-01,102472750412.9,33452495121.7329,24.659550203114
2023-01-02,102472750412.9,33452495121.7329,24.659550203114
2023-01-03,102472750412.9,33452495121.7329,24.659550203114
2023-01-04,102472750412.9,33452495121.7329,24.659550203114
2023-01-05,102472750412.9,33452495121.7329,24.659550203114
2023-01-06,102472750412.9,33452495121.7329,24.659550203114
2023-01-07,102472750412.9,33452495121.7329,24.659550203114
2023-01-08,102472750412.9,33452495121.7329,24.659550203114
2023-01-09,102472750412.9,33452495121.7329,24.659550203114
2023-01-10,102472750412.9,33452495121.7329,24.659550203114
2023-01-11,102472750412.9,33452495121.7329,24.659550203114
2023-01-12,102472750412.9,33452495121.7329,24.659550203114
2023-01-13,102472750412.9,33452495121.7329,24.659550203114
2023-01-14,102472750412.9,33452495121.7329,24.659550203114
2023-01-15,102472750412.9,33452495121.7329,24.659550203114
2023-01-16,102472750412.9,33452495121.7329,24.659550203114
2023-01-17,102472750412.9,33452495121.7329,24.659550203114
2023-01-18,102472750412.9,33452495121.7329,24.659550203114
2023-01-19,102472750412.9,33452495121.7329,24.659550203114
2023-01-20,102472750412.9,33452495121.7329,24.659550203114
2023-01-21,102472750412.9,33452495121.7329,24.659550203114
2023-01-22,102472750412.9,33452495121.7329,24.659550203114
2023-01-23,102472750412.9,33452495121.7329,24.659550203114
2023-01-24,102472750412.9,33452495121.7329,24.659550203114
2023-01-25,102472750412.9,33452495121.7329,24.659550203114
2023-01-26,102472750412.9,33452495121.7329,24.659550203114
2023-01-27,102472750412.9,33452495121.7329,24.659550203114
2023-01-28,102472750412.9,33452495121.7329,24.659550203114
2023-01-29,102472750412.9,33452495121.7329,24.659550203114
2023-01-30,102472750412.9,33452495121.7329,24.659550203114
2023-01-31,102472750412.9,33452495121.7329,24.659550203114
2023-02-01,102472750412.9,33452495121.7329,24.659550203114
2023-02-02,102472750412.9,33452495121.7329,24.659550203114
2023-02-03,102472750412.9,33452495121.7329,24.659550203114
2023-02-04,102472750412.9,33452495121.7329,24.659550203114
2023-02-05,102472750412.9,33452495121.7329,24.659550203114
2023-02-06,102472750412.9,33452495121.7329,24.659550203114
2023-02-07,102472750412.9,33452495121.7329,24.659550203114
2023-02-08,102472750412.9,33452495121.7329,24.659550203114
2023-02-09,102472750412.9,33452495121.7329,24.659550203114
2023-02-10,102472750412.9,33452495121.7329,24.659550203114
2023-02-11,102472750412.9,33452495121.7329,24.659550203114
2023-02-12,102472750412.9,33452495121.7329,24.659550203114
2023-02-13,102472750412.9,33452495121.7329,24.659550203114
2023-02-14,102472750412.9,33452495121.7329,24.659550203114
2023-02-15,102472750412.9,33452495121.7329,24.659550203114
2023-02-16,102472750412.9,33452495121.7329,24.659550203114
2023-02-17,102472750412.9,33452495121.7329,24.659550203114
2023-02-18,102472750412.9,33452495121.7329,24.659550203114
2023-02-19,102472750412.9,33452495121.7329,24.659550203114
2023-02-20,102472750412.9,33452495121.7329,24.659550203114
2023-02-21,102472750412.9,33452495121.7329,24.659550203114
2023-02-22,102472750412.9,33452495121.7329,24.659550203114
2023-02-23,102472750412.9,33452495121.7329,24.659550203114
2023-02-24,102472750412.9,33452495121.7329,24.659550203114
2023-02-25,102472750412.9,33452495121.7329,24.659550203114
2023-02-26,102472750412.9,33452495121.7329,24.659550203114
2023-02-27,102472750412.9,33452495121.7329,24.659550203114
2023-02-28,102472750412.9,33452495121.7329,24.659550203114
2023-03-01,102472750412.9,33452495121.7329,24.659550203114
2023-03-02,102472750412.9,33452495121.7329,24.659550203114
2023-03-03,102472750412.9,33452495121.7329,24.659550203114
2023-03-04,102472750412.9,33452495121.7329,24.659550203114
2023-03-05,102472750412.9,33452495121.7329,24.659550203114
2023-03-06,102472750412.9,33452495121.7329,24.659550203114
2023-03-07,102472750412.9,33452495121.7329,24.659550203114
2023-03-08,102472750412.9,33452495121.7329,24.659550203114
2023-03-09,102472750412.9,33452495121.7329,24.659550203114
2023-03-10,102472750412.9,33452495121.7329,24.659550203114
2023-03-11,102472750412.9,33452495121.7329,24.659550203114
2023-03-12,102472750412.9,33452495121.7329,24.659550203114
2023-03-13,102472750412.9,33452495121.7329,24.659550203114
2023-03-14,102472750412.9,33452495121.7329,24.659550203114
2023-03-15,102472750412.9,33452495121.7329,24.659550203114
2023-03-16,102472750412.9,33452495121.7329,24.659550203114
2023-03-17,102472750412.9,33452495121.7329,24.659550203114
2023-03-18,102472750412.9,33452495121.7329,24.659550203114
2023-03-19,102472750412.9,33452495121.7329,24.659550203114
2023-03-20,102472750412.9,33452495121.7329,24.659550203114
2023-03-21,102472750412.9,33452495121.7329,24.659550203114
2023-03-22,102472750412.9,33452495121.7329,24.659550203114
2023-03-23,102472750412.9,33452495121.7329,24.659550203114
2023-03-24,102472750412.9,33452495121.7329,24.659550203114
2023-03-25,102472750412.9,33452495121.7329,24.659550203114
2023-03-26,102472750412.9,33452495121.7329,24.659550203114
2023-03-27,102472750412.9,33452495121.7329,24.659550203114
2023-03-28,102472750412.9,33452495121.7329,24.659550203114
2023-03-29,102472750412.9,33452495121.7329,24.659550203114
2023-03-30,102472750412.9,33452495121.7329,24.659550203114
2023-03-31,102472750412.9,33452495121.7329,24.659550203114
2023-04-01,102472750412.9,33452495121.7329,24.659550203114
2023-04-02,102472750412.9,33452495121.7329,24.659550203114
2023-04-03,102472750412.9,33452495121.7329,24.659550203114
2023-04-04,102472750412.9,33452495121.7329,24.659550203114
2023-04-05,102472750412.9,33452495121.7329,24.659550203114
2023-04-06,102472750412.9,33452495121.7329,24.659550203114
2023-04-07,102472750412.9,33452495121.7329,24.659550203114
2023-04-08,102472750412.9,33452495121.7329,24.659550203114
2023-04-09,102472750412.9,33452495121.7329,24.659550203114
2023-04-10,102472750412.9,33452495121.7329,24.659550203114
2023-04-11,102472750412.9,33452495121.7329,24.659550203114
2023-04-12,102472750412.9,33452495121.7329,24.659550203114
2023-04-13,102472750412.9,33452495121.7329,24.659550203114
2023-04-14,102472750412.9,33452495121.7329,24.659550203114
2023-04-15,102472750412.9,33452495121.7329,24.659550203114
2023-04-16,102472750412.9,33452495121.7329,24.659550203114
2023-04-17,102472750412.9,33452495121.7329,24.659550203114
2023-04-18,102472750412.9,33452495121.7329,24.659550203114
2023-04-19,102472750412.9,33452495121.7329,24.659550203114
2023-04-20,102472750412.9,33452495121.7329,24.659550203114
2023-04-21,102472750412.9,33452495121.7329,24.659550203114
2023-04-22,102472750412.9,33452495121.7329,24.659550203114
2023-04-23,102472750412.9,33452495121.7329,24.659550203114
2023-04-24,102472750412.9,33452495121.7329,24.659550203114
2023-04-25,102472750412.9,33452495121.7329,24.659550203114
2023-04-26,102472750412.9,33452495121.7329,24.659550203114
2023-04-27,102472750412.9,33452495121.7329,24.659550203114
2023-04-28,102472750412.9,33452495121.7329,24.659550203114
2023-04-29,102472750412.9,33452495121.7329,24.659550203114
2023-04-30,102472750412.9,33452495121.7329,24.659550203114
2023-05-01,102472750412.9,33452495121.7329,24.659550203114
2023-05-02,102472750412.9,33452495121.7329,24.659550203114
2023-05-03,102472750412.9,33452495121.7329,24.659550203114
2023-05-04,102472750412.9,33452495121.7329,24.659550203114
2023-05-05,102472750412.9,33452495121.7329,24.659550203114
2023-05-06,102472750412.9,33452495121.7329,24.659550203114
2023-05-07,102472750412.9,33452495121.7329,24.659550203114
2023-05-08,102472750412.9,33452495121.7329,24.659550203114
2023-05-09,102472750412.9,33452495121.7329,24.659550203114
2023-05-10,102472750412.9,33452495121.7329,24.659550203114
2023-05-11,102472750412.9,33452495121.7329,24.659550203114
2023-05-12,102472750412.9,33452495121.7329,24.659550203114
2023-05-13,102472750412.9,33452495121.7329,24.659550203114
2023-05-14,102472750412.9,33452495121.7329,24.659550203114
2023-05-15,102472750412.9,33452495121.7329,24.659550203114
2023-05-16,102472750412.9,33452495121.7329,24.659550203114
2023-05-17,102472750412.9,33452495121.7329,24.659550203114
2023-05-18,102472750412.9,33452495121.7329,24.659550203114
2023-05-19,102472750412.9,33452495121.7329,24.659550203114
2023-05-20,102472750412.9,33452495121.7329,24.659550203114
2023-05-21,102472750412.9,33452495121.7329,24.659550203114
2023-05-22,102472750412.9,33452495121.7329,24.659550203114
2023-05-23,102472750412.9,33452495121.7329,24.659550203114
2023-05-24,102472750412.9,33452495121.7329,24.659550203114
2023-05-25,102472750412.9,33452495121.7329,24.659550203114
2023-05-26,102472750412.9,33452495121.7329,24.659550203114
2023-05-27,102472750412.9,33452495121.7329,24.659550203114
2023-05-28,102472750412.9,33452495121.7329,24.659550203114
2023-05-29,102472750412.9,33452495121.7329,24.659550203114
2023-05-30,102472750412.9,33452495121.7329,24.659550203114
2023-05-31,102472750412.9,33452495121.7329,24.659550203114
2023-06-01,102472750412.9,33452495121.7329,24.659550203114
2023-06-02,102472750412.9,33452495121.7329,24.659550203114
2023-06-03,102472750412.9,33452495121.7329,24.659550203114
2023-06-04,102472750412.9,33452495121.7329,24.659550203114
2023-06-05,102472750412.9,33452495121.7329,24.659550203114
2023-06-06,102472750412.9,33452495121.7329,24.659550203114
2023-06-07,102472750412.9,33452495121.7329,24.659550203114
2023-06-08,102472750412.9,33452495121.7329,24.659550203114
2023-06-09,102472750412.9,33452495121.7329,24.659550203114
2023-06-10,102472750412.9,33452495121.7329,24.659550203114
2023-06-11,102472750412.9,33452495121.7329,24.659550203114
2023-06-12,102472750412.9,33452495121.7329,24.659550203114
2023-06-13,102472750412.9,33452495121.7329,24.659550203114
2023-06-14,102472750412.9,33452495121.7329,24.659550203114
2023-06-15,102472750412.9,33452495121.7329,24.659550203114
2023-06-16,102472750412.9,33452495121.7329,24.659550203114
2023-06-17,102472750412.9,33452495121.7329,24.659550203114
2023-06-18,102472750412.9,33452495121.7329,24.659550203114
2023-06-19,102472750412.9,33452495121.7329,24.659550203114
2023-06-20,102472750412.9,33452495121.7329,24.659550203114
2023-06-21,102472750412.9,33452495121.7329,24.659550203114
2023-06-22,102472750412.9,33452495121.7329,24.659550203114
2023-06-23,102472750412.9,33452495121.7329,24.659550203114
2023-06-24,102472750412.9,33452495121.7329,24.659550203114
2023-06-25,102472750412.9,33452495121.7329,24.659550203114
2023-06-26,102472750412.9,33452495121.7329,24.659550203114
2023-06-27,102472750412.9,33452495121.7329,24.659550203114
2023-06-28,102472750412.9,33452495121.7329,24.659550203114
2023-06-29,102472750412.9,33452495121.7329,24.659550203114
2023-06-30,102472750412.9,33452495121.7329,24.659550203114
2023-07-01,102472750412.9,33452495121.7329,24.659550203114
2023-07-02,102472750412.9,33452495121.7329,24.659550203114
2023-07-03,102472750412.9,33452495121.7329,24.659550203114
2023-07-04,102472750412.9,33452495121.7329,24.659550203114
2023-07-05,102472750412.9,33452495121.7329,24.659550203114
2023-07-06,102472750412.9,33452495121.7329,24.659550203114
2023-07-07,102472750412.9,33452495121.7329,24.659550203114
2023-07-08,102472750412.9,33452495121.7329,24.659550203114
2023-07-09,102472750412.9,33452495121.7329,24.659550203114
2023-07-10,102472750412.9,33452495121.7329,24.659550203114
2023-07-11,102472750412.9,33452495121.7329,24.659550203114
2023-07-12,102472750412.9,33452495121.7329,24.659550203114
2023-07-13,102472750412.9,33452495121.7329,24.659550203114
2023-07-14,102472750412.9,33452495121.7329,24.659550203114
2023-07-15,102472750412.9,33452495121.7329,24.659550203114
2023-07-16,102472750412.9,33452495121.7329,24.659550203114
2023-07-17,102472750412.9,33452495121.7329,24.659550203114
2023-07-18,102472750412.9,33452495121.7329,24.659550203114
2023-07-19,102472750412.9,33452495121.7329,24.659550203114
2023-07-20,102472750412.9,33452495121.7329,24.659550203114
2023-07-21,102472750412.9,33452495121.7329,24.659550203114
2023-07-22,102472750412.9,33452495121.7329,24.659550203114
2023-07-23,102472750412.9,33452495121.7329,24.659550203114
2023-07-24,102472750412.9,33452495121.7329,24.659550203114
2023-07-25,102472750412.9,33452495121.7329,24.659550203114
2023-07-26,102472750412.9,33452495121.7329,24.659550203114
2023-07-27,102472750412.9,33452495121.7329,24.659550203114
2023-07-28,102472750412.9,33452495121.7329,24.659550203114
2023-07-29,102472750412.9,33452495121.7329,24.659550203114
2023-07-30,102472750412.9,33452495121.7329,24.659550203114
2023-07-31,102472750412.9,33452495121.7329,24.659550203114
2023-08-01,102472750412.9,33452495121.7329,24.659550203114
2023-08-02,102472750412.9,33452495121.7329,24.659550203114
2023-08-03,102472750412.9,33452495121.7329,24.659550203114
2023-08-04,102472750412.9,33452495121.7329,24.659550203114
2023-08-05,102472750412.9,33452495121.7329,24.659550203114
2023-08-06,102472750412.9,33452495121.7329,24.659550203114
2023-08-07,102472750412.9,33452495121.7329,24.659550203114
2023-08-08,102472750412.9,33452495121.7329,24.659550203114
2023-08-09,102472750412.9,33452495121.7329,24.659550203114
2023-08-10,102472750412.9,33452495121.7329,24.659550203114
2023-08-11,102472750412.9,33452495121.7329,24.659550203114
2023-08-12,102472750412.9,33452495121.7329,24.659550203114
2023-08-13,102472750412.9,33452495121.7329,24.659550203114
2023-08-14,102472750412.9,33452495121.7329,24.659550203114
2023-08-15,102472750412.9,33452495121.7329,24.659550203114
2023-08-16,102472750412.9,33452495121.7329,24.659550203114
2023-08-17,102472750412.9,33452495121.7329,24.659550203114
2023-08-18,102472750412.9,33452495121.7329,24.659550203114
2023-08-19,102472750412.9,33452495121.7329,24.659550203114
2023-08-20,102472750412.9,33452495121.7329,24.659550203114
2023-08-21,102472750412.9,33452495121.7329,24.659550203114
2023-08-22,102472750412.9,33452495121.7329,24.659550203114
2023-08-23,102472750412.9,33452495121.7329,24.659550203114
2023-08-24,102472750412.9,33452495121.7329,24.659550203114
2023-08-25,102472750412.9,33452495121.7329,24.659550203114
2023-08-26,102472750412.9,33452495121.7329,24.659550203114
2023-08-27,102472750412.9,33452495121.7329,24.659550203114
2023-08-28,102472750412.9,33452495121.7329,24.659550203114
2023-08-29,102472750412.9,33452495121.7329,24.659550203114
2023-08-30,102472750412.9,33452495121.7329,24.659550203114
2023-08-31,102472750412.9,33452495121.7329,24.659550203114
2023-09-01,102472750412.9,33452495121.7329,24.659550203114
2023-09-02,102472750412.9,33452495121.7329,24.659550203114
2023-09-03,102472750412.9,33452495121.7329,24.659550203114
2023-09-04,102472750412.9,33452495121.7329,24.659550203114
2023-09-05,102472750412.9,33452495121.7329,24.659550203114
2023-09-06,102472750412.9,33452495121.7329,24.659550203114
2023-09-07,102472750412.9,33452495121.7329,24.659550203114
2023-09-08,102472750412.9,33452495121.7329,24.659550203114
2023-09-09,102472750412.9,33452495121.7329,24.659550203114
2023-09-10,102472750412.9,33452495121.7329,24.659550203114
2023-09-11,102472750412.9,33452495121.7329,24.659550203114
2023-09-12,102472750412.9,33452495121.7329,24.659550203114
2023-09-13,102472750412.9,33452495121.7329,24.659550203114
2023-09-14,102472750412.9,33452495121.7329,24.659550203114
2023-09-15,102472750412.9,33452495121.7329,24.659550203114
2023-09-16,102472750412.9,33452495121.7329,24.659550203114
2023-09-17,102472750412.9,33452495121.7329,24.659550203114
2023-09-18,102472750412.9,33452495121.7329,24.659550203114
2023-09-19,102472750412.9,33452495121.7329,24.659550203114
2023-09-20,102472750412.9,33452495121.7329,24.659550203114
2023-09-21,102472750412.9,33452495121.7329,24.659550203114
2023-09-22,102472750412.9,33452495121.7329,24.659550203114
2023-09-23,102472750412.9,33452495121.7329,24.659550203114
2023-09-24,102472750412.9,33452495121.7329,24.659550203114
2023-09-25,102472750412.9,33452495121.7329,24.659550203114
2023-09-26,102472750412.9,33452495121.7329,24.659550203114
2023-09-27,102472750412.9,33452495121.7329,24.659550203114
2023-09-28,102472750412.9,33452495121.7329,24.659550203114
2023-09-29,102472750412.9,33452495121.7329,24.659550203114
2023-09-30,102472750412.9,33452495121.7329,24.659550203114
2023-10-01,102472750412.9,33452495121.7329,24.659550203114
2023-10-02,102472750412.9,33452495121.7329,24.659550203114
2023-10-03,102472750412.9,33452495121.7329,24.659550203114
2023-10-04,102472750412.9,33452495121.7329,24.659550203114
2023-10-05,102472750412.9,33452495121.7329,24.659550203114
2023-10-06,102472750412.9,33452495121.7329,24.659550203114
2023-10-07,102472750412.9,33452495121.7329,24.659550203114
2023-10-08,102472750412.9,33452495121.7329,24.659550203114
2023-10-09,102472750412.9,33452495121.7329,24.659550203114
2023-10-10,102472750412.9,33452495121.7329,24.659550203114
2023-10-11,102472750412.9,33452495121.7329,24.659550203114
2023-10-12,102472750412.9,33452495121.7329,24.659550203114
2023-10-13,102472750412.9,33452495121.7329,24.659550203114
2023-10-14,102472750412.9,33452495121.7329,24.659550203114
2023-10-15,102472750412.9,33452495121.7329,24.659550203114
2023-10-16,102472750412.9,33452495121.7329,24.659550203114
2023-10-17,102472750412.9,33452495121.7329,24.659550203114
2023-10-18,102472750412.9,33452495121.7329,24.659550203114
2023-10-19,102472750412.9,33452495121.7329,24.659550203114
2023-10-20,102472750412.9,33452495121.7329,24.659550203114
2023-10-21,102472750412.9,33452495121.7329,24.659550203114
2023-10-22,102472750412.9,33452495121.7329,24.659550203114
2023-10-23,102472750412.9,33452495121.7329,24.659550203114
2023-10-24,102472750412.9,33452495121.7329,24.659550203114
2023-10-25,102472750412.9,33452495121.7329,24.659550203114
2023-10-26,102472750412.9,33452495121.7329,24.659550203114
2023-10-27,102472750412.9,33452495121.7329,24.659550203114
2023-10-28,102472750412.9,33452495121.7329,24.659550203114
2023-10-29,102472750412.9,33452495121.7329,24.659550203114
2023-10-30,102472750412.9,33452495121.7329,24.659550203114
2023-10-31,102472750412.9,33452495121.7329,24.659550203114
2023-11-01,102472750412.9,33452495121.7329,24.659550203114
2023-11-02,102472750412.9,33452495121.7329,24.659550203114
2023-11-03,102472750412.9,33452495121.7329,24.659550203114
2023-11-04,102472750412.9,33452495121.7329,24.659550203114
2023-11-05,102472750412.9,33452495121.7329,24.659550203114
2023-11-06,102472750412.9,33452495121.7329,24.659550203114
2023-11-07,102472750412.9,33452495121.7329,24.659550203114
2023-11-08,102472750412.9,33452495121.7329,24.659550203114
2023-11-09,102472750412.9,33452495121.7329,24.659550203114
2023-11-10,102472750412.9,33452495121.7329,24.659550203114
2023-11-11,102472750412.9,33452495121.7329,24.659550203114
2023-11-12,102472750412.9,33452495121.7329,24.659550203114
2023-11-13,102472750412.9,33452495121.7329,24.659550203114
2023-11-14,102472750412.9,33452495121.7329,24.659550203114
2023-11-15,102472750412.9,33452495121.7329,24.659550203114
2023-11-16,102472750412.9,33452495121.7329,24.659550203114
2023-11-17,102472750412.9,33452495121.7329,24.659550203114
2023-11-18,102472750412.9,33452495121.7329,24.659550203114
2023-11-19,102472750412.9,33452495121.7329,24.659550203114
2023-11-20,102472750412.9,33452495121.7329,24.659550203114
2023-11-21,102472750412.9,33452495121.7329,24.659550203114
2023-11-22,102472750412.9,33452495121.7329,24.659550203114
2023-11-23,102472750412.9,33452495121.7329,24.659550203114
2023-11-24,102472750412.9,33452495121.7329,24.659550203114
2023-11-25,102472750412.9,33452495121.7329,24.659550203114
2023-11-26,102472750412.9,33452495121.7329,24.659550203114
2023-11-27,102472750412.9,33452495121.7329,24.659550203114
2023-11-28,102472750412.9,33452495121.7329,24.659550203114
2023-11-29,102472750412.9,33452495121.7329,24.659550203114
2023-11-30,102472750412.9,33452495121.7329,24.659550203114
2023-12-01,102472750412.9,33452495121.7329,24.659550203114
2023-12-02,102472750412.9,33452495121.7329,24.659550203114
2023-12-03,102472750412.9,33452495121.7329,24.659550203114
2023-12-04,102472750412.9,33452495121.7329,24.659550203114
2023-12-05,102472750412.9,33452495121.7329,24.659550203114
2023-12-06,102472750412.9,33452495121.7329,24.659550203114
2023-12-07,102472750412.9,33452495121.7329,24.659550203114
2023-12-08,102472750412.9,33452495121.7329,24.659550203114
2023-12-09,102472750412.9,33452495121.7329,24.659550203114
2023-12-10,102472750412.9,33452495121.7329,24.659550203114
2023-12-11,102472750412.9,33452495121.7329,24.659550203114
2023-12-12,102472750412.9,33452495121.7329,24.659550203114
2023-12-13,102472750412.9,33452495121.7329,24.659550203114
2023-12-14,102472750412.9,33452495121.7329,24.659550203114
2023-12-15,102472750412.9,33452495121.7329,24.659550203114
2023-12-16,102472750412.9,33452495121.7329,24.659550203114
2023-12-17,102472750412.9,33452495121.7329,24.659550203114
2023-12-18,102472750412.9,33452495121.7329,24.659550203114
2023-12-19,102472750412.9,33452495121.7329,24.659550203114
2023-12-20,102472750412.9,33452495121.7329,24.659550203114
2023-12-21,102472750412.9,33452495121.7329,24.659550203114
2023-12-22,102472750412.9,33452495121.7329,24.659550203114
2023-12-23,102472750412.9,33452495121.7329,24.659550203114
2023-12-24,102472750412.9,33452495121.7329,24.659550203114
2023-12-25,102472750412.9,33452495121.7329,24.659550203114
2023-12-26,102472750412.9,33452495121.7329,24.659550203114
2023-12-27,102472750412.9,33452495121.7329,24.659550203114
2023-12-28,102472750412.9,33452495121.7329,24.659550203114
2023-12-29,102472750412.9,33452495121.7329,24.659550203114
2023-12-30,102472750412.9,33452495121.7329,24.659550203114
2023-12-31,102472750412.9,33452495121.7329,24.659550203114
2024-01-01,108757630161.5,40405994024.7986,33.2420966545406
2024-01-02,108757630161.5,40405994024.7986,33.2420966545406
2024-01-03,108757630161.5,40405994024.7986,33.2420966545406
2024-01-04,108757630161.5,40405994024.7986,33.2420966545406
2024-01-05,108757630161.5,40405994024.7986,33.2420966545406
2024-01-06,108757630161.5,40405994024.7986,33.2420966545406
2024-01-07,108757630161.5,40405994024.7986,33.2420966545406
2024-01-08,108757630161.5,40405994024.7986,33.2420966545406
2024-01-09,108757630161.5,40405994024.7986,33.2420966545406
2024-01-10,108757630161.5,40405994024.7986,33.2420966545406
2024-01-11,108757630161.5,40405994024.7986,33.2420966545406
2024-01-12,108757630161.5,40405994024.7986,33.2420966545406
2024-01-13,108757630161.5,40405994024.7986,33.2420966545406
2024-01-14,108757630161.5,40405994024.7986,33.2420966545406
2024-01-15,108757630161.5,40405994024.7986,33.2420966545406
2024-01-16,108757630161.5,40405994024.7986,33.2420966545406
2024-01-17,108757630161.5,40405994024.7986,33.2420966545406
2024-01-18,108757630161.5,40405994024.7986,33.2420966545406
2024-01-19,108757630161.5,40405994024.7986,33.2420966545406
2024-01-20,108757630161.5,40405994024.7986,33.2420966545406
2024-01-21,108757630161.5,40405994024.7986,33.2420966545406
2024-01-22,108757630161.5,40405994024.7986,33.2420966545406
2024-01-23,108757630161.5,40405994024.7986,33.2420966545406
2024-01-24,108757630161.5,40405994024.7986,33.2420966545406
2024-01-25,108757630161.5,40405994024.7986,33.2420966545406
2024-01-26,108757630161.5,40405994024.7986,33.2420966545406
2024-01-27,108757630161.5,40405994024.7986,33.2420966545406
2024-01-28,108757630161.5,40405994024.7986,33.2420966545406
2024-01-29,108757630161.5,40405994024.7986,33.2420966545406
2024-01-30,108757630161.5,40405994024.7986,33.2420966545406
2024-01-31,108757630161.5,40405994024.7986,33.2420966545406
2024-02-01,108757630161.5,40405994024.7986,33.2420966545406
2024-02-02,108757630161.5,40405994024.7986,33.2420966545406
2024-02-03,108757630161.5,40405994024.7986,33.2420966545406
2024-02-04,108757630161.5,40405994024.7986,33.2420966545406
2024-02-05,108757630161.5,40405994024.7986,33.2420966545406
2024-02-06,108757630161.5,40405994024.7986,33.2420966545406
2024-02-07,108757630161.5,40405994024.7986,33.2420966545406
2024-02-08,108757630161.5,40405994024.7986,33.2420966545406
2024-02-09,108757630161.5,40405994024.7986,33.2420966545406
2024-02-10,108757630161.5,40405994024.7986,33.2420966545406
2024-02-11,108757630161.5,40405994024.7986,33.2420966545406
2024-02-12,108757630161.5,40405994024.7986,33.2420966545406
2024-02-13,108757630161.5,40405994024.7986,33.2420966545406
2024-02-14,108757630161.5,40405994024.7986,33.2420966545406
2024-02-15,108757630161.5,40405994024.7986,33.2420966545406
2024-02-16,108757630161.5,40405994024.7986,33.2420966545406
2024-02-17,108757630161.5,40405994024.7986,33.2420966545406
2024-02-18,108757630161.5,40405994024.7986,33.2420966545406
2024-02-19,108757630161.5,40405994024.7986,33.2420966545406
2024-02-20,108757630161.5,40405994024.7986,33.2420966545406
2024-02-21,108757630161.5,40405994024.7986,33.2420966545406
2024-02-22,108757630161.5,40405994024.7986,33.2420966545406
2024-02-23,108757630161.5,40405994024.7986,33.2420966545406
2024-02-24,108757630161.5,40405994024.7986,33.2420966545406
2024-02-25,108757630161.5,40405994024.7986,33.2420966545406
2024-02-26,108757630161.5,40405994024.7986,33.2420966545406
2024-02-27,108757630161.5,40405994024.7986,33.2420966545406
2024-02-28,108757630161.5,40405994024.7986,33.2420966545406
2024-02-29,108757630161.5,40405994024.7986,33.2420966545406
2024-03-01,108757630161.5,40405994024.7986,33.2420966545406
2024-03-02,108757630161.5,40405994024.7986,33.2420966545406
2024-03-03,108757630161.5,40405994024.7986,33.2420966545406
2024-03-04,108757630161.5,40405994024.7986,33.2420966545406
2024-03-05,108757630161.5,40405994024.7986,33.2420966545406
2024-03-06,108757630161.5,40405994024.7986,33.2420966545406
2024-03-07,108757630161.5,40405994024.7986,33.2420966545406
2024-03-08,108757630161.5,40405994024.7986,33.2420966545406
2024-03-09,108757630161.5,40405994024.7986,33.2420966545406
2024-03-10,108757630161.5,40405994024.7986,33.2420966545406
2024-03-11,108757630161.5,40405994024.7986,33.2420966545406
2024-03-12,108757630161.5,40405994024.7986,33.2420966545406
2024-03-13,108757630161.5,40405994024.7986,33.2420966545406
2024-03-14,108757630161.5,40405994024.7986,33.2420966545406
2024-03-15,108757630161.5,40405994024.7986,33.2420966545406
2024-03-16,108757630161.5,40405994024.7986,33.2420966545406
2024-03-17,108757630161.5,40405994024.7986,33.2420966545406
2024-03-18,108757630161.5,40405994024.7986,33.2420966545406
2024-03-19,108757630161.5,40405994024.7986,33.2420966545406
2024-03-20,108757630161.5,40405994024.7986,33.2420966545406
2024-03-21,108757630161.5,40405994024.7986,33.2420966545406
2024-03-22,108757630161.5,40405994024.7986,33.2420966545406
2024-03-23,108757630161.5,40405994024.7986,33.2420966545406
2024-03-24,108757630161.5,40405994024.7986,33.2420966545406
2024-03-25,108757630161.5,40405994024.7986,33.2420966545406
2024-03-26,108757630161.5,40405994024.7986,33.2420966545406
2024-03-27,108757630161.5,40405994024.7986,33.2420966545406
2024-03-28,108757630161.5,40405994024.7986,33.2420966545406
2024-03-29,108757630161.5,40405994024.7986,33.2420966545406
2024-03-30,108757630161.5,40405994024.7986,33.2420966545406
2024-03-31,108757630161.5,40405994024.7986,33.2420966545406
2024-04-01,108757630161.5,40405994024.7986,33.2420966545406
2024-04-02,108757630161.5,40405994024.7986,33.2420966545406
2024-04-03,108757630161.5,40405994024.7986,33.2420966545406
2024-04-04,108757630161.5,40405994024.7986,33.2420966545406
2024-04-05,108757630161.5,40405994024.7986,33.2420966545406
2024-04-06,108757630161.5,40405994024.7986,33.2420966545406
2024-04-07,108757630161.5,40405994024.7986,33.2420966545406
2024-04-08,108757630161.5,40405994024.7986,33.2420966545406
2024-04-09,108757630161.5,40405994024.7986,33.2420966545406
2024-04-10,108757630161.5,40405994024.7986,33.2420966545406
2024-04-11,108757630161.5,40405994024.7986,33.2420966545406
2024-04-12,108757630161.5,40405994024.7986,33.2420966545406
2024-04-13,108757630161.5,40405994024.7986,33.2420966545406
2024-04-14,108757630161.5,40405994024.7986,33.2420966545406
2024-04-15,108757630161.5,40405994024.7986,33.2420966545406
2024-04-16,108757630161.5,40405994024.7986,33.2420966545406
2024-04-17,108757630161.5,40405994024.7986,33.2420966545406
2024-04-18,108757630161.5,40405994024.7986,33.2420966545406
2024-04-19,108757630161.5,40405994024.7986,33.2420966545406
2024-04-20,108757630161.5,40405994024.7986,33.2420966545406
2024-04-21,108757630161.5,40405994024.7986,33.2420966545406
2024-04-22,108757630161.5,40405994024.7986,33.2420966545406
2024-04-23,108757630161.5,40405994024.7986,33.2420966545406
2024-04-24,108757630161.5,40405994024.7986,33.2420966545406
2024-04-25,108757630161.5,40405994024.7986,33.2420966545406
2024-04-26,108757630161.5,40405994024.7986,33.2420966545406
2024-04-27,108757630161.5,40405994024.7986,33.2420966545406
2024-04-28,108757630161.5,40405994024.7986,33.2420966545406
2024-04-29,108757630161.5,40405994024.7986,33.2420966545406
2024-04-30,108757630161.5,40405994024.7986,33.2420966545406
2024-05-01,108757630161.5,40405994024.7986,33.2420966545406
2024-05-02,108757630161.5,40405994024.7986,33.2420966545406
2024-05-03,108757630161.5,40405994024.7986,33.2420966545406
2024-05-04,108757630161.5,40405994024.7986,33.2420966545406
2024-05-05,108757630161.5,40405994024.7986,33.2420966545406
2024-05-06,108757630161.5,40405994024.7986,33.2420966545406
2024-05-07,108757630161.5,40405994024.7986,33.2420966545406
2024-05-08,108757630161.5,40405994024.7986,33.2420966545406
2024-05-09,108757630161.5,40405994024.7986,33.2420966545406
2024-05-10,108757630161.5,40405994024.7986,33.2420966545406
2024-05-11,108757630161.5,40405994024.7986,33.2420966545406
2024-05-12,108757630161.5,40405994024.7986,33.2420966545406
2024-05-13,108757630161.5,40405994024.7986,33.2420966545406
2024-05-14,108757630161.5,40405994024.7986,33.2420966545406
2024-05-15,108757630161.5,40405994024.7986,33.2420966545406
2024-05-16,108757630161.5,40405994024.7986,33.2420966545406
2024-05-17,108757630161.5,40405994024.7986,33.2420966545406
2024-05-18,108757630161.5,40405994024.7986,33.2420966545406
2024-05-19,108757630161.5,40405994024.7986,33.2420966545406
2024-05-20,108757630161.5,40405994024.7986,33.2420966545406
2024-05-21,108757630161.5,40405994024.7986,33.2420966545406
2024-05-22,108757630161.5,40405994024.7986,33.2420966545406
2024-05-23,108757630161.5,40405994024.7986,33.2420966545406
2024-05-24,108757630161.5,40405994024.7986,33.2420966545406
2024-05-25,108757630161.5,40405994024.7986,33.2420966545406
2024-05-26,108757630161.5,40405994024.7986,33.2420966545406
2024-05-27,108757630161.5,40405994024.7986,33.2420966545406
2024-05-28,108757630161.5,40405994024.7986,33.2420966545406
2024-05-29,108757630161.5,40405994024.7986,33.2420966545406
2024-05-30,108757630161.5,40405994024.7986,33.2420966545406
2024-05-31,108757630161.5,40405994024.7986,33.2420966545406
2024-06-01,108757630161.5,40405994024.7986,33.2420966545406
2024-06-02,108757630161.5,40405994024.7986,33.2420966545406
2024-06-03,108757630161.5,40405994024.7986,33.2420966545406
2024-06-04,108757630161.5,40405994024.7986,33.2420966545406
2024-06-05,108757630161.5,40405994024.7986,33.2420966545406
2024-06-06,108757630161.5,40405994024.7986,33.2420966545406
2024-06-07,108757630161.5,40405994024.7986,33.2420966545406
2024-06-08,108757630161.5,40405994024.7986,33.2420966545406
2024-06-09,108757630161.5,40405994024.7986,33.2420966545406
2024-06-10,108757630161.5,40405994024.7986,33.2420966545406
2024-06-11,108757630161.5,40405994024.7986,33.2420966545406
2024-06-12,108757630161.5,40405994024.7986,33.2420966545406
2024-06-13,108757630161.5,40405994024.7986,33.2420966545406
2024-06-14,108757630161.5,40405994024.7986,33.2420966545406
2024-06-15,108757630161.5,40405994024.7986,33.2420966545406
2024-06-16,108757630161.5,40405994024.7986,33.2420966545406
2024-06-17,108757630161.5,40405994024.7986,33.2420966545406
2024-06-18,108757630161.5,40405994024.7986,33.2420966545406
2024-06-19,108757630161.5,40405994024.7986,33.2420966545406
2024-06-20,108757630161.5,40405994024.7986,33.2420966545406
2024-06-21,108757630161.5,40405994024.7986,33.2420966545406
2024-06-22,108757630161.5,40405994024.7986,33.2420966545406
2024-06-23,108757630161.5,40405994024.7986,33.2420966545406
2024-06-24,108757630161.5,40405994024.7986,33.2420966545406
2024-06-25,108757630161.5,40405994024.7986,33.2420966545406
2024-06-26,108757630161.5,40405994024.7986,33.2420966545406
2024-06-27,108757630161.5,40405994024.7986,33.2420966545406
2024-06-28,108757630161.5,40405994024.7986,33.2420966545406
2024-06-29,108757630161.5,40405994024.7986,33.2420966545406
2024-06-30,108757630161.5,40405994024.7986,33.2420966545406
2024-07-01,108757630161.5,40405994024.7986,33.2420966545406
2024-07-02,108757630161.5,40405994024.7986,33.2420966545406
2024-07-03,108757630161.5,40405994024.7986,33.2420966545406
2024-07-04,108757630161.5,40405994024.7986,33.2420966545406
2024-07-05,108757630161.5,40405994024.7986,33.2420966545406
2024-07-06,108757630161.5,40405994024.7986,33.2420966545406
2024-07-07,108757630161.5,40405994024.7986,33.2420966545406
2024-07-08,108757630161.5,40405994024.7986,33.2420966545406
2024-07-09,108757630161.5,40405994024.7986,33.2420966545406
2024-07-10,108757630161.5,40405994024.7986,33.2420966545406
2024-07-11,108757630161.5,40405994024.7986,33.2420966545406
2024-07-12,108757630161.5,40405994024.7986,33.2420966545406
2024-07-13,108757630161.5,40405994024.7986,33.2420966545406
2024-07-14,108757630161.5,40405994024.7986,33.2420966545406
2024-07-15,108757630161.5,40405994024.7986,33.2420966545406
2024-07-16,108757630161.5,40405994024.7986,33.2420966545406
2024-07-17,108757630161.5,40405994024.7986,33.2420966545406
2024-07-18,108757630161.5,40405994024.7986,33.2420966545406
2024-07-19,108757630161.5,40405994024.7986,33.2420966545406
2024-07-20,108757630161.5,40405994024.7986,33.2420966545406
2024-07-21,108757630161.5,40405994024.7986,33.2420966545406
2024-07-22,108757630161.5,40405994024.7986,33.2420966545406
2024-07-23,108757630161.5,40405994024.7986,33.2420966545406
2024-07-24,108757630161.5,40405994024.7986,33.2420966545406
2024-07-25,108757630161.5,40405994024.7986,33.2420966545406
2024-07-26,108757630161.5,40405994024.7986,33.2420966545406
2024-07-27,108757630161.5,40405994024.7986,33.2420966545406
2024-07-28,108757630161.5,40405994024.7986,33.2420966545406
2024-07-29,108757630161.5,40405994024.7986,33.2420966545406
2024-07-30,108757630161.5,40405994024.7986,33.2420966545406
2024-07-31,108757630161.5,40405994024.7986,33.2420966545406
2024-08-01,108757630161.5,40405994024.7986,33.2420966545406
2024-08-02,108757630161.5,40405994024.7986,33.2420966545406
2024-08-03,108757630161.5,40405994024.7986,33.2420966545406
2024-08-04,108757630161.5,40405994024.7986,33.2420966545406
2024-08-05,108757630161.5,40405994024.7986,33.2420966545406
2024-08-06,108757630161.5,40405994024.7986,33.2420966545406
2024-08-07,108757630161.5,40405994024.7986,33.2420966545406
2024-08-08,108757630161.5,40405994024.7986,33.2420966545406
2024-08-09,108757630161.5,40405994024.7986,33.2420966545406
2024-08-10,108757630161.5,40405994024.7986,33.2420966545406
2024-08-11,108757630161.5,40405994024.7986,33.2420966545406
2024-08-12,108757630161.5,40405994024.7986,33.2420966545406
2024-08-13,108757630161.5,40405994024.7986,33.2420966545406
2024-08-14,108757630161.5,40405994024.7986,33.2420966545406
2024-08-15,108757630161.5,40405994024.7986,33.2420966545406
2024-08-16,108757630161.5,40405994024.7986,33.2420966545406
2024-08-17,108757630161.5,40405994024.7986,33.2420966545406
2024-08-18,108757630161.5,40405994024.7986,33.2420966545406
2024-08-19,108757630161.5,40405994024.7986,33.2420966545406
2024-08-20,108757630161.5,40405994024.7986,33.2420966545406
2024-08-21,108757630161.5,40405994024.7986,33.2420966545406
2024-08-22,108757630161.5,40405994024.7986,33.2420966545406
2024-08-23,108757630161.5,40405994024.7986,33.2420966545406
2024-08-24,108757630161.5,40405994024.7986,33.2420966545406
2024-08-25,108757630161.5,40405994024.7986,33.2420966545406
2024-08-26,108757630161.5,40405994024.7986,33.2420966545406
2024-08-27,108757630161.5,40405994024.7986,33.2420966545406
2024-08-28,108757630161.5,40405994024.7986,33.2420966545406
2024-08-29,108757630161.5,40405994024.7986,33.2420966545406
2024-08-30,108757630161.5,40405994024.7986,33.2420966545406
2024-08-31,108757630161.5,40405994024.7986,33.2420966545406
2024-09-01,108757630161.5,40405994024.7986,33.2420966545406
2024-09-02,108757630161.5,40405994024.7986,33.2420966545406
2024-09-03,108757630161.5,40405994024.7986,33.2420966545406
2024-09-04,108757630161.5,40405994024.7986,33.2420966545406
2024-09-05,108757630161.5,40405994024.7986,33.2420966545406
2024-09-06,108757630161.5,40405994024.7986,33.2420966545406
2024-09-07,108757630161.5,40405994024.7986,33.2420966545406
2024-09-08,108757630161.5,40405994024.7986,33.2420966545406
2024-09-09,108757630161.5,40405994024.7986,33.2420966545406
2024-09-10,108757630161.5,40405994024.7986,33.2420966545406
2024-09-11,108757630161.5,40405994024.7986,33.2420966545406
2024-09-12,108757630161.5,40405994024.7986,33.2420966545406
2024-09-13,108757630161.5,40405994024.7986,33.2420966545406
2024-09-14,108757630161.5,40405994024.7986,33.2420966545406
2024-09-15,108757630161.5,40405994024.7986,33.2420966545406
2024-09-16,108757630161.5,40405994024.7986,33.2420966545406
2024-09-17,108757630161.5,40405994024.7986,33.2420966545406
2024-09-18,108757630161.5,40405994024.7986,33.2420966545406
2024-09-19,108757630161.5,40405994024.7986,33.2420966545406
2024-09-20,108757630161.5,40405994024.7986,33.2420966545406
2024-09-21,108757630161.5,40405994024.7986,33.2420966545406
2024-09-22,108757630161.5,40405994024.7986,33.2420966545406
2024-09-23,108757630161.5,40405994024.7986,33.2420966545406
2024-09-24,108757630161.5,40405994024.7986,33.2420966545406
2024-09-25,108757630161.5,40405994024.7986,33.2420966545406
2024-09-26,108757630161.5,40405994024.7986,33.2420966545406
2024-09-27,108757630161.5,40405994024.7986,33.2420966545406
2024-09-28,108757630161.5,40405994024.7986,33.2420966545406
2024-09-29,108757630161.5,40405994024.7986,33.2420966545406
2024-09-30,108757630161.5,40405994024.7986,33.2420966545406
2024-10-01,108757630161.5,40405994024.7986,33.2420966545406
2024-10-02,108757630161.5,40405994024.7986,33.2420966545406
2024-10-03,108757630161.5,40405994024.7986,33.2420966545406
2024-10-04,108757630161.5,40405994024.7986,33.2420966545406
2024-10-05,108757630161.5,40405994024.7986,33.2420966545406
2024-10-06,108757630161.5,40405994024.7986,33.2420966545406
2024-10-07,108757630161.5,40405994024.7986,33.2420966545406
2024-10-08,108757630161.5,40405994024.7986,33.2420966545406
2024-10-09,108757630161.5,40405994024.7986,33.2420966545406
2024-10-10,108757630161.5,40405994024.7986,33.2420966545406
2024-10-11,108757630161.5,40405994024.7986,33.2420966545406
2024-10-12,108757630161.5,40405994024.7986,33.2420966545406
2024-10-13,108757630161.5,40405994024.7986,33.2420966545406
2024-10-14,108757630161.5,40405994024.7986,33.2420966545406
2024-10-15,108757630161.5,40405994024.7986,33.2420966545406
2024-10-16,108757630161.5,40405994024.7986,33.2420966545406
2024-10-17,108757630161.5,40405994024.7986,33.2420966545406
2024-10-18,108757630161.5,40405994024.7986,33.2420966545406
2024-10-19,108757630161.5,40405994024.7986,33.2420966545406
2024-10-20,108757630161.5,40405994024.7986,33.2420966545406
2024-10-21,108757630161.5,40405994024.7986,33.2420966545406
2024-10-22,108757630161.5,40405994024.7986,33.2420966545406
2024-10-23,108757630161.5,40405994024.7986,33.2420966545406
2024-10-24,108757630161.5,40405994024.7986,33.2420966545406
2024-10-25,108757630161.5,40405994024.7986,33.2420966545406
2024-10-26,108757630161.5,40405994024.7986,33.2420966545406
2024-10-27,108757630161.5,40405994024.7986,33.2420966545406
2024-10-28,108757630161.5,40405994024.7986,33.2420966545406
2024-10-29,108757630161.5,40405994024.7986,33.2420966545406
2024-10-30,108757630161.5,40405994024.7986,33.2420966545406
2024-10-31,108757630161.5,40405994024.7986,33.2420966545406
2024-11-01,108757630161.5,40405994024.7986,33.2420966545406
2024-11-02,108757630161.5,40405994024.7986,33.2420966545406
2024-11-03,108757630161.5,40405994024.7986,33.2420966545406
2024-11-04,108757630161.5,40405994024.7986,33.2420966545406
2024-11-05,108757630161.5,40405994024.7986,33.2420966545406
2024-11-06,108757630161.5,40405994024.7986,33.2420966545406
2024-11-07,108757630161.5,40405994024.7986,33.2420966545406
2024-11-08,108757630161.5,40405994024.7986,33.2420966545406
2024-11-09,108757630161.5,40405994024.7986,33.2420966545406
2024-11-10,108757630161.5,40405994024.7986,33.2420966545406
2024-11-11,108757630161.5,40405994024.7986,33.2420966545406
2024-11-12,108757630161.5,40405994024.7986,33.2420966545406
2024-11-13,108757630161.5,40405994024.7986,33.2420966545406
2024-11-14,108757630161.5,40405994024.7986,33.2420966545406
2024-11-15,108757630161.5,40405994024.7986,33.2420966545406
2024-11-16,108757630161.5,40405994024.7986,33.2420966545406
2024-11-17,108757630161.5,40405994024.7986,33.2420966545406
2024-11-18,108757630161.5,40405994024.7986,33.2420966545406
2024-11-19,108757630161.5,40405994024.7986,33.2420966545406
2024-11-20,108757630161.5,40405994024.7986,33.2420966545406
2024-11-21,108757630161.5,40405994024.7986,33.2420966545406
2024-11-22,108757630161.5,40405994024.7986,33.2420966545406
2024-11-23,108757630161.5,40405994024.7986,33.2420966545406
2024-11-24,108757630161.5,40405994024.7986,33.2420966545406
2024-11-25,108757630161.5,40405994024.7986,33.2420966545406
2024-11-26,108757630161.5,40405994024.7986,33.2420966545406
2024-11-27,108757630161.5,40405994024.7986,33.2420966545406
2024-11-28,108757630161.5,40405994024.7986,33.2420966545406
2024-11-29,108757630161.5,40405994024.7986,33.2420966545406
2024-11-30,108757630161.5,40405994024.7986,33.2420966545406
2024-12-01,108757630161.5,40405994024.7986,33.2420966545406
2024-12-02,108757630161.5,40405994024.7986,33.2420966545406
2024-12-03,108757630161.5,40405994024.7986,33.2420966545406
2024-12-04,108757630161.5,40405994024.7986,33.2420966545406
2024-12-05,108757630161.5,40405994024.7986,33.2420966545406
2024-12-06,108757630161.5,40405994024.7986,33.2420966545406
2024-12-07,108757630161.5,40405994024.7986,33.2420966545406
2024-12-08,108757630161.5,40405994024.7986,33.2420966545406
2024-12-09,108757630161.5,40405994024.7986,33.2420966545406
2024-12-10,108757630161.5,40405994024.7986,33.2420966545406
2024-12-11,108757630161.5,40405994024.7986,33.2420966545406
2024-12-12,108757630161.5,40405994024.7986,33.2420966545406
2024-12-13,108757630161.5,40405994024.7986,33.2420966545406
2024-12-14,108757630161.5,40405994024.7986,33.2420966545406
2024-12-15,108757630161.5,40405994024.7986,33.2420966545406
2024-12-16,108757630161.5,40405994024.7986,33.2420966545406
2024-12-17,108757630161.5,40405994024.7986,33.2420966545406
2024-12-18,108757630161.5,40405994024.7986,33.2420966545406
2024-12-19,108757630161.5,40405994024.7986,33.2420966545406
2024-12-20,108757630161.5,40405994024.7986,33.2420966545406
2024-12-21,108757630161.5,40405994024.7986,33.2420966545406
2024-12-22,108757630161.5,40405994024.7986,33.2420966545406
2024-12-23,108757630161.5,40405994024.7986,33.2420966545406
2024-12-24,108757630161.5,40405994024.7986,33.2420966545406
2024-12-25,108757630161.5,40405994024.7986,33.2420966545406
2024-12-26,108757630161.5,40405994024.7986,33.2420966545406
2024-12-27,108757630161.5,40405994024.7986,33.2420966545406
2024-12-28,108757630161.5,40405994024.7986,33.2420966545406
2024-12-29,108757630161.5,40405994024.7986,33.2420966545406
2024-12-30,108757630161.5,40405994024.7986,33.2420966545406
2024-12-31,108757630161.5,40405994024.7986,33.2420966545406
2025-01-01,112000000000.0,42800000000.0,23.0
2025-01-02,112000000000.0,42800000000.0,23.0
2025-01-03,112000000000.0,42800000000.0,23.0
2025-01-04,112000000000.0,42800000000.0,23.0
2025-01-05,112000000000.0,42800000000.0,23.0
2025-01-06,112000000000.0,42800000000.0,23.0
2025-01-07,112000000000.0,42800000000.0,23.0
2025-01-08,112000000000.0,42800000000.0,23.0
2025-01-09,112000000000.0,42800000000.0,23.0
2025-01-10,112000000000.0,42800000000.0,23.0
2025-01-11,112000000000.0,42800000000.0,23.0
2025-01-12,112000000000.0,42800000000.0,23.0
2025-01-13,112000000000.0,42800000000.0,23.0
2025-01-14,112000000000.0,42800000000.0,23.0
2025-01-15,112000000000.0,42800000000.0,23.0
2025-01-16,112000000000.0,42800000000.0,23.0
2025-01-17,112000000000.0,42800000000.0,23.0
2025-01-18,112000000000.0,42800000000.0,23.0
2025-01-19,112000000000.0,42800000000.0,23.0
2025-01-20,112000000000.0,42800000000.0,23.0
2025-01-21,112000000000.0,42800000000.0,23.0
2025-01-22,112000000000.0,42800000000.0,23.0
2025-01-23,112000000000.0,42800000000.0,23.0
2025-01-24,112000000000.0,42800000000.0,23.0
2025-01-25,112000000000.0,42800000000.0,23.0
2025-01-26,112000000000.0,42800000000.0,23.0
2025-01-27,112000000000.0,42800000000.0,23.0
2025-01-28,112000000000.0,42800000000.0,23.0
2025-01-29,112000000000.0,42800000000.0,23.0
2025-01-30,112000000000.0,42800000000.0,23.0
2025-01-31,112000000000.0,42800000000.0,23.0
2025-02-01,112000000000.0,42800000000.0,23.0
2025-02-02,112000000000.0,42800000000.0,23.0
2025-02-03,112000000000.0,42800000000.0,23.0
2025-02-04,112000000000.0,42800000000.0,23.0
2025-02-05,112000000000.0,42800000000.0,23.0
2025-02-06,112000000000.0,42800000000.0,23.0
2025-02-07,112000000000.0,42800000000.0,23.0
2025-02-08,112000000000.0,42800000000.0,23.0
2025-02-09,112000000000.0,42800000000.0,23.0
2025-02-10,112000000000.0,42800000000.0,23.0
2025-02-11,112000000000.0,42800000000.0,23.0
2025-02-12,112000000000.0,42800000000.0,23.0
2025-02-13,112000000000.0,42800000000.0,23.0
2025-02-14,112000000000.0,42800000000.0,23.0
2025-02-15,112000000000.0,42800000000.0,23.0
2025-02-16,112000000000.0,42800000000.0,23.0
2025-02-17,112000000000.0,42800000000.0,23.0
2025-02-18,112000000000.0,42800000000.0,23.0
2025-02-19,112000000000.0,42800000000.0,23.0
2025-02-20,112000000000.0,42800000000.0,23.0
2025-02-21,112000000000.0,42800000000.0,23.0
2025-02-22,112000000000.0,42800000000.0,23.0
2025-02-23,112000000000.0,42800000000.0,23.0
2025-02-24,112000000000.0,42800000000.0,23.0
2025-02-25,112000000000.0,42800000000.0,23.0
2025-02-26,112000000000.0,42800000000.0,23.0
2025-02-27,112000000000.0,42800000000.0,23.0
2025-02-28,112000000000.0,42800000000.0,23.0
2025-03-01,112000000000.0,42800000000.0,23.0
2025-03-02,112000000000.0,42800000000.0,23.0
2025-03-03,112000000000.0,42800000000.0,23.0
2025-03-04,112000000000.0,42800000000.0,23.0
2025-03-05,112000000000.0,42800000000.0,23.0
2025-03-06,112000000000.0,42800000000.0,23.0
2025-03-07,112000000000.0,42800000000.0,23.0
2025-03-08,112000000000.0,42800000000.0,23.0
2025-03-09,112000000000.0,42800000000.0,23.0
2025-03-10,112000000000.0,42800000000.0,23.0
2025-03-11,112000000000.0,42800000000.0,23.0
2025-03-12,112000000000.0,42800000000.0,23.0
2025-03-13,112000000000.0,42800000000.0,23.0
2025-03-14,112000000000.0,42800000000.0,23.0
2025-03-15,112000000000.0,42800000000.0,23.0
2025-03-16,112000000000.0,42800000000.0,23.0
2025-03-17,112000000000.0,42800000000.0,23.0
2025-03-18,112000000000.0,42800000000.0,23.0
2025-03-19,112000000000.0,42800000000.0,23.0
2025-03-20,112000000000.0,42800000000.0,23.0
2025-03-21,112000000000.0,42800000000.0,23.0
2025-03-22,112000000000.0,42800000000.0,23.0
2025-03-23,112000000000.0,42800000000.0,23.0
2025-03-24,112000000000.0,42800000000.0,23.0
2025-03-25,112000000000.0,42800000000.0,23.0
2025-03-26,112000000000.0,42800000000.0,23.0
2025-03-27,112000000000.0,42800000000.0,23.0
2025-03-28,112000000000.0,42800000000.0,23.0
2025-03-29,112000000000.0,42800000000.0,23.0
2025-03-30,112000000000.0,42800000000.0,23.0
2025-03-31,112000000000.0,42800000000.0,23.0
2025-04-01,112000000000.0,42800000000.0,23.0
2025-04-02,112000000000.0,42800000000.0,23.0
2025-04-03,112000000000.0,42800000000.0,23.0
2025-04-04,112000000000.0,42800000000.0,23.0
2025-04-05,112000000000.0,42800000000.0,23.0
2025-04-06,112000000000.0,42800000000.0,23.0
2025-04-07,112000000000.0,42800000000.0,23.0
2025-04-08,112000000000.0,42800000000.0,23.0
2025-04-09,112000000000.0,42800000000.0,23.0
2025-04-10,112000000000.0,42800000000.0,23.0
2025-04-11,112000000000.0,42800000000.0,23.0
2025-04-12,112000000000.0,42800000000.0,23.0
2025-04-13,112000000000.0,42800000000.0,23.0
2025-04-14,112000000000.0,42800000000.0,23.0
2025-04-15,112000000000.0,42800000000.0,23.0
2025-04-16,112000000000.0,42800000000.0,23.0
2025-04-17,112000000000.0,42800000000.0,23.0
2025-04-18,112000000000.0,42800000000.0,23.0
2025-04-19,112000000000.0,42800000000.0,23.0
2025-04-20,112000000000.0,42800000000.0,23.0
2025-04-21,112000000000.0,42800000000.0,23.0
2025-04-22,112000000000.0,42800000000.0,23.0
2025-04-23,112000000000.0,42800000000.0,23.0
2025-04-24,112000000000.0,42800000000.0,23.0
2025-04-25,112000000000.0,42800000000.0,23.0
2025-04-26,112000000000.0,42800000000.0,23.0
2025-04-27,112000000000.0,42800000000.0,23.0
2025-04-28,112000000000.0,42800000000.0,23.0
2025-04-29,112000000000.0,42800000000.0,23.0
2025-04-30,112000000000.0,42800000000.0,23.0
2025-05-01,112000000000.0,42800000000.0,23.0
2025-05-02,112000000000.0,42800000000.0,23.0
2025-05-03,112000000000.0,42800000000.0,23.0
2025-05-04,112000000000.0,42800000000.0,23.0
2025-05-05,112000000000.0,42800000000.0,23.0
2025-05-06,112000000000.0,42800000000.0,23.0
2025-05-07,112000000000.0,42800000000.0,23.0
2025-05-08,112000000000.0,42800000000.0,23.0
2025-05-09,112000000000.0,42800000000.0,23.0
2025-05-10,112000000000.0,42800000000.0,23.0
2025-05-11,112000000000.0,42800000000.0,23.0
2025-05-12,112000000000.0,42800000000.0,23.0
2025-05-13,112000000000.0,42800000000.0,23.0
2025-05-14,112000000000.0,42800000000.0,23.0
2025-05-15,112000000000.0,42800000000.0,23.0
2025-05-16,112000000000.0,42800000000.0,23.0
2025-05-17,112000000000.0,42800000000.0,23.0
2025-05-18,112000000000.0,42800000000.0,23.0
2025-05-19,112000000000.0,42800000000.0,23.0
2025-05-20,112000000000.0,42800000000.0,23.0
2025-05-21,112000000000.0,42800000000.0,23.0
2025-05-22,112000000000.0,42800000000.0,23.0
2025-05-23,112000000000.0,42800000000.0,23.0
2025-05-24,112000000000.0,42800000000.0,23.0
2025-05-25,112000000000.0,42800000000.0,23.0
2025-05-26,112000000000.0,42800000000.0,23.0
2025-05-27,112000000000.0,42800000000.0,23.0
2025-05-28,112000000000.0,42800000000.0,23.0
2025-05-29,112000000000.0,42800000000.0,23.0
2025-05-30,112000000000.0,42800000000.0,23.0
2025-05-31,112000000000.0,42800000000.0,23.0
2025-06-01,112000000000.0,42800000000.0,23.0
2025-06-02,112000000000.0,42800000000.0,23.0
2025-06-03,112000000000.0,42800000000.0,23.0
2025-06-04,112000000000.0,42800000000.0,23.0
2025-06-05,112000000000.0,42800000000.0,23.0
2025-06-06,112000000000.0,42800000000.0,23.0
2025-06-07,112000000000.0,42800000000.0,23.0
2025-06-08,112000000000.0,42800000000.0,23.0
2025-06-09,112000000000.0,42800000000.0,23.0
2025-06-10,112000000000.0,42800000000.0,23.0
2025-06-11,112000000000.0,42800000000.0,23.0
2025-06-12,112000000000.0,42800000000.0,23.0
2025-06-13,112000000000.0,42800000000.0,23.0
2025-06-14,112000000000.0,42800000000.0,23.0
2025-06-15,112000000000.0,42800000000.0,23.0
2025-06-16,112000000000.0,42800000000.0,23.0
2025-06-17,112000000000.0,42800000000.0,23.0
2025-06-18,112000000000.0,42800000000.0,23.0
2025-06-19,112000000000.0,42800000000.0,23.0
2025-06-20,112000000000.0,42800000000.0,23.0
2025-06-21,112000000000.0,42800000000.0,23.0
2025-06-22,112000000000.0,42800000000.0,23.0
2025-06-23,112000000000.0,42800000000.0,23.0
2025-06-24,112000000000.0,42800000000.0,23.0
2025-06-25,112000000000.0,42800000000.0,23.0
2025-06-26,112000000000.0,42800000000.0,23.0
2025-06-27,112000000000.0,42800000000.0,23.0
2025-06-28,112000000000.0,42800000000.0,23.0
2025-06-29,112000000000.0,42800000000.0,23.0
2025-06-30,112000000000.0,42800000000.0,23.0
2025-07-01,112000000000.0,42800000000.0,23.0
2025-07-02,112000000000.0,42800000000.0,23.0
2025-07-03,112000000000.0,42800000000.0,23.0
2025-07-04,112000000000.0,42800000000.0,23.0
2025-07-05,112000000000.0,42800000000.0,23.0
2025-07-06,112000000000.0,42800000000.0,23.0
2025-07-07,112000000000.0,42800000000.0,23.0
2025-07-08,112000000000.0,42800000000.0,23.0
2025-07-09,112000000000.0,42800000000.0,23.0
2025-07-10,112000000000.0,42800000000.0,23.0
2025-07-11,112000000000.0,42800000000.0,23.0
2025-07-12,112000000000.0,42800000000.0,23.0
2025-07-13,112000000000.0,42800000000.0,23.0
2025-07-14,112000000000.0,42800000000.0,23.0
2025-07-15,112000000000.0,42800000000.0,23.0
2025-07-16,112000000000.0,42800000000.0,23.0
2025-07-17,112000000000.0,42800000000.0,23.0
2025-07-18,112000000000.0,42800000000.0,23.0
2025-07-19,112000000000.0,42800000000.0,23.0
2025-07-20,112000000000.0,42800000000.0,23.0
2025-07-21,112000000000.0,42800000000.0,23.0
2025-07-22,112000000000.0,42800000000.0,23.0
2025-07-23,112000000000.0,42800000000.0,23.0
2025-07-24,112000000000.0,42800000000.0,23.0
2025-07-25,112000000000.0,42800000000.0,23.0
2025-07-26,112000000000.0,42800000000.0,23.0
2025-07-27,112000000000.0,42800000000.0,23.0
2025-07-28,112000000000.0,42800000000.0,23.0
2025-07-29,112000000000.0,42800000000.0,23.0
2025-07-30,112000000000.0,42800000000.0,23.0
2025-07-31,112000000000.0,42800000000.0,23.0
2025-08-01,112000000000.0,42800000000.0,23.0
2025-08-02,112000000000.0,42800000000.0,23.0
2025-08-03,112000000000.0,42800000000.0,23.0
2025-08-04,112000000000.0,42800000000.0,23.0
2025-08-05,112000000000.0,42800000000.0,23.0
2025-08-06,112000000000.0,42800000000.0,23.0
2025-08-07,112000000000.0,42800000000.0,23.0
2025-08-08,112000000000.0,42800000000.0,23.0
2025-08-09,112000000000.0,42800000000.0,23.0
2025-08-10,112000000000.0,42800000000.0,23.0
2025-08-11,112000000000.0,42800000000.0,23.0
2025-08-12,112000000000.0,42800000000.0,23.0
2025-08-13,112000000000.0,42800000000.0,23.0
2025-08-14,112000000000.0,42800000000.0,23.0
2025-08-15,112000000000.0,42800000000.0,23.0
2025-08-16,112000000000.0,42800000000.0,23.0
2025-08-17,112000000000.0,42800000000.0,23.0
2025-08-18,112000000000.0,42800000000.0,23.0
2025-08-19,112000000000.0,42800000000.0,23.0
2025-08-20,112000000000.0,42800000000.0,23.0
2025-08-21,112000000000.0,42800000000.0,23.0
2025-08-22,112000000000.0,42800000000.0,23.0
2025-08-23,112000000000.0,42800000000.0,23.0
2025-08-24,112000000000.0,42800000000.0,23.0
2025-08-25,112000000000.0,42800000000.0,23.0
2025-08-26,112000000000.0,42800000000.0,23.0
2025-08-27,112000000000.0,42800000000.0,23.0
2025-08-28,112000000000.0,42800000000.0,23.0
2025-08-29,112000000000.0,42800000000.0,23.0
2025-08-30,112000000000.0,42800000000.0,23.0
2025-08-31,112000000000.0,42800000000.0,23.0
2025-09-01,112000000000.0,42800000000.0,23.0
2025-09-02,112000000000.0,42800000000.0,23.0
2025-09-03,112000000000.0,42800000000.0,23.0
2025-09-04,112000000000.0,42800000000.0,23.0
2025-09-05,112000000000.0,42800000000.0,23.0
2025-09-06,112000000000.0,42800000000.0,23.0
2025-09-07,112000000000.0,42800000000.0,23.0
2025-09-08,112000000000.0,42800000000.0,23.0
2025-09-09,112000000000.0,42800000000.0,23.0
2025-09-10,112000000000.0,42800000000.0,23.0
2025-09-11,112000000000.0,42800000000.0,23.0
2025-09-12,112000000000.0,42800000000.0,23.0
2025-09-13,112000000000.0,42800000000.0,23.0
2025-09-14,112000000000.0,42800000000.0,23.0
2025-09-15,112000000000.0,42800000000.0,23.0
2025-09-16,112000000000.0,42800000000.0,23.0
2025-09-17,112000000000.0,42800000000.0,23.0
2025-09-18,112000000000.0,42800000000.0,23.0
2025-09-19,112000000000.0,42800000000.0,23.0
2025-09-20,112000000000.0,42800000000.0,23.0
2025-09-21,112000000000.0,42800000000.0,23.0
2025-09-22,112000000000.0,42800000000.0,23.0
2025-09-23,112000000000.0,42800000000.0,23.0
2025-09-24,112000000000.0,42800000000.0,23.0
2025-09-25,112000000000.0,42800000000.0,23.0
2025-09-26,112000000000.0,42800000000.0,23.0
2025-09-27,112000000000.0,42800000000.0,23.0
2025-09-28,112000000000.0,42800000000.0,23.0
2025-09-29,112000000000.0,42800000000.0,23.0
2025-09-30,112000000000.0,42800000000.0,23.0
2025-10-01,112000000000.0,42800000000.0,23.0
2025-10-02,112000000000.0,42800000000.0,23.0
2025-10-03,112000000000.0,42800000000.0,23.0
2025-10-04,112000000000.0,42800000000.0,23.0
2025-10-05,112000000000.0,42800000000.0,23.0
2025-10-06,112000000000.0,42800000000.0,23.0
2025-10-07,112000000000.0,42800000000.0,23.0
2025-10-08,112000000000.0,42800000000.0,23.0
2025-10-09,112000000000.0,42800000000.0,23.0
2025-10-10,112000000000.0,42800000000.0,23.0
2025-10-11,112000000000.0,42800000000.0,23.0
2025-10-12,112000000000.0,42800000000.0,23.0
2025-10-13,112000000000.0,42800000000.0,23.0
2025-10-14,112000000000.0,42800000000.0,23.0
2025-10-15,112000000000.0,42800000000.0,23.0
2025-10-16,112000000000.0,42800000000.0,23.0
2025-10-17,112000000000.0,42800000000.0,23.0
2025-10-18,112000000000.0,42800000000.0,23.0
2025-10-19,112000000000.0,42800000000.0,23.0
2025-10-20,112000000000.0,42800000000.0,23.0
2025-10-21,112000000000.0,42800000000.0,23.0
2025-10-22,112000000000.0,42800000000.0,23.0
2025-10-23,112000000000.0,42800000000.0,23.0
2025-10-24,112000000000.0,42800000000.0,23.0
2025-10-25,112000000000.0,42800000000.0,23.0
2025-10-26,112000000000.0,42800000000.0,23.0
2025-10-27,112000000000.0,42800000000.0,23.0
2025-10-28,112000000000.0,42800000000.0,23.0
2025-10-29,112000000000.0,42800000000.0,23.0
2025-10-30,112000000000.0,42800000000.0,23.0
2025-10-31,112000000000.0,42800000000.0,23.0
2025-11-01,112000000000.0,42800000000.0,23.0
2025-11-02,112000000000.0,42800000000.0,23.0
2025-11-03,112000000000.0,42800000000.0,23.0
2025-11-04,112000000000.0,42800000000.0,23.0
2025-11-05,112000000000.0,42800000000.0,23.0
2025-11-06,112000000000.0,42800000000.0,23.0
2025-11-07,112000000000.0,42800000000.0,23.0
2025-11-08,112000000000.0,42800000000.0,23.0
2025-11-09,112000000000.0,42800000000.0,23.0
2025-11-10,112000000000.0,42800000000.0,23.0
2025-11-11,112000000000.0,42800000000.0,23.0
2025-11-12,112000000000.0,42800000000.0,23.0
2025-11-13,112000000000.0,42800000000.0,23.0
2025-11-14,112000000000.0,42800000000.0,23.0
2025-11-15,112000000000.0,42800000000.0,23.0
2025-11-16,112000000000.0,42800000000.0,23.0
2025-11-17,112000000000.0,42800000000.0,23.0
2025-11-18,112000000000.0,42800000000.0,23.0
2025-11-19,112000000000.0,42800000000.0,23.0
2025-11-20,112000000000.0,42800000000.0,23.0
2025-11-21,112000000000.0,42800000000.0,23.0
2025-11-22,112000000000.0,42800000000.0,23.0
2025-11-23,112000000000.0,42800000000.0,23.0
2025-11-24,112000000000.0,42800000000.0,23.0
2025-11-25,112000000000.0,42800000000.0,23.0
2025-11-26,112000000000.0,42800000000.0,23.0
2025-11-27,112000000000.0,42800000000.0,23.0
2025-11-28,112000000000.0,42800000000.0,23.0
2025-11-29,112000000000.0,42800000000.0,23.0
2025-11-30,112000000000.0,42800000000.0,23.0
2025-12-01,112000000000.0,42800000000.0,23.0
2025-12-02,112000000000.0,42800000000.0,23.0
2025-12-03,112000000000.0,42800000000.0,23.0
2025-12-04,112000000000.0,42800000000.0,23.0
2025-12-05,112000000000.0,42800000000.0,23.0
2025-12-06,112000000000.0,42800000000.0,23.0
2025-12-07,112000000000.0,42800000000.0,23.0
2025-12-08,112000000000.0,42800000000.0,23.0
2025-12-09,112000000000.0,42800000000.0,23.0
2025-12-10,112000000000.0,42800000000.0,23.0
2025-12-11,112000000000.0,42800000000.0,23.0
2025-12-12,112000000000.0,42800000000.0,23.0
2025-12-13,112000000000.0,42800000000.0,23.0
2025-12-14,112000000000.0,42800000000.0,23.0
2025-12-15,112000000000.0,42800000000.0,23.0
2025-12-16,112000000000.0,42800000000.0,23.0
2025-12-17,112000000000.0,42800000000.0,23.0
2025-12-18,112000000000.0,42800000000.0,23.0
2025-12-19,112000000000.0,42800000000.0,23.0
2025-12-20,112000000000.0,42800000000.0,23.0
2025-12-21,112000000000.0,42800000000.0,23.0
2025-12-22,112000000000.0,42800000000.0,23.0
2025-12-23,112000000000.0,42800000000.0,23.0
2025-12-24,112000000000.0,42800000000.0,23.0
2025-12-25,112000000000.0,42800000000.0,23.0
2025-12-26,112000000000.0,42800000000.0,23.0
2025-12-27,112000000000.0,42800000000.0,23.0
2025-12-28,112000000000.0,42800000000.0,23.0
2025-12-29,112000000000.0,42800000000.0,23.0
2025-12-30,112000000000.0,42800000000.0,23.0
2025-12-31,112000000000.0,42800000000.0,23.0
2026-01-01,115500000000.0,44500000000.0,14.9
